InvoiceNo,StockCode,Description,Quantity,InvoiceDate,UnitPrice,CustomerID,LineItemTotal
536001,22749,POPPY'S PLAYHOUSE LIVINGROOM,1.0,2023-08-15 22:05:43,2.09,12503,2.09
536001,20727,LUNCH BAG BLACK SKULL.,2.0,2023-08-15 22:05:43,1.63,12503,3.26
536001,71053,WHITE METAL LANTERN,3.0,2023-08-15 22:05:43,3.45,12503,10.35
536003,22384,LUNCH BAG PINK POLKADOT,1.0,2023-06-30 09:09:44,1.73,12500,1.73
536003,22383,LUNCH BAG SUKI DESIGN,1.0,2023-06-30 09:09:44,1.65,12500,1.65
536003,22633,HAND WARMER UNION JACK,3.0,2023-06-30 09:09:44,1.8,12500,5.4
536003,21931,JUMBO STORAGE BAG SUKI,2.0,2023-06-30 09:09:44,2.03,12500,4.06
536004,22386,JUMBO BAG PINK POLKADOT,6.0,2023-10-02 07:18:08,1.97,12821,11.82
536004,20725,LUNCH BAG RED RETROSPOT,2.0,2023-10-02 07:18:08,1.59,12821,3.18
536004,22382,LUNCH BAG SPACEBOY DESIGN,1.0,2023-10-02 07:18:08,1.59,12821,1.59
536004,47566,PARTY BUNTING,4.0,2023-10-02 07:18:08,4.49,12821,17.96
536004,22632,HAND WARMER RED POLKA DOT,2.0,2023-10-02 07:18:08,1.82,12821,3.64
536004,84969,BOX OF 6 ASSORTED COLOUR TEASPOONS,3.0,2023-10-02 07:18:08,4.23,12821,12.69
536006,22086,PAPER CHAIN KIT 50'S CHRISTMAS,2.0,2023-10-09 13:32:06,2.44,13081,4.88
536008,22749,POPPY'S PLAYHOUSE LIVINGROOM,1.0,2023-08-25 05:37:54,2.01,12835,2.01
536008,22086,PAPER CHAIN KIT 50'S CHRISTMAS,1.0,2023-08-25 05:37:54,2.57,12835,2.57
536008,85123A,WHITE HANGING HEART T-LIGHT HOLDER,6.0,2023-08-25 05:37:54,2.59,12835,15.54
536008,20725,LUNCH BAG RED RETROSPOT,6.0,2023-08-25 05:37:54,1.71,12835,10.26
536009,84969,BOX OF 6 ASSORTED COLOUR TEASPOONS,1.0,2023-09-05 11:37:11,4.34,12877,4.34
536011,22386,JUMBO BAG PINK POLKADOT,2.0,2023-09-16 20:48:41,1.99,13111,3.98
536011,22633,HAND WARMER UNION JACK,4.0,2023-09-16 20:48:41,1.93,13111,7.72
536011,22745,POPPY'S PLAYHOUSE BEDROOM,3.0,2023-09-16 20:48:41,2.02,13111,6.06
536011,20725,LUNCH BAG RED RETROSPOT,1.0,2023-09-16 20:48:41,1.6,13111,1.6
536012,84029E,RED WOOLLY HOTTIE WHITE HEART.,3.0,2023-09-25 21:16:34,3.42,12882,10.26
536012,85123A,WHITE HANGING HEART T-LIGHT HOLDER,2.0,2023-09-25 21:16:34,2.46,12882,4.92
536013,21931,JUMBO STORAGE BAG SUKI,3.0,2023-08-25 05:57:10,2.0,12877,6.0
536013,85099F,JUMBO BAG STRAWBERRY,2.0,2023-08-25 05:57:10,1.97,12877,3.94
536013,71053,WHITE METAL LANTERN,2.0,2023-08-25 05:57:10,3.42,12877,6.84
536013,22086,PAPER CHAIN KIT 50'S CHRISTMAS,3.0,2023-08-25 05:57:10,2.49,12877,7.47
536013,20727,LUNCH BAG BLACK SKULL.,2.0,2023-08-25 05:57:10,1.71,12877,3.42
536014,22632,HAND WARMER RED POLKA DOT,1.0,2023-01-16 07:09:14,1.89,12736,1.89
536014,22086,PAPER CHAIN KIT 50'S CHRISTMAS,1.0,2023-01-16 07:09:14,2.61,12736,2.61
536014,22745,POPPY'S PLAYHOUSE BEDROOM,2.0,2023-01-16 07:09:14,2.16,12736,4.32
536014,84879,ASSORTED COLOUR BIRD ORNAMENT,6.0,2023-01-16 07:09:14,1.62,12736,9.72
536014,20728,LUNCH BAG CARS BLUE,1.0,2023-01-16 07:09:14,1.72,12736,1.72
536016,21931,JUMBO STORAGE BAG SUKI,3.0,2023-09-12 10:37:55,1.94,12878,5.82
536016,20728,LUNCH BAG CARS BLUE,6.0,2023-09-12 10:37:55,1.65,12878,9.9
536016,85099B,JUMBO BAG RED RETROSPOT,2.0,2023-09-12 10:37:55,2.0,12878,4.0
536017,84029E,RED WOOLLY HOTTIE WHITE HEART.,1.0,2023-09-02 16:40:13,3.31,12877,3.31
536017,47566,PARTY BUNTING,2.0,2023-09-02 16:40:13,4.67,12877,9.34
536017,22745,POPPY'S PLAYHOUSE BEDROOM,3.0,2023-09-02 16:40:13,2.12,12877,6.36
536017,21730,GLASS STAR FROSTED T-LIGHT HOLDER,6.0,2023-09-02 16:40:13,4.13,12877,24.78
536017,22748,POPPY'S PLAYHOUSE KITCHEN,2.0,2023-09-02 16:40:13,2.18,12877,4.36
536018,22310,IVORY KNITTED MUG COSY,2.0,2023-04-18 03:13:34,1.64,12594,3.28
536018,85099F,JUMBO BAG STRAWBERRY,3.0,2023-04-18 03:13:34,1.92,12594,5.76
536019,84969,BOX OF 6 ASSORTED COLOUR TEASPOONS,2.0,2023-10-06 10:59:12,4.28,12877,8.56
536019,22745,POPPY'S PLAYHOUSE BEDROOM,1.0,2023-10-06 10:59:12,2.04,12877,2.04
536019,85099B,JUMBO BAG RED RETROSPOT,1.0,2023-10-06 10:59:12,2.0,12877,2.0
536019,20725,LUNCH BAG RED RETROSPOT,3.0,2023-10-06 10:59:12,1.72,12877,5.16
536020,85099F,JUMBO BAG STRAWBERRY,4.0,2023-06-19 13:11:46,1.96,12757,7.84
536020,84879,ASSORTED COLOUR BIRD ORNAMENT,2.0,2023-06-19 13:11:46,1.7,12757,3.4
536021,20728,LUNCH BAG CARS BLUE,1.0,2023-10-10 00:29:01,1.7,12877,1.7
536021,22748,POPPY'S PLAYHOUSE KITCHEN,2.0,2023-10-10 00:29:01,2.18,12877,4.36
536021,22383,LUNCH BAG SUKI DESIGN,2.0,2023-10-10 00:29:01,1.66,12877,3.32
536021,22633,HAND WARMER UNION JACK,1.0,2023-10-10 00:29:01,1.9,12877,1.9
536022,22411,JUMBO SHOPPER VINTAGE RED PAISLEY,2.0,2023-06-04 22:46:52,1.97,12651,3.94
536022,22086,PAPER CHAIN KIT 50'S CHRISTMAS,1.0,2023-06-04 22:46:52,2.5,12651,2.5
536022,22748,POPPY'S PLAYHOUSE KITCHEN,3.0,2023-06-04 22:46:52,2.01,12651,6.03
536022,71053,WHITE METAL LANTERN,2.0,2023-06-04 22:46:52,3.44,12651,6.88
536023,84029G,KNITTED UNION FLAG HOT WATER BOTTLE,6.0,2023-06-04 08:17:13,3.56,12610,21.36
536023,21931,JUMBO STORAGE BAG SUKI,1.0,2023-06-04 08:17:13,2.0,12610,2.0
536023,22745,POPPY'S PLAYHOUSE BEDROOM,4.0,2023-06-04 08:17:13,2.0,12610,8.0
536023,22310,IVORY KNITTED MUG COSY,2.0,2023-06-04 08:17:13,1.73,12610,3.46
536024,21931,JUMBO STORAGE BAG SUKI,3.0,2023-07-02 10:53:42,1.9,12854,5.7
536025,20726,LUNCH BAG WOODLAND,4.0,2023-07-01 20:15:55,1.66,12565,6.64
536026,20726,LUNCH BAG WOODLAND,4.0,2023-06-15 12:01:19,1.65,12831,6.6
536027,85123A,WHITE HANGING HEART T-LIGHT HOLDER,2.0,2023-06-26 16:53:26,2.44,12485,4.88
536027,22748,POPPY'S PLAYHOUSE KITCHEN,4.0,2023-06-26 16:53:26,2.16,12485,8.64
536027,22086,PAPER CHAIN KIT 50'S CHRISTMAS,2.0,2023-06-26 16:53:26,2.51,12485,5.02
536027,84969,BOX OF 6 ASSORTED COLOUR TEASPOONS,1.0,2023-06-26 16:53:26,4.29,12485,4.29
536027,71053,WHITE METAL LANTERN,3.0,2023-06-26 16:53:26,3.26,12485,9.78
536028,84969,BOX OF 6 ASSORTED COLOUR TEASPOONS,6.0,2023-05-15 04:26:03,4.04,12972,24.24
536028,22086,PAPER CHAIN KIT 50'S CHRISTMAS,1.0,2023-05-15 04:26:03,2.52,12972,2.52
536030,84029G,KNITTED UNION FLAG HOT WATER BOTTLE,4.0,2023-08-26 04:01:49,3.34,12543,13.36
536031,22086,PAPER CHAIN KIT 50'S CHRISTMAS,1.0,2023-09-03 15:26:14,2.45,12906,2.45
536031,22749,POPPY'S PLAYHOUSE LIVINGROOM,4.0,2023-09-03 15:26:14,2.06,12906,8.24
536031,84029E,RED WOOLLY HOTTIE WHITE HEART.,1.0,2023-09-03 15:26:14,3.4,12906,3.4
536031,47566,PARTY BUNTING,2.0,2023-09-03 15:26:14,4.7,12906,9.4
536032,22633,HAND WARMER UNION JACK,3.0,2023-02-28 19:29:34,1.77,13034,5.31
536032,20728,LUNCH BAG CARS BLUE,1.0,2023-02-28 19:29:34,1.7,13034,1.7
536032,84879,ASSORTED COLOUR BIRD ORNAMENT,3.0,2023-02-28 19:29:34,1.69,13034,5.07
536033,84879,ASSORTED COLOUR BIRD ORNAMENT,1.0,2023-06-22 06:59:50,1.75,12704,1.75
536033,22384,LUNCH BAG PINK POLKADOT,2.0,2023-06-22 06:59:50,1.69,12704,3.38
536033,20727,LUNCH BAG BLACK SKULL.,4.0,2023-06-22 06:59:50,1.61,12704,6.44
536033,21730,GLASS STAR FROSTED T-LIGHT HOLDER,1.0,2023-06-22 06:59:50,4.31,12704,4.31
536034,20726,LUNCH BAG WOODLAND,2.0,2023-11-30 17:41:01,1.7,12346,3.4
536034,71053,WHITE METAL LANTERN,1.0,2023-11-30 17:41:01,3.42,12346,3.42
536034,22382,LUNCH BAG SPACEBOY DESIGN,6.0,2023-11-30 17:41:01,1.62,12346,9.72
536034,84029E,RED WOOLLY HOTTIE WHITE HEART.,1.0,2023-11-30 17:41:01,3.31,12346,3.31
536034,22384,LUNCH BAG PINK POLKADOT,2.0,2023-11-30 17:41:01,1.61,12346,3.22
536035,85123A,WHITE HANGING HEART T-LIGHT HOLDER,3.0,2023-06-12 00:36:03,2.58,12821,7.74
536038,85099F,JUMBO BAG STRAWBERRY,6.0,2023-04-27 14:06:37,1.94,12824,11.64
536038,84879,ASSORTED COLOUR BIRD ORNAMENT,2.0,2023-04-27 14:06:37,1.71,12824,3.42
536038,20728,LUNCH BAG CARS BLUE,3.0,2023-04-27 14:06:37,1.6,12824,4.8
536039,22384,LUNCH BAG PINK POLKADOT,6.0,2023-09-05 22:30:47,1.63,12500,9.78
536039,22749,POPPY'S PLAYHOUSE LIVINGROOM,1.0,2023-09-05 22:30:47,2.02,12500,2.02
536039,47566,PARTY BUNTING,2.0,2023-09-05 22:30:47,4.64,12500,9.28
536040,22086,PAPER CHAIN KIT 50'S CHRISTMAS,1.0,2023-07-19 07:42:19,2.54,12502,2.54
536040,22632,HAND WARMER RED POLKA DOT,1.0,2023-07-19 07:42:19,1.89,12502,1.89
536040,22384,LUNCH BAG PINK POLKADOT,2.0,2023-07-19 07:42:19,1.69,12502,3.38
536040,84029E,RED WOOLLY HOTTIE WHITE HEART.,1.0,2023-07-19 07:42:19,3.38,12502,3.38
536043,20726,LUNCH BAG WOODLAND,4.0,2023-05-11 18:57:47,1.66,12799,6.64
536043,22086,PAPER CHAIN KIT 50'S CHRISTMAS,2.0,2023-05-11 18:57:47,2.66,12799,5.32
536043,84406B,CREAM CUPID HEARTS COAT HANGER,2.0,2023-05-11 18:57:47,2.8,12799,5.6
536043,84879,ASSORTED COLOUR BIRD ORNAMENT,1.0,2023-05-11 18:57:47,1.76,12799,1.76
536043,21730,GLASS STAR FROSTED T-LIGHT HOLDER,3.0,2023-05-11 18:57:47,4.15,12799,12.45
536044,22745,POPPY'S PLAYHOUSE BEDROOM,3.0,2023-08-29 11:47:50,2.16,12543,6.48
536044,47566,PARTY BUNTING,1.0,2023-08-29 11:47:50,4.85,12543,4.85
536044,85123A,WHITE HANGING HEART T-LIGHT HOLDER,3.0,2023-08-29 11:47:50,2.44,12543,7.32
536046,22748,POPPY'S PLAYHOUSE KITCHEN,1.0,2023-06-19 19:09:41,2.12,12791,2.12
536046,22382,LUNCH BAG SPACEBOY DESIGN,1.0,2023-06-19 19:09:41,1.67,12791,1.67
536046,84879,ASSORTED COLOUR BIRD ORNAMENT,2.0,2023-06-19 19:09:41,1.64,12791,3.28
536046,71053,WHITE METAL LANTERN,3.0,2023-06-19 19:09:41,3.51,12791,10.53
536047,22749,POPPY'S PLAYHOUSE LIVINGROOM,1.0,2023-04-10 07:44:57,2.09,12619,2.09
536048,84879,ASSORTED COLOUR BIRD ORNAMENT,1.0,2023-09-22 07:50:34,1.74,12398,1.74
536048,22310,IVORY KNITTED MUG COSY,4.0,2023-09-22 07:50:34,1.67,12398,6.68
536048,85099F,JUMBO BAG STRAWBERRY,4.0,2023-09-22 07:50:34,1.96,12398,7.84
536049,22633,HAND WARMER UNION JACK,2.0,2023-09-10 08:21:34,1.91,12396,3.82
536049,22310,IVORY KNITTED MUG COSY,6.0,2023-09-10 08:21:34,1.57,12396,9.42
536049,22411,JUMBO SHOPPER VINTAGE RED PAISLEY,4.0,2023-09-10 08:21:34,2.04,12396,8.16
536050,22745,POPPY'S PLAYHOUSE BEDROOM,2.0,2023-02-10 17:09:26,2.17,12877,4.34
536050,20728,LUNCH BAG CARS BLUE,3.0,2023-02-10 17:09:26,1.63,12877,4.89
536050,22086,PAPER CHAIN KIT 50'S CHRISTMAS,2.0,2023-02-10 17:09:26,2.43,12877,4.86
536051,22383,LUNCH BAG SUKI DESIGN,1.0,2023-04-05 00:59:51,1.64,12877,1.64
536051,85123A,WHITE HANGING HEART T-LIGHT HOLDER,1.0,2023-04-05 00:59:51,2.55,12877,2.55
536051,22086,PAPER CHAIN KIT 50'S CHRISTMAS,3.0,2023-04-05 00:59:51,2.51,12877,7.53
536051,20728,LUNCH BAG CARS BLUE,3.0,2023-04-05 00:59:51,1.66,12877,4.98
536051,22411,JUMBO SHOPPER VINTAGE RED PAISLEY,3.0,2023-04-05 00:59:51,2.04,12877,6.12
536052,21730,GLASS STAR FROSTED T-LIGHT HOLDER,1.0,2023-07-26 03:03:43,4.38,12516,4.38
536053,22632,HAND WARMER RED POLKA DOT,2.0,2023-06-05 03:03:59,1.82,13109,3.64
536053,84969,BOX OF 6 ASSORTED COLOUR TEASPOONS,2.0,2023-06-05 03:03:59,4.18,13109,8.36
536053,22384,LUNCH BAG PINK POLKADOT,2.0,2023-06-05 03:03:59,1.67,13109,3.34
536053,85123A,WHITE HANGING HEART T-LIGHT HOLDER,3.0,2023-06-05 03:03:59,2.53,13109,7.59
536053,22386,JUMBO BAG PINK POLKADOT,1.0,2023-06-05 03:03:59,1.91,13109,1.91
536054,85099B,JUMBO BAG RED RETROSPOT,2.0,2023-08-11 06:25:48,1.96,13128,3.92
536054,20726,LUNCH BAG WOODLAND,3.0,2023-08-11 06:25:48,1.66,13128,4.98
536054,85123A,WHITE HANGING HEART T-LIGHT HOLDER,3.0,2023-08-11 06:25:48,2.56,13128,7.68
536054,84969,BOX OF 6 ASSORTED COLOUR TEASPOONS,1.0,2023-08-11 06:25:48,4.09,13128,4.09
536054,84029G,KNITTED UNION FLAG HOT WATER BOTTLE,3.0,2023-08-11 06:25:48,3.54,13128,10.62
536056,20726,LUNCH BAG WOODLAND,2.0,2023-07-18 04:27:38,1.59,12586,3.18
536056,71053,WHITE METAL LANTERN,2.0,2023-07-18 04:27:38,3.49,12586,6.98
536057,22382,LUNCH BAG SPACEBOY DESIGN,1.0,2023-01-29 16:32:34,1.58,12572,1.58
536058,84969,BOX OF 6 ASSORTED COLOUR TEASPOONS,1.0,2023-10-21 23:23:36,4.04,12955,4.04
536058,22310,IVORY KNITTED MUG COSY,3.0,2023-10-21 23:23:36,1.59,12955,4.77
536061,85123A,WHITE HANGING HEART T-LIGHT HOLDER,3.0,2023-11-27 16:56:38,2.6,12357,7.8
536061,22310,IVORY KNITTED MUG COSY,1.0,2023-11-27 16:56:38,1.65,12357,1.65
536061,20725,LUNCH BAG RED RETROSPOT,4.0,2023-11-27 16:56:38,1.66,12357,6.64
536061,84029E,RED WOOLLY HOTTIE WHITE HEART.,4.0,2023-11-27 16:56:38,3.49,12357,13.96
536061,22386,JUMBO BAG PINK POLKADOT,4.0,2023-11-27 16:56:38,1.88,12357,7.52
536061,21730,GLASS STAR FROSTED T-LIGHT HOLDER,3.0,2023-11-27 16:56:38,4.11,12357,12.33
536062,21730,GLASS STAR FROSTED T-LIGHT HOLDER,3.0,2023-08-18 05:02:34,4.15,13026,12.45
536062,85099F,JUMBO BAG STRAWBERRY,3.0,2023-08-18 05:02:34,1.97,13026,5.91
536064,21730,GLASS STAR FROSTED T-LIGHT HOLDER,1.0,2023-06-23 07:28:15,4.43,12393,4.43
536064,85123A,WHITE HANGING HEART T-LIGHT HOLDER,1.0,2023-06-23 07:28:15,2.48,12393,2.48
536065,22310,IVORY KNITTED MUG COSY,3.0,2023-10-03 21:22:35,1.67,12877,5.01
536065,22411,JUMBO SHOPPER VINTAGE RED PAISLEY,6.0,2023-10-03 21:22:35,2.02,12877,12.12
536065,22086,PAPER CHAIN KIT 50'S CHRISTMAS,1.0,2023-10-03 21:22:35,2.45,12877,2.45
536066,22382,LUNCH BAG SPACEBOY DESIGN,2.0,2023-07-01 03:15:30,1.72,12877,3.44
536066,71053,WHITE METAL LANTERN,2.0,2023-07-01 03:15:30,3.55,12877,7.1
536066,22748,POPPY'S PLAYHOUSE KITCHEN,1.0,2023-07-01 03:15:30,2.03,12877,2.03
536066,85123A,WHITE HANGING HEART T-LIGHT HOLDER,3.0,2023-07-01 03:15:30,2.43,12877,7.29
536067,20728,LUNCH BAG CARS BLUE,3.0,2023-05-14 20:55:53,1.57,12736,4.71
536067,84029G,KNITTED UNION FLAG HOT WATER BOTTLE,2.0,2023-05-14 20:55:53,3.54,12736,7.08
536067,22749,POPPY'S PLAYHOUSE LIVINGROOM,2.0,2023-05-14 20:55:53,2.13,12736,4.26
536067,20727,LUNCH BAG BLACK SKULL.,3.0,2023-05-14 20:55:53,1.59,12736,4.77
536067,21931,JUMBO STORAGE BAG SUKI,1.0,2023-05-14 20:55:53,1.93,12736,1.93
536067,20726,LUNCH BAG WOODLAND,6.0,2023-05-14 20:55:53,1.7,12736,10.2
536068,21730,GLASS STAR FROSTED T-LIGHT HOLDER,1.0,2023-09-20 03:32:58,4.04,12877,4.04
536068,84969,BOX OF 6 ASSORTED COLOUR TEASPOONS,4.0,2023-09-20 03:32:58,4.36,12877,17.44
536068,22386,JUMBO BAG PINK POLKADOT,2.0,2023-09-20 03:32:58,1.87,12877,3.74
536068,22745,POPPY'S PLAYHOUSE BEDROOM,6.0,2023-09-20 03:32:58,2.06,12877,12.36
536069,22745,POPPY'S PLAYHOUSE BEDROOM,1.0,2023-10-29 18:06:23,2.07,12878,2.07
536069,22749,POPPY'S PLAYHOUSE LIVINGROOM,2.0,2023-10-29 18:06:23,2.02,12878,4.04
536069,22384,LUNCH BAG PINK POLKADOT,1.0,2023-10-29 18:06:23,1.66,12878,1.66
536069,84029E,RED WOOLLY HOTTIE WHITE HEART.,2.0,2023-10-29 18:06:23,3.23,12878,6.46
536069,47566,PARTY BUNTING,2.0,2023-10-29 18:06:23,4.53,12878,9.06
536070,20726,LUNCH BAG WOODLAND,1.0,2023-09-14 07:14:21,1.59,12380,1.59
536070,22633,HAND WARMER UNION JACK,1.0,2023-09-14 07:14:21,1.84,12380,1.84
536071,22749,POPPY'S PLAYHOUSE LIVINGROOM,3.0,2023-05-29 14:04:59,2.06,12602,6.18
536071,22633,HAND WARMER UNION JACK,1.0,2023-05-29 14:04:59,1.84,12602,1.84
536071,20725,LUNCH BAG RED RETROSPOT,1.0,2023-05-29 14:04:59,1.72,12602,1.72
536072,85099B,JUMBO BAG RED RETROSPOT,4.0,2023-05-22 10:38:34,1.88,12877,7.52
536074,22310,IVORY KNITTED MUG COSY,2.0,2023-07-04 05:00:04,1.59,12604,3.18
536074,22632,HAND WARMER RED POLKA DOT,1.0,2023-07-04 05:00:04,1.79,12604,1.79
536075,22386,JUMBO BAG PINK POLKADOT,1.0,2023-07-19 12:24:41,1.89,13053,1.89
536075,85123A,WHITE HANGING HEART T-LIGHT HOLDER,4.0,2023-07-19 12:24:41,2.46,13053,9.84
536075,20727,LUNCH BAG BLACK SKULL.,3.0,2023-07-19 12:24:41,1.7,13053,5.1
536075,22411,JUMBO SHOPPER VINTAGE RED PAISLEY,1.0,2023-07-19 12:24:41,1.94,13053,1.94
536075,22086,PAPER CHAIN KIT 50'S CHRISTMAS,1.0,2023-07-19 12:24:41,2.65,13053,2.65
536076,84029G,KNITTED UNION FLAG HOT WATER BOTTLE,2.0,2023-11-07 01:33:06,3.49,12821,6.98
536076,84029E,RED WOOLLY HOTTIE WHITE HEART.,1.0,2023-11-07 01:33:06,3.36,12821,3.36
536076,47566,PARTY BUNTING,2.0,2023-11-07 01:33:06,4.75,12821,9.5
536076,22633,HAND WARMER UNION JACK,6.0,2023-11-07 01:33:06,1.86,12821,11.16
536076,22411,JUMBO SHOPPER VINTAGE RED PAISLEY,2.0,2023-11-07 01:33:06,2.01,12821,4.02
536076,84969,BOX OF 6 ASSORTED COLOUR TEASPOONS,1.0,2023-11-07 01:33:06,4.43,12821,4.43
536078,84969,BOX OF 6 ASSORTED COLOUR TEASPOONS,1.0,2023-07-30 20:24:42,4.09,12877,4.09
536078,22632,HAND WARMER RED POLKA DOT,6.0,2023-07-30 20:24:42,1.9,12877,11.4
536078,84406B,CREAM CUPID HEARTS COAT HANGER,1.0,2023-07-30 20:24:42,2.65,12877,2.65
536078,22386,JUMBO BAG PINK POLKADOT,2.0,2023-07-30 20:24:42,1.92,12877,3.84
536079,84969,BOX OF 6 ASSORTED COLOUR TEASPOONS,2.0,2023-11-20 16:18:44,4.05,12877,8.1
536079,84029E,RED WOOLLY HOTTIE WHITE HEART.,2.0,2023-11-20 16:18:44,3.26,12877,6.52
536079,20725,LUNCH BAG RED RETROSPOT,6.0,2023-11-20 16:18:44,1.71,12877,10.26
536080,22384,LUNCH BAG PINK POLKADOT,1.0,2023-07-15 13:16:04,1.71,12877,1.71
536080,84879,ASSORTED COLOUR BIRD ORNAMENT,1.0,2023-07-15 13:16:04,1.63,12877,1.63
536080,84406B,CREAM CUPID HEARTS COAT HANGER,4.0,2023-07-15 13:16:04,2.84,12877,11.36
536080,22745,POPPY'S PLAYHOUSE BEDROOM,2.0,2023-07-15 13:16:04,2.08,12877,4.16
536081,21931,JUMBO STORAGE BAG SUKI,3.0,2023-09-25 03:12:08,1.91,12496,5.73
536081,47566,PARTY BUNTING,4.0,2023-09-25 03:12:08,4.52,12496,18.08
536081,22310,IVORY KNITTED MUG COSY,2.0,2023-09-25 03:12:08,1.62,12496,3.24
536082,20726,LUNCH BAG WOODLAND,3.0,2023-10-06 08:27:55,1.73,12881,5.19
536082,22749,POPPY'S PLAYHOUSE LIVINGROOM,1.0,2023-10-06 08:27:55,2.13,12881,2.13
536082,84029E,RED WOOLLY HOTTIE WHITE HEART.,3.0,2023-10-06 08:27:55,3.35,12881,10.05
536083,22748,POPPY'S PLAYHOUSE KITCHEN,1.0,2023-05-31 08:08:36,2.02,12900,2.02
536083,22386,JUMBO BAG PINK POLKADOT,1.0,2023-05-31 08:08:36,1.98,12900,1.98
536083,22383,LUNCH BAG SUKI DESIGN,3.0,2023-05-31 08:08:36,1.6,12900,4.8
536083,22632,HAND WARMER RED POLKA DOT,2.0,2023-05-31 08:08:36,1.78,12900,3.56
536083,22633,HAND WARMER UNION JACK,1.0,2023-05-31 08:08:36,1.88,12900,1.88
536083,20726,LUNCH BAG WOODLAND,1.0,2023-05-31 08:08:36,1.71,12900,1.71
536084,22086,PAPER CHAIN KIT 50'S CHRISTMAS,1.0,2023-12-04 10:17:48,2.44,13017,2.44
536085,84969,BOX OF 6 ASSORTED COLOUR TEASPOONS,2.0,2023-10-29 12:14:13,4.24,12624,8.48
536085,22086,PAPER CHAIN KIT 50'S CHRISTMAS,4.0,2023-10-29 12:14:13,2.62,12624,10.48
536085,22382,LUNCH BAG SPACEBOY DESIGN,4.0,2023-10-29 12:14:13,1.63,12624,6.52
536086,20728,LUNCH BAG CARS BLUE,2.0,2023-10-20 16:23:42,1.66,12357,3.32
536086,22310,IVORY KNITTED MUG COSY,2.0,2023-10-20 16:23:42,1.73,12357,3.46
536086,22745,POPPY'S PLAYHOUSE BEDROOM,4.0,2023-10-20 16:23:42,2.03,12357,8.12
536086,85123A,WHITE HANGING HEART T-LIGHT HOLDER,3.0,2023-10-20 16:23:42,2.43,12357,7.29
536086,71053,WHITE METAL LANTERN,1.0,2023-10-20 16:23:42,3.45,12357,3.45
536087,85123A,WHITE HANGING HEART T-LIGHT HOLDER,2.0,2023-07-18 02:57:02,2.61,12877,5.22
536087,22633,HAND WARMER UNION JACK,1.0,2023-07-18 02:57:02,1.91,12877,1.91
536087,84029G,KNITTED UNION FLAG HOT WATER BOTTLE,3.0,2023-07-18 02:57:02,3.4,12877,10.2
536087,22383,LUNCH BAG SUKI DESIGN,2.0,2023-07-18 02:57:02,1.67,12877,3.34
536087,85099F,JUMBO BAG STRAWBERRY,1.0,2023-07-18 02:57:02,2.0,12877,2.0
536088,22632,HAND WARMER RED POLKA DOT,1.0,2023-05-22 20:06:20,1.78,12357,1.78
536088,84029E,RED WOOLLY HOTTIE WHITE HEART.,1.0,2023-05-22 20:06:20,3.24,12357,3.24
536088,20726,LUNCH BAG WOODLAND,1.0,2023-05-22 20:06:20,1.64,12357,1.64
536088,20727,LUNCH BAG BLACK SKULL.,1.0,2023-05-22 20:06:20,1.62,12357,1.62
536089,22310,IVORY KNITTED MUG COSY,3.0,2023-12-02 09:06:19,1.57,12877,4.71
536089,84969,BOX OF 6 ASSORTED COLOUR TEASPOONS,3.0,2023-12-02 09:06:19,4.4,12877,13.2
536089,84029G,KNITTED UNION FLAG HOT WATER BOTTLE,1.0,2023-12-02 09:06:19,3.33,12877,3.33
536089,22745,POPPY'S PLAYHOUSE BEDROOM,3.0,2023-12-02 09:06:19,2.16,12877,6.48
536089,84406B,CREAM CUPID HEARTS COAT HANGER,4.0,2023-12-02 09:06:19,2.81,12877,11.24
536091,22745,POPPY'S PLAYHOUSE BEDROOM,6.0,2023-03-02 21:57:31,2.16,12573,12.96
536091,84879,ASSORTED COLOUR BIRD ORNAMENT,6.0,2023-03-02 21:57:31,1.75,12573,10.5
536091,22749,POPPY'S PLAYHOUSE LIVINGROOM,1.0,2023-03-02 21:57:31,2.04,12573,2.04
536092,22748,POPPY'S PLAYHOUSE KITCHEN,2.0,2023-08-25 05:52:59,2.1,12659,4.2
536092,21931,JUMBO STORAGE BAG SUKI,2.0,2023-08-25 05:52:59,2.03,12659,4.06
536093,85099F,JUMBO BAG STRAWBERRY,2.0,2023-11-07 14:39:55,2.02,12659,4.04
536093,22384,LUNCH BAG PINK POLKADOT,2.0,2023-11-07 14:39:55,1.7,12659,3.4
536093,21931,JUMBO STORAGE BAG SUKI,6.0,2023-11-07 14:39:55,1.88,12659,11.28
536094,84406B,CREAM CUPID HEARTS COAT HANGER,3.0,2023-07-15 11:06:46,2.68,12396,8.04
536094,84969,BOX OF 6 ASSORTED COLOUR TEASPOONS,6.0,2023-07-15 11:06:46,4.14,12396,24.84
536094,22310,IVORY KNITTED MUG COSY,1.0,2023-07-15 11:06:46,1.58,12396,1.58
536094,22383,LUNCH BAG SUKI DESIGN,3.0,2023-07-15 11:06:46,1.7,12396,5.1
536094,47566,PARTY BUNTING,4.0,2023-07-15 11:06:46,4.43,12396,17.72
536095,84029E,RED WOOLLY HOTTIE WHITE HEART.,4.0,2023-04-20 17:58:58,3.46,12389,13.84
536095,71053,WHITE METAL LANTERN,1.0,2023-04-20 17:58:58,3.51,12389,3.51
536095,22383,LUNCH BAG SUKI DESIGN,3.0,2023-04-20 17:58:58,1.62,12389,4.86
536097,84029E,RED WOOLLY HOTTIE WHITE HEART.,2.0,2023-10-09 11:47:09,3.42,12793,6.84
536098,84406B,CREAM CUPID HEARTS COAT HANGER,4.0,2023-07-19 07:47:17,2.87,12877,11.48
536099,22086,PAPER CHAIN KIT 50'S CHRISTMAS,4.0,2023-11-27 05:37:56,2.52,12877,10.08
536104,84406B,CREAM CUPID HEARTS COAT HANGER,6.0,2023-11-17 05:31:01,2.8,12471,16.8
536104,20728,LUNCH BAG CARS BLUE,1.0,2023-11-17 05:31:01,1.65,12471,1.65
536105,22749,POPPY'S PLAYHOUSE LIVINGROOM,2.0,2023-08-30 11:00:59,2.05,12877,4.1
536105,47566,PARTY BUNTING,3.0,2023-08-30 11:00:59,4.85,12877,14.55
536105,21730,GLASS STAR FROSTED T-LIGHT HOLDER,4.0,2023-08-30 11:00:59,4.06,12877,16.24
536105,22411,JUMBO SHOPPER VINTAGE RED PAISLEY,1.0,2023-08-30 11:00:59,2.04,12877,2.04
536106,22382,LUNCH BAG SPACEBOY DESIGN,1.0,2023-07-13 20:16:44,1.59,12791,1.59
536107,71053,WHITE METAL LANTERN,6.0,2023-03-31 07:48:41,3.29,12830,19.74
536107,22632,HAND WARMER RED POLKA DOT,1.0,2023-03-31 07:48:41,1.84,12830,1.84
536108,47566,PARTY BUNTING,6.0,2023-09-21 07:11:52,4.67,12528,28.02
536108,22748,POPPY'S PLAYHOUSE KITCHEN,2.0,2023-09-21 07:11:52,2.18,12528,4.36
536108,84969,BOX OF 6 ASSORTED COLOUR TEASPOONS,3.0,2023-09-21 07:11:52,4.45,12528,13.35
536108,71053,WHITE METAL LANTERN,2.0,2023-09-21 07:11:52,3.55,12528,7.1
536108,22745,POPPY'S PLAYHOUSE BEDROOM,2.0,2023-09-21 07:11:52,2.05,12528,4.1
536109,47566,PARTY BUNTING,2.0,2023-10-09 02:37:55,4.77,13145,9.54
536109,84029E,RED WOOLLY HOTTIE WHITE HEART.,6.0,2023-10-09 02:37:55,3.3,13145,19.8
536109,22382,LUNCH BAG SPACEBOY DESIGN,1.0,2023-10-09 02:37:55,1.59,13145,1.59
536109,84029G,KNITTED UNION FLAG HOT WATER BOTTLE,4.0,2023-10-09 02:37:55,3.31,13145,13.24
536109,22386,JUMBO BAG PINK POLKADOT,1.0,2023-10-09 02:37:55,1.98,13145,1.98
536109,22745,POPPY'S PLAYHOUSE BEDROOM,6.0,2023-10-09 02:37:55,2.0,13145,12.0
536110,85099B,JUMBO BAG RED RETROSPOT,3.0,2023-12-08 09:09:16,2.0,12380,6.0
536110,22632,HAND WARMER RED POLKA DOT,1.0,2023-12-08 09:09:16,1.82,12380,1.82
536110,22384,LUNCH BAG PINK POLKADOT,2.0,2023-12-08 09:09:16,1.6,12380,3.2
536111,20728,LUNCH BAG CARS BLUE,2.0,2023-03-13 20:21:16,1.6,13119,3.2
536111,22633,HAND WARMER UNION JACK,2.0,2023-03-13 20:21:16,1.93,13119,3.86
536112,85123A,WHITE HANGING HEART T-LIGHT HOLDER,3.0,2023-09-22 19:11:13,2.48,12595,7.44
536112,84029E,RED WOOLLY HOTTIE WHITE HEART.,3.0,2023-09-22 19:11:13,3.27,12595,9.81
536112,84969,BOX OF 6 ASSORTED COLOUR TEASPOONS,2.0,2023-09-22 19:11:13,4.24,12595,8.48
536112,85099F,JUMBO BAG STRAWBERRY,2.0,2023-09-22 19:11:13,1.96,12595,3.92
536113,22386,JUMBO BAG PINK POLKADOT,1.0,2023-06-15 02:23:22,1.95,12840,1.95
536113,22383,LUNCH BAG SUKI DESIGN,1.0,2023-06-15 02:23:22,1.73,12840,1.73
536113,21931,JUMBO STORAGE BAG SUKI,1.0,2023-06-15 02:23:22,1.95,12840,1.95
536113,84406B,CREAM CUPID HEARTS COAT HANGER,3.0,2023-06-15 02:23:22,2.86,12840,8.58
536114,20726,LUNCH BAG WOODLAND,1.0,2023-09-17 07:54:09,1.68,12485,1.68
536114,22748,POPPY'S PLAYHOUSE KITCHEN,2.0,2023-09-17 07:54:09,2.05,12485,4.1
536115,22633,HAND WARMER UNION JACK,1.0,2023-10-12 12:43:24,1.89,12878,1.89
536116,84406B,CREAM CUPID HEARTS COAT HANGER,4.0,2023-10-07 22:21:27,2.8,12824,11.2
536116,85099B,JUMBO BAG RED RETROSPOT,3.0,2023-10-07 22:21:27,1.99,12824,5.97
536117,22633,HAND WARMER UNION JACK,1.0,2023-02-28 18:58:28,1.85,12878,1.85
536117,22382,LUNCH BAG SPACEBOY DESIGN,1.0,2023-02-28 18:58:28,1.61,12878,1.61
536117,22384,LUNCH BAG PINK POLKADOT,3.0,2023-02-28 18:58:28,1.69,12878,5.07
536117,22749,POPPY'S PLAYHOUSE LIVINGROOM,2.0,2023-02-28 18:58:28,2.2,12878,4.4
536117,22310,IVORY KNITTED MUG COSY,1.0,2023-02-28 18:58:28,1.66,12878,1.66
536117,84879,ASSORTED COLOUR BIRD ORNAMENT,6.0,2023-02-28 18:58:28,1.76,12878,10.56
536121,20725,LUNCH BAG RED RETROSPOT,2.0,2023-06-05 18:45:49,1.64,12787,3.28
536121,85123A,WHITE HANGING HEART T-LIGHT HOLDER,2.0,2023-06-05 18:45:49,2.48,12787,4.96
536122,84029E,RED WOOLLY HOTTIE WHITE HEART.,1.0,2023-09-09 09:20:36,3.33,12877,3.33
536122,84029G,KNITTED UNION FLAG HOT WATER BOTTLE,2.0,2023-09-09 09:20:36,3.4,12877,6.8
536122,22633,HAND WARMER UNION JACK,2.0,2023-09-09 09:20:36,1.87,12877,3.74
536122,20726,LUNCH BAG WOODLAND,4.0,2023-09-09 09:20:36,1.59,12877,6.36
536122,84406B,CREAM CUPID HEARTS COAT HANGER,6.0,2023-09-09 09:20:36,2.73,12877,16.38
536122,20728,LUNCH BAG CARS BLUE,1.0,2023-09-09 09:20:36,1.68,12877,1.68
536123,22411,JUMBO SHOPPER VINTAGE RED PAISLEY,3.0,2023-11-12 21:54:40,1.97,12877,5.91
536123,22383,LUNCH BAG SUKI DESIGN,2.0,2023-11-12 21:54:40,1.7,12877,3.4
536124,22086,PAPER CHAIN KIT 50'S CHRISTMAS,3.0,2023-11-05 01:41:49,2.43,13084,7.29
536125,22632,HAND WARMER RED POLKA DOT,6.0,2023-04-20 07:32:15,1.78,12824,10.68
536125,20727,LUNCH BAG BLACK SKULL.,1.0,2023-04-20 07:32:15,1.63,12824,1.63
536125,22386,JUMBO BAG PINK POLKADOT,1.0,2023-04-20 07:32:15,1.9,12824,1.9
536125,84879,ASSORTED COLOUR BIRD ORNAMENT,6.0,2023-04-20 07:32:15,1.75,12824,10.5
536126,84029E,RED WOOLLY HOTTIE WHITE HEART.,1.0,2023-06-08 18:13:59,3.54,12485,3.54
536127,22383,LUNCH BAG SUKI DESIGN,1.0,2023-04-09 19:07:04,1.64,12529,1.64
536127,84969,BOX OF 6 ASSORTED COLOUR TEASPOONS,1.0,2023-04-09 19:07:04,4.26,12529,4.26
536127,84879,ASSORTED COLOUR BIRD ORNAMENT,1.0,2023-04-09 19:07:04,1.7,12529,1.7
536127,22633,HAND WARMER UNION JACK,1.0,2023-04-09 19:07:04,1.78,12529,1.78
536127,20726,LUNCH BAG WOODLAND,2.0,2023-04-09 19:07:04,1.57,12529,3.14
536127,20725,LUNCH BAG RED RETROSPOT,2.0,2023-04-09 19:07:04,1.59,12529,3.18
536128,84879,ASSORTED COLOUR BIRD ORNAMENT,3.0,2023-06-16 21:06:11,1.73,12965,5.19
536128,20728,LUNCH BAG CARS BLUE,3.0,2023-06-16 21:06:11,1.69,12965,5.07
536128,85123A,WHITE HANGING HEART T-LIGHT HOLDER,3.0,2023-06-16 21:06:11,2.66,12965,7.98
536131,85123A,WHITE HANGING HEART T-LIGHT HOLDER,1.0,2023-07-26 19:07:07,2.46,12977,2.46
536131,22411,JUMBO SHOPPER VINTAGE RED PAISLEY,4.0,2023-07-26 19:07:07,2.04,12977,8.16
536131,20727,LUNCH BAG BLACK SKULL.,1.0,2023-07-26 19:07:07,1.66,12977,1.66
536131,84029E,RED WOOLLY HOTTIE WHITE HEART.,1.0,2023-07-26 19:07:07,3.51,12977,3.51
536131,20728,LUNCH BAG CARS BLUE,4.0,2023-07-26 19:07:07,1.69,12977,6.76
536132,84879,ASSORTED COLOUR BIRD ORNAMENT,3.0,2023-09-20 14:47:20,1.65,12574,4.95
536132,22632,HAND WARMER RED POLKA DOT,3.0,2023-09-20 14:47:20,1.88,12574,5.64
536132,22749,POPPY'S PLAYHOUSE LIVINGROOM,3.0,2023-09-20 14:47:20,2.11,12574,6.33
536133,84879,ASSORTED COLOUR BIRD ORNAMENT,2.0,2023-12-09 17:10:48,1.77,12426,3.54
536133,22632,HAND WARMER RED POLKA DOT,1.0,2023-12-09 17:10:48,1.91,12426,1.91
536133,20727,LUNCH BAG BLACK SKULL.,2.0,2023-12-09 17:10:48,1.61,12426,3.22
536133,22086,PAPER CHAIN KIT 50'S CHRISTMAS,3.0,2023-12-09 17:10:48,2.44,12426,7.32
536133,47566,PARTY BUNTING,3.0,2023-12-09 17:10:48,4.7,12426,14.1
536133,20725,LUNCH BAG RED RETROSPOT,2.0,2023-12-09 17:10:48,1.66,12426,3.32
536134,22411,JUMBO SHOPPER VINTAGE RED PAISLEY,1.0,2023-07-07 05:38:32,1.95,12399,1.95
536134,84029G,KNITTED UNION FLAG HOT WATER BOTTLE,1.0,2023-07-07 05:38:32,3.51,12399,3.51
536134,22632,HAND WARMER RED POLKA DOT,1.0,2023-07-07 05:38:32,1.83,12399,1.83
536134,71053,WHITE METAL LANTERN,4.0,2023-07-07 05:38:32,3.56,12399,14.24
536134,21931,JUMBO STORAGE BAG SUKI,1.0,2023-07-07 05:38:32,1.94,12399,1.94
536135,84969,BOX OF 6 ASSORTED COLOUR TEASPOONS,1.0,2023-10-12 14:32:14,4.33,12877,4.33
536135,84029G,KNITTED UNION FLAG HOT WATER BOTTLE,1.0,2023-10-12 14:32:14,3.24,12877,3.24
536135,84406B,CREAM CUPID HEARTS COAT HANGER,1.0,2023-10-12 14:32:14,2.82,12877,2.82
536136,22386,JUMBO BAG PINK POLKADOT,3.0,2023-08-23 03:25:37,2.02,12940,6.06
536136,84029E,RED WOOLLY HOTTIE WHITE HEART.,3.0,2023-08-23 03:25:37,3.41,12940,10.23
536136,22384,LUNCH BAG PINK POLKADOT,1.0,2023-08-23 03:25:37,1.6,12940,1.6
536136,20726,LUNCH BAG WOODLAND,1.0,2023-08-23 03:25:37,1.71,12940,1.71
536136,22310,IVORY KNITTED MUG COSY,3.0,2023-08-23 03:25:37,1.66,12940,4.98
536137,22748,POPPY'S PLAYHOUSE KITCHEN,3.0,2023-09-16 07:08:52,2.05,12877,6.15
536137,22310,IVORY KNITTED MUG COSY,4.0,2023-09-16 07:08:52,1.65,12877,6.6
536137,22086,PAPER CHAIN KIT 50'S CHRISTMAS,1.0,2023-09-16 07:08:52,2.5,12877,2.5
536137,84969,BOX OF 6 ASSORTED COLOUR TEASPOONS,1.0,2023-09-16 07:08:52,4.41,12877,4.41
536138,22384,LUNCH BAG PINK POLKADOT,1.0,2023-11-23 06:05:36,1.6,12877,1.6
536138,22411,JUMBO SHOPPER VINTAGE RED PAISLEY,3.0,2023-11-23 06:05:36,1.93,12877,5.79
536138,21931,JUMBO STORAGE BAG SUKI,1.0,2023-11-23 06:05:36,2.03,12877,2.03
536138,71053,WHITE METAL LANTERN,2.0,2023-11-23 06:05:36,3.29,12877,6.58
536138,84879,ASSORTED COLOUR BIRD ORNAMENT,2.0,2023-11-23 06:05:36,1.74,12877,3.48
536139,22749,POPPY'S PLAYHOUSE LIVINGROOM,3.0,2023-06-22 10:16:56,2.19,12887,6.57
536140,20728,LUNCH BAG CARS BLUE,6.0,2023-11-01 00:19:13,1.62,12434,9.72
536140,20725,LUNCH BAG RED RETROSPOT,1.0,2023-11-01 00:19:13,1.62,12434,1.62
536140,22748,POPPY'S PLAYHOUSE KITCHEN,1.0,2023-11-01 00:19:13,2.02,12434,2.02
536141,84029G,KNITTED UNION FLAG HOT WATER BOTTLE,2.0,2023-11-30 16:47:41,3.38,12877,6.76
536141,20726,LUNCH BAG WOODLAND,6.0,2023-11-30 16:47:41,1.68,12877,10.08
536141,22632,HAND WARMER RED POLKA DOT,1.0,2023-11-30 16:47:41,1.89,12877,1.89
536142,20728,LUNCH BAG CARS BLUE,1.0,2023-07-02 22:13:21,1.71,13007,1.71
536143,20725,LUNCH BAG RED RETROSPOT,2.0,2023-06-21 21:08:16,1.69,13142,3.38
536143,22633,HAND WARMER UNION JACK,2.0,2023-06-21 21:08:16,1.89,13142,3.78
536143,22310,IVORY KNITTED MUG COSY,4.0,2023-06-21 21:08:16,1.63,13142,6.52
536143,20726,LUNCH BAG WOODLAND,2.0,2023-06-21 21:08:16,1.73,13142,3.46
536144,22386,JUMBO BAG PINK POLKADOT,3.0,2023-06-23 19:57:15,1.86,12458,5.58
536144,21730,GLASS STAR FROSTED T-LIGHT HOLDER,1.0,2023-06-23 19:57:15,4.16,12458,4.16
536144,85099F,JUMBO BAG STRAWBERRY,2.0,2023-06-23 19:57:15,2.03,12458,4.06
536145,84029E,RED WOOLLY HOTTIE WHITE HEART.,1.0,2023-10-22 00:07:20,3.33,12748,3.33
536145,22384,LUNCH BAG PINK POLKADOT,1.0,2023-10-22 00:07:20,1.64,12748,1.64
536146,20728,LUNCH BAG CARS BLUE,1.0,2023-08-26 07:42:43,1.64,12704,1.64
536147,47566,PARTY BUNTING,2.0,2023-10-26 14:13:54,4.44,12399,8.88
536147,21931,JUMBO STORAGE BAG SUKI,1.0,2023-10-26 14:13:54,1.93,12399,1.93
536147,71053,WHITE METAL LANTERN,1.0,2023-10-26 14:13:54,3.4,12399,3.4
536147,22749,POPPY'S PLAYHOUSE LIVINGROOM,3.0,2023-10-26 14:13:54,2.16,12399,6.48
536148,21931,JUMBO STORAGE BAG SUKI,2.0,2023-10-21 11:32:52,1.94,13051,3.88
536149,22633,HAND WARMER UNION JACK,1.0,2023-04-16 07:00:57,1.87,12393,1.87
536149,85099B,JUMBO BAG RED RETROSPOT,1.0,2023-04-16 07:00:57,2.03,12393,2.03
536149,71053,WHITE METAL LANTERN,6.0,2023-04-16 07:00:57,3.47,12393,20.82
536150,22384,LUNCH BAG PINK POLKADOT,2.0,2023-03-10 08:50:04,1.65,13007,3.3
536150,21931,JUMBO STORAGE BAG SUKI,2.0,2023-03-10 08:50:04,1.88,13007,3.76
536150,22633,HAND WARMER UNION JACK,1.0,2023-03-10 08:50:04,1.93,13007,1.93
536150,22386,JUMBO BAG PINK POLKADOT,2.0,2023-03-10 08:50:04,2.0,13007,4.0
536151,85099B,JUMBO BAG RED RETROSPOT,1.0,2023-09-27 11:00:16,2.02,12877,2.02
536151,22086,PAPER CHAIN KIT 50'S CHRISTMAS,1.0,2023-09-27 11:00:16,2.5,12877,2.5
536151,84029E,RED WOOLLY HOTTIE WHITE HEART.,3.0,2023-09-27 11:00:16,3.55,12877,10.65
536152,22632,HAND WARMER RED POLKA DOT,3.0,2023-10-18 12:44:36,1.88,12579,5.64
536153,22633,HAND WARMER UNION JACK,6.0,2023-09-29 03:45:18,1.82,12868,10.92
536153,22749,POPPY'S PLAYHOUSE LIVINGROOM,2.0,2023-09-29 03:45:18,2.2,12868,4.4
536153,22386,JUMBO BAG PINK POLKADOT,2.0,2023-09-29 03:45:18,1.92,12868,3.84
536153,85099F,JUMBO BAG STRAWBERRY,1.0,2023-09-29 03:45:18,1.95,12868,1.95
536153,22748,POPPY'S PLAYHOUSE KITCHEN,2.0,2023-09-29 03:45:18,2.03,12868,4.06
536154,22086,PAPER CHAIN KIT 50'S CHRISTMAS,4.0,2023-10-04 01:48:48,2.45,13051,9.8
536154,22383,LUNCH BAG SUKI DESIGN,1.0,2023-10-04 01:48:48,1.73,13051,1.73
536154,22749,POPPY'S PLAYHOUSE LIVINGROOM,2.0,2023-10-04 01:48:48,2.05,13051,4.1
536154,20727,LUNCH BAG BLACK SKULL.,2.0,2023-10-04 01:48:48,1.62,13051,3.24
536155,22749,POPPY'S PLAYHOUSE LIVINGROOM,1.0,2023-04-10 02:54:12,2.08,12415,2.08
536155,20725,LUNCH BAG RED RETROSPOT,3.0,2023-04-10 02:54:12,1.58,12415,4.74
536155,22382,LUNCH BAG SPACEBOY DESIGN,1.0,2023-04-10 02:54:12,1.58,12415,1.58
536155,85099B,JUMBO BAG RED RETROSPOT,2.0,2023-04-10 02:54:12,2.05,12415,4.1
536156,85099B,JUMBO BAG RED RETROSPOT,2.0,2023-10-04 05:55:17,1.9,12398,3.8
536158,84879,ASSORTED COLOUR BIRD ORNAMENT,1.0,2023-10-26 21:00:14,1.69,12877,1.69
536158,84029G,KNITTED UNION FLAG HOT WATER BOTTLE,1.0,2023-10-26 21:00:14,3.34,12877,3.34
536158,22383,LUNCH BAG SUKI DESIGN,1.0,2023-10-26 21:00:14,1.71,12877,1.71
536159,21730,GLASS STAR FROSTED T-LIGHT HOLDER,1.0,2023-10-31 15:14:24,4.12,12558,4.12
536159,85099F,JUMBO BAG STRAWBERRY,2.0,2023-10-31 15:14:24,1.95,12558,3.9
536159,22745,POPPY'S PLAYHOUSE BEDROOM,1.0,2023-10-31 15:14:24,2.2,12558,2.2
536160,20726,LUNCH BAG WOODLAND,3.0,2023-06-16 04:04:27,1.73,13144,5.19
536160,20728,LUNCH BAG CARS BLUE,4.0,2023-06-16 04:04:27,1.63,13144,6.52
536160,22382,LUNCH BAG SPACEBOY DESIGN,2.0,2023-06-16 04:04:27,1.58,13144,3.16
536160,85099F,JUMBO BAG STRAWBERRY,6.0,2023-06-16 04:04:27,1.98,13144,11.88
536160,85099B,JUMBO BAG RED RETROSPOT,4.0,2023-06-16 04:04:27,1.88,13144,7.52
536161,22382,LUNCH BAG SPACEBOY DESIGN,1.0,2023-09-12 13:53:49,1.73,13063,1.73
536161,22748,POPPY'S PLAYHOUSE KITCHEN,1.0,2023-09-12 13:53:49,2.05,13063,2.05
536161,22411,JUMBO SHOPPER VINTAGE RED PAISLEY,3.0,2023-09-12 13:53:49,1.93,13063,5.79
536162,20725,LUNCH BAG RED RETROSPOT,3.0,2023-02-21 16:52:47,1.69,12813,5.07
536162,22386,JUMBO BAG PINK POLKADOT,1.0,2023-02-21 16:52:47,2.02,12813,2.02
536164,22310,IVORY KNITTED MUG COSY,4.0,2023-10-06 05:09:08,1.71,12821,6.84
536164,22748,POPPY'S PLAYHOUSE KITCHEN,1.0,2023-10-06 05:09:08,2.0,12821,2.0
536164,84406B,CREAM CUPID HEARTS COAT HANGER,4.0,2023-10-06 05:09:08,2.82,12821,11.28
536164,22411,JUMBO SHOPPER VINTAGE RED PAISLEY,1.0,2023-10-06 05:09:08,2.04,12821,2.04
536164,21730,GLASS STAR FROSTED T-LIGHT HOLDER,6.0,2023-10-06 05:09:08,4.28,12821,25.68
536165,22748,POPPY'S PLAYHOUSE KITCHEN,1.0,2023-10-03 05:48:39,2.06,12877,2.06
536165,22633,HAND WARMER UNION JACK,1.0,2023-10-03 05:48:39,1.77,12877,1.77
536165,71053,WHITE METAL LANTERN,3.0,2023-10-03 05:48:39,3.44,12877,10.32
536165,22411,JUMBO SHOPPER VINTAGE RED PAISLEY,2.0,2023-10-03 05:48:39,1.87,12877,3.74
536165,22386,JUMBO BAG PINK POLKADOT,6.0,2023-10-03 05:48:39,1.93,12877,11.58
536166,84406B,CREAM CUPID HEARTS COAT HANGER,6.0,2023-11-18 19:35:25,2.67,12810,16.02
536167,22411,JUMBO SHOPPER VINTAGE RED PAISLEY,1.0,2023-08-15 16:08:34,1.97,12877,1.97
536167,84969,BOX OF 6 ASSORTED COLOUR TEASPOONS,1.0,2023-08-15 16:08:34,4.4,12877,4.4
536167,22745,POPPY'S PLAYHOUSE BEDROOM,1.0,2023-08-15 16:08:34,2.16,12877,2.16
536167,85099F,JUMBO BAG STRAWBERRY,3.0,2023-08-15 16:08:34,1.93,12877,5.79
536167,20728,LUNCH BAG CARS BLUE,1.0,2023-08-15 16:08:34,1.71,12877,1.71
536168,84969,BOX OF 6 ASSORTED COLOUR TEASPOONS,2.0,2023-11-10 20:13:03,4.28,12773,8.56
536168,20728,LUNCH BAG CARS BLUE,1.0,2023-11-10 20:13:03,1.7,12773,1.7
536169,85099B,JUMBO BAG RED RETROSPOT,6.0,2023-05-30 07:44:21,1.96,12960,11.76
536169,47566,PARTY BUNTING,2.0,2023-05-30 07:44:21,4.44,12960,8.88
536169,84406B,CREAM CUPID HEARTS COAT HANGER,2.0,2023-05-30 07:44:21,2.86,12960,5.72
536169,21730,GLASS STAR FROSTED T-LIGHT HOLDER,4.0,2023-05-30 07:44:21,4.2,12960,16.8
536170,71053,WHITE METAL LANTERN,3.0,2023-11-10 14:57:42,3.26,12757,9.78
536170,84029G,KNITTED UNION FLAG HOT WATER BOTTLE,3.0,2023-11-10 14:57:42,3.28,12757,9.84
536171,85123A,WHITE HANGING HEART T-LIGHT HOLDER,4.0,2023-08-09 23:14:38,2.43,12877,9.72
536171,21931,JUMBO STORAGE BAG SUKI,1.0,2023-08-09 23:14:38,1.94,12877,1.94
536171,84029E,RED WOOLLY HOTTIE WHITE HEART.,1.0,2023-08-09 23:14:38,3.23,12877,3.23
536171,22633,HAND WARMER UNION JACK,6.0,2023-08-09 23:14:38,1.79,12877,10.74
536171,20725,LUNCH BAG RED RETROSPOT,4.0,2023-08-09 23:14:38,1.68,12877,6.72
536172,84029E,RED WOOLLY HOTTIE WHITE HEART.,2.0,2023-04-06 19:25:08,3.5,12576,7.0
536172,21931,JUMBO STORAGE BAG SUKI,3.0,2023-04-06 19:25:08,1.98,12576,5.94
536172,84879,ASSORTED COLOUR BIRD ORNAMENT,2.0,2023-04-06 19:25:08,1.67,12576,3.34
536173,22386,JUMBO BAG PINK POLKADOT,1.0,2023-11-16 06:04:11,2.01,12921,2.01
536173,20728,LUNCH BAG CARS BLUE,2.0,2023-11-16 06:04:11,1.64,12921,3.28
536175,20728,LUNCH BAG CARS BLUE,1.0,2023-10-02 01:49:12,1.62,12486,1.62
536175,22632,HAND WARMER RED POLKA DOT,1.0,2023-10-02 01:49:12,1.81,12486,1.81
536175,21931,JUMBO STORAGE BAG SUKI,2.0,2023-10-02 01:49:12,1.96,12486,3.92
536176,22632,HAND WARMER RED POLKA DOT,3.0,2023-09-28 12:53:10,1.77,12900,5.31
536176,22745,POPPY'S PLAYHOUSE BEDROOM,4.0,2023-09-28 12:53:10,2.2,12900,8.8
536177,84029G,KNITTED UNION FLAG HOT WATER BOTTLE,2.0,2023-09-11 05:22:46,3.41,12877,6.82
536178,22386,JUMBO BAG PINK POLKADOT,2.0,2023-11-05 05:58:05,1.94,12347,3.88
536178,22310,IVORY KNITTED MUG COSY,2.0,2023-11-05 05:58:05,1.66,12347,3.32
536180,21931,JUMBO STORAGE BAG SUKI,4.0,2023-07-21 09:20:36,1.98,12877,7.92
536180,84969,BOX OF 6 ASSORTED COLOUR TEASPOONS,4.0,2023-07-21 09:20:36,4.15,12877,16.6
536181,85099B,JUMBO BAG RED RETROSPOT,2.0,2023-10-13 17:50:05,1.89,12586,3.78
536181,85099F,JUMBO BAG STRAWBERRY,3.0,2023-10-13 17:50:05,1.88,12586,5.64
536182,84879,ASSORTED COLOUR BIRD ORNAMENT,1.0,2023-09-16 15:17:47,1.69,12379,1.69
536182,85099F,JUMBO BAG STRAWBERRY,1.0,2023-09-16 15:17:47,1.97,12379,1.97
536182,22310,IVORY KNITTED MUG COSY,1.0,2023-09-16 15:17:47,1.73,12379,1.73
536182,47566,PARTY BUNTING,2.0,2023-09-16 15:17:47,4.55,12379,9.1
536183,22411,JUMBO SHOPPER VINTAGE RED PAISLEY,1.0,2023-10-22 07:52:32,1.97,12736,1.97
536183,22310,IVORY KNITTED MUG COSY,6.0,2023-10-22 07:52:32,1.61,12736,9.66
536183,22386,JUMBO BAG PINK POLKADOT,1.0,2023-10-22 07:52:32,1.93,12736,1.93
536183,20727,LUNCH BAG BLACK SKULL.,1.0,2023-10-22 07:52:32,1.64,12736,1.64
536183,21931,JUMBO STORAGE BAG SUKI,4.0,2023-10-22 07:52:32,1.87,12736,7.48
536184,84406B,CREAM CUPID HEARTS COAT HANGER,3.0,2023-02-16 21:45:07,2.64,12792,7.92
536185,22633,HAND WARMER UNION JACK,6.0,2023-10-13 03:12:43,1.78,12593,10.68
536185,21931,JUMBO STORAGE BAG SUKI,2.0,2023-10-13 03:12:43,1.92,12593,3.84
536185,85099F,JUMBO BAG STRAWBERRY,2.0,2023-10-13 03:12:43,1.98,12593,3.96
536187,22633,HAND WARMER UNION JACK,1.0,2023-09-16 04:37:19,1.92,12415,1.92
536187,22411,JUMBO SHOPPER VINTAGE RED PAISLEY,2.0,2023-09-16 04:37:19,2.02,12415,4.04
536187,85123A,WHITE HANGING HEART T-LIGHT HOLDER,2.0,2023-09-16 04:37:19,2.64,12415,5.28
536187,22749,POPPY'S PLAYHOUSE LIVINGROOM,2.0,2023-09-16 04:37:19,2.15,12415,4.3
536187,22383,LUNCH BAG SUKI DESIGN,2.0,2023-09-16 04:37:19,1.65,12415,3.3
536188,85099F,JUMBO BAG STRAWBERRY,1.0,2023-08-21 17:20:01,1.98,12781,1.98
536188,22749,POPPY'S PLAYHOUSE LIVINGROOM,4.0,2023-08-21 17:20:01,2.12,12781,8.48
536189,22411,JUMBO SHOPPER VINTAGE RED PAISLEY,1.0,2023-05-23 20:14:48,1.9,12952,1.9
536189,21931,JUMBO STORAGE BAG SUKI,2.0,2023-05-23 20:14:48,1.89,12952,3.78
536189,84029E,RED WOOLLY HOTTIE WHITE HEART.,2.0,2023-05-23 20:14:48,3.36,12952,6.72
536190,22310,IVORY KNITTED MUG COSY,3.0,2023-11-26 18:53:21,1.62,12877,4.86
536190,85099B,JUMBO BAG RED RETROSPOT,2.0,2023-11-26 18:53:21,2.02,12877,4.04
536191,22386,JUMBO BAG PINK POLKADOT,1.0,2023-05-27 16:50:03,1.88,12877,1.88
536193,22383,LUNCH BAG SUKI DESIGN,4.0,2023-06-28 23:08:42,1.68,12821,6.72
536193,84406B,CREAM CUPID HEARTS COAT HANGER,2.0,2023-06-28 23:08:42,2.77,12821,5.54
536193,22745,POPPY'S PLAYHOUSE BEDROOM,1.0,2023-06-28 23:08:42,2.02,12821,2.02
536193,84879,ASSORTED COLOUR BIRD ORNAMENT,6.0,2023-06-28 23:08:42,1.72,12821,10.32
536193,22310,IVORY KNITTED MUG COSY,2.0,2023-06-28 23:08:42,1.62,12821,3.24
536193,20728,LUNCH BAG CARS BLUE,3.0,2023-06-28 23:08:42,1.72,12821,5.16
536195,20726,LUNCH BAG WOODLAND,1.0,2023-09-05 20:48:52,1.65,13051,1.65
536195,84029E,RED WOOLLY HOTTIE WHITE HEART.,3.0,2023-09-05 20:48:52,3.27,13051,9.81
536195,84969,BOX OF 6 ASSORTED COLOUR TEASPOONS,2.0,2023-09-05 20:48:52,4.09,13051,8.18
536195,84879,ASSORTED COLOUR BIRD ORNAMENT,2.0,2023-09-05 20:48:52,1.63,13051,3.26
536195,22386,JUMBO BAG PINK POLKADOT,3.0,2023-09-05 20:48:52,1.87,13051,5.61
536196,22745,POPPY'S PLAYHOUSE BEDROOM,3.0,2023-09-13 18:11:32,2.01,12747,6.03
536196,22633,HAND WARMER UNION JACK,2.0,2023-09-13 18:11:32,1.77,12747,3.54
536196,47566,PARTY BUNTING,2.0,2023-09-13 18:11:32,4.75,12747,9.5
536198,84969,BOX OF 6 ASSORTED COLOUR TEASPOONS,4.0,2023-07-18 03:36:44,4.13,12635,16.52
536198,22632,HAND WARMER RED POLKA DOT,1.0,2023-07-18 03:36:44,1.81,12635,1.81
536198,22748,POPPY'S PLAYHOUSE KITCHEN,1.0,2023-07-18 03:36:44,2.11,12635,2.11
536199,84029G,KNITTED UNION FLAG HOT WATER BOTTLE,3.0,2023-05-22 23:52:59,3.48,12835,10.44
536200,22310,IVORY KNITTED MUG COSY,1.0,2023-10-05 16:58:31,1.67,12572,1.67
536201,21730,GLASS STAR FROSTED T-LIGHT HOLDER,2.0,2023-06-11 09:40:47,4.09,12877,8.18
536201,22384,LUNCH BAG PINK POLKADOT,1.0,2023-06-11 09:40:47,1.72,12877,1.72
536201,21931,JUMBO STORAGE BAG SUKI,3.0,2023-06-11 09:40:47,2.03,12877,6.09
536201,22632,HAND WARMER RED POLKA DOT,4.0,2023-06-11 09:40:47,1.94,12877,7.76
536202,22310,IVORY KNITTED MUG COSY,4.0,2023-10-22 16:40:01,1.66,12999,6.64
536202,21730,GLASS STAR FROSTED T-LIGHT HOLDER,2.0,2023-10-22 16:40:01,4.39,12999,8.78
536202,84029G,KNITTED UNION FLAG HOT WATER BOTTLE,1.0,2023-10-22 16:40:01,3.36,12999,3.36
536202,22748,POPPY'S PLAYHOUSE KITCHEN,1.0,2023-10-22 16:40:01,2.1,12999,2.1
536203,71053,WHITE METAL LANTERN,1.0,2023-06-19 21:08:40,3.37,12524,3.37
536204,21730,GLASS STAR FROSTED T-LIGHT HOLDER,4.0,2023-09-18 03:53:45,4.28,12736,17.12
536204,85123A,WHITE HANGING HEART T-LIGHT HOLDER,1.0,2023-09-18 03:53:45,2.6,12736,2.6
536204,71053,WHITE METAL LANTERN,1.0,2023-09-18 03:53:45,3.5,12736,3.5
536204,22086,PAPER CHAIN KIT 50'S CHRISTMAS,3.0,2023-09-18 03:53:45,2.68,12736,8.04
536204,22745,POPPY'S PLAYHOUSE BEDROOM,2.0,2023-09-18 03:53:45,2.17,12736,4.34
536205,20727,LUNCH BAG BLACK SKULL.,1.0,2023-08-16 15:23:16,1.69,12973,1.69
536205,22411,JUMBO SHOPPER VINTAGE RED PAISLEY,6.0,2023-08-16 15:23:16,1.95,12973,11.7
536205,20726,LUNCH BAG WOODLAND,2.0,2023-08-16 15:23:16,1.64,12973,3.28
536206,22749,POPPY'S PLAYHOUSE LIVINGROOM,1.0,2023-10-30 15:52:40,2.03,12710,2.03
536206,20726,LUNCH BAG WOODLAND,2.0,2023-10-30 15:52:40,1.58,12710,3.16
536206,22748,POPPY'S PLAYHOUSE KITCHEN,4.0,2023-10-30 15:52:40,2.05,12710,8.2
536206,20727,LUNCH BAG BLACK SKULL.,2.0,2023-10-30 15:52:40,1.71,12710,3.42
536206,84969,BOX OF 6 ASSORTED COLOUR TEASPOONS,4.0,2023-10-30 15:52:40,4.28,12710,17.12
536207,84969,BOX OF 6 ASSORTED COLOUR TEASPOONS,1.0,2023-10-26 06:52:16,4.42,13061,4.42
536207,22310,IVORY KNITTED MUG COSY,4.0,2023-10-26 06:52:16,1.71,13061,6.84
536207,71053,WHITE METAL LANTERN,1.0,2023-10-26 06:52:16,3.35,13061,3.35
536207,22632,HAND WARMER RED POLKA DOT,1.0,2023-10-26 06:52:16,1.87,13061,1.87
536207,22384,LUNCH BAG PINK POLKADOT,1.0,2023-10-26 06:52:16,1.72,13061,1.72
536208,84879,ASSORTED COLOUR BIRD ORNAMENT,2.0,2023-07-13 04:10:29,1.65,12877,3.3
536208,84406B,CREAM CUPID HEARTS COAT HANGER,3.0,2023-07-13 04:10:29,2.84,12877,8.52
536208,85123A,WHITE HANGING HEART T-LIGHT HOLDER,3.0,2023-07-13 04:10:29,2.47,12877,7.41
536208,22386,JUMBO BAG PINK POLKADOT,2.0,2023-07-13 04:10:29,1.93,12877,3.86
536208,22382,LUNCH BAG SPACEBOY DESIGN,2.0,2023-07-13 04:10:29,1.68,12877,3.36
536209,84879,ASSORTED COLOUR BIRD ORNAMENT,1.0,2023-01-22 14:35:51,1.64,12353,1.64
536209,22632,HAND WARMER RED POLKA DOT,3.0,2023-01-22 14:35:51,1.8,12353,5.4
536209,20727,LUNCH BAG BLACK SKULL.,2.0,2023-01-22 14:35:51,1.7,12353,3.4
536209,22382,LUNCH BAG SPACEBOY DESIGN,2.0,2023-01-22 14:35:51,1.73,12353,3.46
536209,84029G,KNITTED UNION FLAG HOT WATER BOTTLE,2.0,2023-01-22 14:35:51,3.55,12353,7.1
536210,22086,PAPER CHAIN KIT 50'S CHRISTMAS,2.0,2023-08-13 13:32:02,2.59,12591,5.18
536210,22632,HAND WARMER RED POLKA DOT,1.0,2023-08-13 13:32:02,1.91,12591,1.91
536210,22411,JUMBO SHOPPER VINTAGE RED PAISLEY,1.0,2023-08-13 13:32:02,1.88,12591,1.88
536211,85099F,JUMBO BAG STRAWBERRY,1.0,2023-10-05 07:40:46,1.98,12877,1.98
536211,20726,LUNCH BAG WOODLAND,4.0,2023-10-05 07:40:46,1.6,12877,6.4
536211,20725,LUNCH BAG RED RETROSPOT,3.0,2023-10-05 07:40:46,1.72,12877,5.16
536211,22386,JUMBO BAG PINK POLKADOT,3.0,2023-10-05 07:40:46,1.94,12877,5.82
536211,85099B,JUMBO BAG RED RETROSPOT,2.0,2023-10-05 07:40:46,1.93,12877,3.86
536212,22382,LUNCH BAG SPACEBOY DESIGN,1.0,2023-09-19 08:45:53,1.61,12877,1.61
536212,84029G,KNITTED UNION FLAG HOT WATER BOTTLE,2.0,2023-09-19 08:45:53,3.54,12877,7.08
536214,84406B,CREAM CUPID HEARTS COAT HANGER,1.0,2023-06-17 22:23:43,2.81,12466,2.81
536214,22411,JUMBO SHOPPER VINTAGE RED PAISLEY,2.0,2023-06-17 22:23:43,2.0,12466,4.0
536214,22383,LUNCH BAG SUKI DESIGN,1.0,2023-06-17 22:23:43,1.69,12466,1.69
536215,47566,PARTY BUNTING,2.0,2023-03-13 03:00:50,4.49,12889,8.98
536215,85123A,WHITE HANGING HEART T-LIGHT HOLDER,4.0,2023-03-13 03:00:50,2.47,12889,9.88
536215,22383,LUNCH BAG SUKI DESIGN,1.0,2023-03-13 03:00:50,1.64,12889,1.64
536215,20727,LUNCH BAG BLACK SKULL.,2.0,2023-03-13 03:00:50,1.73,12889,3.46
536215,22745,POPPY'S PLAYHOUSE BEDROOM,3.0,2023-03-13 03:00:50,2.08,12889,6.24
536216,22382,LUNCH BAG SPACEBOY DESIGN,3.0,2023-10-11 02:20:34,1.58,13071,4.74
536217,22310,IVORY KNITTED MUG COSY,3.0,2023-08-23 18:46:17,1.63,13021,4.89
536217,84406B,CREAM CUPID HEARTS COAT HANGER,2.0,2023-08-23 18:46:17,2.75,13021,5.5
536217,21931,JUMBO STORAGE BAG SUKI,2.0,2023-08-23 18:46:17,1.96,13021,3.92
536218,22086,PAPER CHAIN KIT 50'S CHRISTMAS,1.0,2023-05-18 05:11:47,2.56,12507,2.56
536219,85099F,JUMBO BAG STRAWBERRY,1.0,2023-06-28 04:53:32,1.91,12572,1.91
536219,22384,LUNCH BAG PINK POLKADOT,3.0,2023-06-28 04:53:32,1.66,12572,4.98
536219,22383,LUNCH BAG SUKI DESIGN,2.0,2023-06-28 04:53:32,1.71,12572,3.42
536219,84029E,RED WOOLLY HOTTIE WHITE HEART.,4.0,2023-06-28 04:53:32,3.3,12572,13.2
536222,20726,LUNCH BAG WOODLAND,1.0,2023-09-09 20:49:29,1.71,12864,1.71
536222,22310,IVORY KNITTED MUG COSY,3.0,2023-09-09 20:49:29,1.65,12864,4.95
536222,21730,GLASS STAR FROSTED T-LIGHT HOLDER,1.0,2023-09-09 20:49:29,4.39,12864,4.39
536222,22386,JUMBO BAG PINK POLKADOT,2.0,2023-09-09 20:49:29,1.88,12864,3.76
536223,85099F,JUMBO BAG STRAWBERRY,1.0,2023-07-31 12:29:34,1.95,12877,1.95
536223,22745,POPPY'S PLAYHOUSE BEDROOM,1.0,2023-07-31 12:29:34,2.12,12877,2.12
536224,84029E,RED WOOLLY HOTTIE WHITE HEART.,3.0,2023-12-07 12:48:41,3.23,12763,9.69
536224,22632,HAND WARMER RED POLKA DOT,1.0,2023-12-07 12:48:41,1.86,12763,1.86
536225,22383,LUNCH BAG SUKI DESIGN,3.0,2023-08-15 14:29:35,1.64,12380,4.92
536225,22749,POPPY'S PLAYHOUSE LIVINGROOM,2.0,2023-08-15 14:29:35,2.04,12380,4.08
536225,21931,JUMBO STORAGE BAG SUKI,2.0,2023-08-15 14:29:35,1.96,12380,3.92
536225,84879,ASSORTED COLOUR BIRD ORNAMENT,2.0,2023-08-15 14:29:35,1.68,12380,3.36
536226,71053,WHITE METAL LANTERN,1.0,2023-10-10 05:41:56,3.53,12846,3.53
536227,20725,LUNCH BAG RED RETROSPOT,1.0,2023-11-09 22:08:22,1.73,12877,1.73
536227,22310,IVORY KNITTED MUG COSY,4.0,2023-11-09 22:08:22,1.57,12877,6.28
536227,21730,GLASS STAR FROSTED T-LIGHT HOLDER,1.0,2023-11-09 22:08:22,4.21,12877,4.21
536227,84879,ASSORTED COLOUR BIRD ORNAMENT,1.0,2023-11-09 22:08:22,1.69,12877,1.69
536227,84029G,KNITTED UNION FLAG HOT WATER BOTTLE,1.0,2023-11-09 22:08:22,3.45,12877,3.45
536228,47566,PARTY BUNTING,3.0,2023-08-23 13:01:20,4.87,13078,14.61
536228,22745,POPPY'S PLAYHOUSE BEDROOM,2.0,2023-08-23 13:01:20,2.17,13078,4.34
536228,71053,WHITE METAL LANTERN,4.0,2023-08-23 13:01:20,3.56,13078,14.24
536228,22310,IVORY KNITTED MUG COSY,3.0,2023-08-23 13:01:20,1.61,13078,4.83
536228,84406B,CREAM CUPID HEARTS COAT HANGER,1.0,2023-08-23 13:01:20,2.69,13078,2.69
536228,22749,POPPY'S PLAYHOUSE LIVINGROOM,1.0,2023-08-23 13:01:20,2.11,13078,2.11
536229,84406B,CREAM CUPID HEARTS COAT HANGER,1.0,2023-06-15 16:16:24,2.75,12588,2.75
536230,71053,WHITE METAL LANTERN,2.0,2023-05-16 12:53:17,3.48,12572,6.96
536230,22382,LUNCH BAG SPACEBOY DESIGN,3.0,2023-05-16 12:53:17,1.71,12572,5.13
536230,20727,LUNCH BAG BLACK SKULL.,1.0,2023-05-16 12:53:17,1.73,12572,1.73
536230,84969,BOX OF 6 ASSORTED COLOUR TEASPOONS,6.0,2023-05-16 12:53:17,4.27,12572,25.62
536230,20728,LUNCH BAG CARS BLUE,2.0,2023-05-16 12:53:17,1.69,12572,3.38
536230,22749,POPPY'S PLAYHOUSE LIVINGROOM,3.0,2023-05-16 12:53:17,2.1,12572,6.3
536231,20725,LUNCH BAG RED RETROSPOT,2.0,2023-11-07 13:04:24,1.71,12622,3.42
536232,84029G,KNITTED UNION FLAG HOT WATER BOTTLE,2.0,2023-03-30 15:53:02,3.55,12877,7.1
536232,20725,LUNCH BAG RED RETROSPOT,1.0,2023-03-30 15:53:02,1.64,12877,1.64
536232,85123A,WHITE HANGING HEART T-LIGHT HOLDER,4.0,2023-03-30 15:53:02,2.57,12877,10.28
536233,84969,BOX OF 6 ASSORTED COLOUR TEASPOONS,1.0,2023-12-09 21:14:48,4.22,12651,4.22
536233,20727,LUNCH BAG BLACK SKULL.,2.0,2023-12-09 21:14:48,1.61,12651,3.22
536233,22632,HAND WARMER RED POLKA DOT,2.0,2023-12-09 21:14:48,1.84,12651,3.68
536233,22086,PAPER CHAIN KIT 50'S CHRISTMAS,2.0,2023-12-09 21:14:48,2.56,12651,5.12
536233,85123A,WHITE HANGING HEART T-LIGHT HOLDER,3.0,2023-12-09 21:14:48,2.6,12651,7.8
536234,84879,ASSORTED COLOUR BIRD ORNAMENT,2.0,2023-06-25 16:35:28,1.68,12787,3.36
536234,21730,GLASS STAR FROSTED T-LIGHT HOLDER,3.0,2023-06-25 16:35:28,4.2,12787,12.6
536234,22386,JUMBO BAG PINK POLKADOT,1.0,2023-06-25 16:35:28,1.92,12787,1.92
536234,20726,LUNCH BAG WOODLAND,1.0,2023-06-25 16:35:28,1.65,12787,1.65
536234,22383,LUNCH BAG SUKI DESIGN,2.0,2023-06-25 16:35:28,1.63,12787,3.26
536235,47566,PARTY BUNTING,2.0,2023-12-01 22:41:34,4.57,12607,9.14
536235,84969,BOX OF 6 ASSORTED COLOUR TEASPOONS,3.0,2023-12-01 22:41:34,4.28,12607,12.84
536236,22632,HAND WARMER RED POLKA DOT,1.0,2023-06-05 07:15:35,1.92,12778,1.92
536236,22386,JUMBO BAG PINK POLKADOT,4.0,2023-06-05 07:15:35,1.98,12778,7.92
536236,84029E,RED WOOLLY HOTTIE WHITE HEART.,4.0,2023-06-05 07:15:35,3.41,12778,13.64
536237,85099F,JUMBO BAG STRAWBERRY,3.0,2023-05-10 02:48:06,1.91,13066,5.73
536237,22383,LUNCH BAG SUKI DESIGN,1.0,2023-05-10 02:48:06,1.61,13066,1.61
536237,22411,JUMBO SHOPPER VINTAGE RED PAISLEY,1.0,2023-05-10 02:48:06,1.89,13066,1.89
536237,84029E,RED WOOLLY HOTTIE WHITE HEART.,4.0,2023-05-10 02:48:06,3.38,13066,13.52
536237,85123A,WHITE HANGING HEART T-LIGHT HOLDER,2.0,2023-05-10 02:48:06,2.54,13066,5.08
536238,21931,JUMBO STORAGE BAG SUKI,2.0,2023-10-26 13:12:05,1.97,13131,3.94
536238,85099F,JUMBO BAG STRAWBERRY,4.0,2023-10-26 13:12:05,1.95,13131,7.8
536239,71053,WHITE METAL LANTERN,3.0,2023-02-04 06:15:09,3.34,12500,10.02
536239,85099B,JUMBO BAG RED RETROSPOT,2.0,2023-02-04 06:15:09,1.99,12500,3.98
536239,22411,JUMBO SHOPPER VINTAGE RED PAISLEY,1.0,2023-02-04 06:15:09,1.85,12500,1.85
536239,84029G,KNITTED UNION FLAG HOT WATER BOTTLE,3.0,2023-02-04 06:15:09,3.29,12500,9.87
536239,22384,LUNCH BAG PINK POLKADOT,2.0,2023-02-04 06:15:09,1.68,12500,3.36
536240,22383,LUNCH BAG SUKI DESIGN,1.0,2023-03-15 13:52:44,1.67,12434,1.67
536240,85099F,JUMBO BAG STRAWBERRY,3.0,2023-03-15 13:52:44,1.98,12434,5.94
536240,85099B,JUMBO BAG RED RETROSPOT,2.0,2023-03-15 13:52:44,2.01,12434,4.02
536241,22749,POPPY'S PLAYHOUSE LIVINGROOM,2.0,2023-07-19 12:04:47,2.02,12829,4.04
536241,22384,LUNCH BAG PINK POLKADOT,1.0,2023-07-19 12:04:47,1.69,12829,1.69
536241,22748,POPPY'S PLAYHOUSE KITCHEN,2.0,2023-07-19 12:04:47,2.09,12829,4.18
536243,22632,HAND WARMER RED POLKA DOT,2.0,2023-11-08 00:15:18,1.94,12572,3.88
536244,22633,HAND WARMER UNION JACK,3.0,2023-04-15 21:35:32,1.9,12607,5.7
536244,84969,BOX OF 6 ASSORTED COLOUR TEASPOONS,1.0,2023-04-15 21:35:32,4.33,12607,4.33
536244,22632,HAND WARMER RED POLKA DOT,1.0,2023-04-15 21:35:32,1.8,12607,1.8
536244,20728,LUNCH BAG CARS BLUE,1.0,2023-04-15 21:35:32,1.6,12607,1.6
536244,21931,JUMBO STORAGE BAG SUKI,4.0,2023-04-15 21:35:32,2.0,12607,8.0
536245,22633,HAND WARMER UNION JACK,4.0,2023-09-11 13:09:18,1.81,13026,7.24
536245,22632,HAND WARMER RED POLKA DOT,3.0,2023-09-11 13:09:18,1.77,13026,5.31
536246,22632,HAND WARMER RED POLKA DOT,1.0,2023-08-10 17:32:56,1.86,13024,1.86
536246,22748,POPPY'S PLAYHOUSE KITCHEN,6.0,2023-08-10 17:32:56,2.0,13024,12.0
536246,22384,LUNCH BAG PINK POLKADOT,2.0,2023-08-10 17:32:56,1.61,13024,3.22
536246,84406B,CREAM CUPID HEARTS COAT HANGER,4.0,2023-08-10 17:32:56,2.7,13024,10.8
536246,20725,LUNCH BAG RED RETROSPOT,3.0,2023-08-10 17:32:56,1.63,13024,4.89
536247,21730,GLASS STAR FROSTED T-LIGHT HOLDER,2.0,2023-07-06 15:08:49,4.22,12864,8.44
536247,22749,POPPY'S PLAYHOUSE LIVINGROOM,1.0,2023-07-06 15:08:49,2.13,12864,2.13
536247,20728,LUNCH BAG CARS BLUE,3.0,2023-07-06 15:08:49,1.63,12864,4.89
536247,22632,HAND WARMER RED POLKA DOT,6.0,2023-07-06 15:08:49,1.81,12864,10.86
536248,22382,LUNCH BAG SPACEBOY DESIGN,1.0,2023-09-10 18:14:17,1.63,12877,1.63
536248,21931,JUMBO STORAGE BAG SUKI,1.0,2023-09-10 18:14:17,1.97,12877,1.97
536249,20726,LUNCH BAG WOODLAND,4.0,2023-04-16 05:41:54,1.72,12877,6.88
536249,84406B,CREAM CUPID HEARTS COAT HANGER,1.0,2023-04-16 05:41:54,2.72,12877,2.72
536250,22310,IVORY KNITTED MUG COSY,6.0,2023-04-09 05:13:38,1.64,12877,9.84
536250,22632,HAND WARMER RED POLKA DOT,4.0,2023-04-09 05:13:38,1.82,12877,7.28
536250,20728,LUNCH BAG CARS BLUE,6.0,2023-04-09 05:13:38,1.69,12877,10.14
536253,22632,HAND WARMER RED POLKA DOT,1.0,2023-09-03 14:47:20,1.87,12869,1.87
536253,22384,LUNCH BAG PINK POLKADOT,1.0,2023-09-03 14:47:20,1.72,12869,1.72
536253,20728,LUNCH BAG CARS BLUE,2.0,2023-09-03 14:47:20,1.64,12869,3.28
536253,21730,GLASS STAR FROSTED T-LIGHT HOLDER,2.0,2023-09-03 14:47:20,4.35,12869,8.7
536253,20727,LUNCH BAG BLACK SKULL.,1.0,2023-09-03 14:47:20,1.64,12869,1.64
536254,20726,LUNCH BAG WOODLAND,6.0,2023-09-16 00:06:20,1.71,12793,10.26
536255,85099B,JUMBO BAG RED RETROSPOT,3.0,2023-12-10 13:24:38,1.94,12557,5.82
536255,20728,LUNCH BAG CARS BLUE,2.0,2023-12-10 13:24:38,1.72,12557,3.44
536255,47566,PARTY BUNTING,4.0,2023-12-10 13:24:38,4.67,12557,18.68
536255,22386,JUMBO BAG PINK POLKADOT,2.0,2023-12-10 13:24:38,2.01,12557,4.02
536255,20725,LUNCH BAG RED RETROSPOT,2.0,2023-12-10 13:24:38,1.71,12557,3.42
536255,20727,LUNCH BAG BLACK SKULL.,3.0,2023-12-10 13:24:38,1.63,12557,4.89
536256,71053,WHITE METAL LANTERN,1.0,2023-07-08 03:29:38,3.4,12458,3.4
536256,85099B,JUMBO BAG RED RETROSPOT,3.0,2023-07-08 03:29:38,1.96,12458,5.88
536256,22310,IVORY KNITTED MUG COSY,3.0,2023-07-08 03:29:38,1.73,12458,5.19
536256,84969,BOX OF 6 ASSORTED COLOUR TEASPOONS,1.0,2023-07-08 03:29:38,4.45,12458,4.45
536257,85099B,JUMBO BAG RED RETROSPOT,1.0,2023-07-13 22:33:14,2.04,12467,2.04
536258,20728,LUNCH BAG CARS BLUE,1.0,2023-02-03 21:31:37,1.62,12588,1.62
536259,84879,ASSORTED COLOUR BIRD ORNAMENT,4.0,2023-11-09 08:42:53,1.63,12434,6.52
536259,85123A,WHITE HANGING HEART T-LIGHT HOLDER,1.0,2023-11-09 08:42:53,2.46,12434,2.46
536259,22749,POPPY'S PLAYHOUSE LIVINGROOM,1.0,2023-11-09 08:42:53,2.18,12434,2.18
536260,22411,JUMBO SHOPPER VINTAGE RED PAISLEY,3.0,2023-09-13 20:03:25,1.87,12586,5.61
536261,84029E,RED WOOLLY HOTTIE WHITE HEART.,1.0,2023-05-21 11:26:07,3.4,12758,3.4
536261,22633,HAND WARMER UNION JACK,1.0,2023-05-21 11:26:07,1.85,12758,1.85
536262,22749,POPPY'S PLAYHOUSE LIVINGROOM,2.0,2023-09-30 09:39:04,2.05,13086,4.1
536263,84969,BOX OF 6 ASSORTED COLOUR TEASPOONS,1.0,2023-09-27 10:49:35,4.09,12486,4.09
536263,20725,LUNCH BAG RED RETROSPOT,6.0,2023-09-27 10:49:35,1.6,12486,9.6
536263,84029E,RED WOOLLY HOTTIE WHITE HEART.,2.0,2023-09-27 10:49:35,3.5,12486,7.0
536263,20726,LUNCH BAG WOODLAND,2.0,2023-09-27 10:49:35,1.59,12486,3.18
536265,20728,LUNCH BAG CARS BLUE,2.0,2023-08-21 05:06:50,1.6,12591,3.2
536266,22384,LUNCH BAG PINK POLKADOT,2.0,2023-08-25 23:52:24,1.7,12486,3.4
536266,22086,PAPER CHAIN KIT 50'S CHRISTMAS,6.0,2023-08-25 23:52:24,2.63,12486,15.78
536266,20725,LUNCH BAG RED RETROSPOT,4.0,2023-08-25 23:52:24,1.58,12486,6.32
536266,71053,WHITE METAL LANTERN,3.0,2023-08-25 23:52:24,3.56,12486,10.68
536266,22383,LUNCH BAG SUKI DESIGN,1.0,2023-08-25 23:52:24,1.7,12486,1.7
536266,84969,BOX OF 6 ASSORTED COLOUR TEASPOONS,4.0,2023-08-25 23:52:24,4.31,12486,17.24
536267,22310,IVORY KNITTED MUG COSY,3.0,2023-09-15 09:06:28,1.58,12821,4.74
536267,85123A,WHITE HANGING HEART T-LIGHT HOLDER,6.0,2023-09-15 09:06:28,2.65,12821,15.9
536267,20725,LUNCH BAG RED RETROSPOT,1.0,2023-09-15 09:06:28,1.68,12821,1.68
536267,85099F,JUMBO BAG STRAWBERRY,1.0,2023-09-15 09:06:28,2.0,12821,2.0
536267,21931,JUMBO STORAGE BAG SUKI,1.0,2023-09-15 09:06:28,1.97,12821,1.97
536268,20725,LUNCH BAG RED RETROSPOT,3.0,2023-10-14 22:29:57,1.65,12878,4.95
536270,20728,LUNCH BAG CARS BLUE,3.0,2023-07-29 18:19:39,1.64,13029,4.92
536270,85099F,JUMBO BAG STRAWBERRY,2.0,2023-07-29 18:19:39,2.0,13029,4.0
536272,20725,LUNCH BAG RED RETROSPOT,6.0,2023-12-09 23:47:42,1.62,13007,9.72
536272,84029G,KNITTED UNION FLAG HOT WATER BOTTLE,1.0,2023-12-09 23:47:42,3.26,13007,3.26
536272,22386,JUMBO BAG PINK POLKADOT,1.0,2023-12-09 23:47:42,1.99,13007,1.99
536273,84969,BOX OF 6 ASSORTED COLOUR TEASPOONS,1.0,2023-04-14 15:50:43,4.36,12992,4.36
536273,22748,POPPY'S PLAYHOUSE KITCHEN,1.0,2023-04-14 15:50:43,2.12,12992,2.12
536273,22386,JUMBO BAG PINK POLKADOT,3.0,2023-04-14 15:50:43,1.94,12992,5.82
536274,85099F,JUMBO BAG STRAWBERRY,3.0,2023-09-29 08:37:36,1.89,12380,5.67
536274,21931,JUMBO STORAGE BAG SUKI,2.0,2023-09-29 08:37:36,2.01,12380,4.02
536274,22086,PAPER CHAIN KIT 50'S CHRISTMAS,4.0,2023-09-29 08:37:36,2.58,12380,10.32
536274,20727,LUNCH BAG BLACK SKULL.,4.0,2023-09-29 08:37:36,1.67,12380,6.68
536274,22386,JUMBO BAG PINK POLKADOT,1.0,2023-09-29 08:37:36,1.89,12380,1.89
536275,84029G,KNITTED UNION FLAG HOT WATER BOTTLE,2.0,2023-11-03 02:43:32,3.25,12989,6.5
536276,20726,LUNCH BAG WOODLAND,2.0,2023-08-27 06:52:42,1.62,12616,3.24
536276,47566,PARTY BUNTING,3.0,2023-08-27 06:52:42,4.62,12616,13.86
536276,20728,LUNCH BAG CARS BLUE,2.0,2023-08-27 06:52:42,1.6,12616,3.2
536276,21931,JUMBO STORAGE BAG SUKI,3.0,2023-08-27 06:52:42,1.89,12616,5.67
536276,84029E,RED WOOLLY HOTTIE WHITE HEART.,4.0,2023-08-27 06:52:42,3.54,12616,14.16
536277,85123A,WHITE HANGING HEART T-LIGHT HOLDER,6.0,2023-03-19 10:47:34,2.54,12586,15.24
536277,22382,LUNCH BAG SPACEBOY DESIGN,2.0,2023-03-19 10:47:34,1.72,12586,3.44
536277,22749,POPPY'S PLAYHOUSE LIVINGROOM,1.0,2023-03-19 10:47:34,2.12,12586,2.12
536277,20725,LUNCH BAG RED RETROSPOT,3.0,2023-03-19 10:47:34,1.58,12586,4.74
536277,20727,LUNCH BAG BLACK SKULL.,1.0,2023-03-19 10:47:34,1.68,12586,1.68
536278,22382,LUNCH BAG SPACEBOY DESIGN,1.0,2023-03-03 22:22:18,1.63,12764,1.63
536278,21931,JUMBO STORAGE BAG SUKI,4.0,2023-03-03 22:22:18,1.93,12764,7.72
536279,85099B,JUMBO BAG RED RETROSPOT,3.0,2023-06-27 22:42:22,1.93,12628,5.79
536280,84969,BOX OF 6 ASSORTED COLOUR TEASPOONS,2.0,2023-09-01 21:25:16,4.11,13113,8.22
536280,20728,LUNCH BAG CARS BLUE,4.0,2023-09-01 21:25:16,1.72,13113,6.88
536280,84406B,CREAM CUPID HEARTS COAT HANGER,1.0,2023-09-01 21:25:16,2.75,13113,2.75
536281,84879,ASSORTED COLOUR BIRD ORNAMENT,2.0,2023-10-14 01:34:21,1.67,12877,3.34
536281,22749,POPPY'S PLAYHOUSE LIVINGROOM,1.0,2023-10-14 01:34:21,2.0,12877,2.0
536281,22633,HAND WARMER UNION JACK,2.0,2023-10-14 01:34:21,1.87,12877,3.74
536282,20725,LUNCH BAG RED RETROSPOT,4.0,2023-06-12 21:36:17,1.71,12835,6.84
536283,85099F,JUMBO BAG STRAWBERRY,2.0,2023-12-06 06:41:35,2.0,13026,4.0
536283,84406B,CREAM CUPID HEARTS COAT HANGER,2.0,2023-12-06 06:41:35,2.89,13026,5.78
536283,22745,POPPY'S PLAYHOUSE BEDROOM,3.0,2023-12-06 06:41:35,2.16,13026,6.48
536283,85123A,WHITE HANGING HEART T-LIGHT HOLDER,4.0,2023-12-06 06:41:35,2.53,13026,10.12
536284,20728,LUNCH BAG CARS BLUE,2.0,2023-08-30 04:10:11,1.67,12893,3.34
536284,71053,WHITE METAL LANTERN,1.0,2023-08-30 04:10:11,3.48,12893,3.48
536284,85123A,WHITE HANGING HEART T-LIGHT HOLDER,3.0,2023-08-30 04:10:11,2.57,12893,7.71
536284,21730,GLASS STAR FROSTED T-LIGHT HOLDER,1.0,2023-08-30 04:10:11,4.26,12893,4.26
536284,84879,ASSORTED COLOUR BIRD ORNAMENT,1.0,2023-08-30 04:10:11,1.72,12893,1.72
536285,22749,POPPY'S PLAYHOUSE LIVINGROOM,4.0,2023-06-02 16:36:26,2.07,12844,8.28
536286,22383,LUNCH BAG SUKI DESIGN,6.0,2023-11-12 17:54:23,1.69,12528,10.14
536286,21931,JUMBO STORAGE BAG SUKI,2.0,2023-11-12 17:54:23,1.9,12528,3.8
536286,22086,PAPER CHAIN KIT 50'S CHRISTMAS,4.0,2023-11-12 17:54:23,2.61,12528,10.44
536286,22382,LUNCH BAG SPACEBOY DESIGN,3.0,2023-11-12 17:54:23,1.73,12528,5.19
536287,20728,LUNCH BAG CARS BLUE,2.0,2023-09-08 14:17:53,1.72,12877,3.44
536287,71053,WHITE METAL LANTERN,3.0,2023-09-08 14:17:53,3.5,12877,10.5
536287,22749,POPPY'S PLAYHOUSE LIVINGROOM,2.0,2023-09-08 14:17:53,2.04,12877,4.08
536288,71053,WHITE METAL LANTERN,6.0,2023-09-16 22:59:01,3.33,12877,19.98
536288,20728,LUNCH BAG CARS BLUE,3.0,2023-09-16 22:59:01,1.67,12877,5.01
536288,20725,LUNCH BAG RED RETROSPOT,2.0,2023-09-16 22:59:01,1.72,12877,3.44
536289,22748,POPPY'S PLAYHOUSE KITCHEN,2.0,2023-06-13 19:20:11,2.01,12730,4.02
536290,85099B,JUMBO BAG RED RETROSPOT,1.0,2023-08-06 20:20:12,1.89,12399,1.89
536290,22382,LUNCH BAG SPACEBOY DESIGN,2.0,2023-08-06 20:20:12,1.68,12399,3.36
536290,85099F,JUMBO BAG STRAWBERRY,2.0,2023-08-06 20:20:12,1.91,12399,3.82
536290,20727,LUNCH BAG BLACK SKULL.,2.0,2023-08-06 20:20:12,1.59,12399,3.18
536290,71053,WHITE METAL LANTERN,1.0,2023-08-06 20:20:12,3.52,12399,3.52
536290,21931,JUMBO STORAGE BAG SUKI,2.0,2023-08-06 20:20:12,1.93,12399,3.86
536291,20726,LUNCH BAG WOODLAND,1.0,2023-07-26 21:04:24,1.7,12845,1.7
536292,84029G,KNITTED UNION FLAG HOT WATER BOTTLE,6.0,2023-07-11 05:16:33,3.43,12836,20.58
536292,71053,WHITE METAL LANTERN,1.0,2023-07-11 05:16:33,3.33,12836,3.33
536293,21730,GLASS STAR FROSTED T-LIGHT HOLDER,1.0,2023-05-20 05:32:47,4.39,13021,4.39
536293,84406B,CREAM CUPID HEARTS COAT HANGER,1.0,2023-05-20 05:32:47,2.73,13021,2.73
536293,85123A,WHITE HANGING HEART T-LIGHT HOLDER,3.0,2023-05-20 05:32:47,2.55,13021,7.65
536293,47566,PARTY BUNTING,4.0,2023-05-20 05:32:47,4.87,13021,19.48
536294,22745,POPPY'S PLAYHOUSE BEDROOM,2.0,2023-05-01 13:10:37,2.14,12414,4.28
536295,84406B,CREAM CUPID HEARTS COAT HANGER,1.0,2023-08-26 19:03:16,2.76,13105,2.76
536295,84969,BOX OF 6 ASSORTED COLOUR TEASPOONS,3.0,2023-08-26 19:03:16,4.22,13105,12.66
536295,22633,HAND WARMER UNION JACK,1.0,2023-08-26 19:03:16,1.94,13105,1.94
536295,85099F,JUMBO BAG STRAWBERRY,6.0,2023-08-26 19:03:16,2.05,13105,12.3
536296,85123A,WHITE HANGING HEART T-LIGHT HOLDER,1.0,2023-03-03 11:36:52,2.51,12396,2.51
536296,22086,PAPER CHAIN KIT 50'S CHRISTMAS,4.0,2023-03-03 11:36:52,2.49,12396,9.96
536297,22633,HAND WARMER UNION JACK,1.0,2023-08-05 10:59:53,1.78,13120,1.78
536297,22384,LUNCH BAG PINK POLKADOT,1.0,2023-08-05 10:59:53,1.68,13120,1.68
536297,21931,JUMBO STORAGE BAG SUKI,3.0,2023-08-05 10:59:53,1.97,13120,5.91
536297,84029E,RED WOOLLY HOTTIE WHITE HEART.,3.0,2023-08-05 10:59:53,3.54,13120,10.62
536299,20726,LUNCH BAG WOODLAND,2.0,2023-06-30 09:01:38,1.62,12845,3.24
536299,22086,PAPER CHAIN KIT 50'S CHRISTMAS,1.0,2023-06-30 09:01:38,2.48,12845,2.48
536299,71053,WHITE METAL LANTERN,6.0,2023-06-30 09:01:38,3.29,12845,19.74
536299,20727,LUNCH BAG BLACK SKULL.,3.0,2023-06-30 09:01:38,1.65,12845,4.95
536301,21730,GLASS STAR FROSTED T-LIGHT HOLDER,1.0,2023-11-16 08:50:00,4.11,12704,4.11
536301,22749,POPPY'S PLAYHOUSE LIVINGROOM,2.0,2023-11-16 08:50:00,2.16,12704,4.32
536301,85099B,JUMBO BAG RED RETROSPOT,3.0,2023-11-16 08:50:00,1.96,12704,5.88
536302,22632,HAND WARMER RED POLKA DOT,3.0,2023-06-22 06:34:25,1.81,12792,5.43
536302,85099F,JUMBO BAG STRAWBERRY,6.0,2023-06-22 06:34:25,1.92,12792,11.52
536303,47566,PARTY BUNTING,1.0,2023-09-01 23:37:46,4.72,12602,4.72
536303,21730,GLASS STAR FROSTED T-LIGHT HOLDER,3.0,2023-09-01 23:37:46,4.46,12602,13.38
536304,84406B,CREAM CUPID HEARTS COAT HANGER,1.0,2023-11-05 17:41:56,2.66,12651,2.66
536304,20725,LUNCH BAG RED RETROSPOT,1.0,2023-11-05 17:41:56,1.62,12651,1.62
536304,22382,LUNCH BAG SPACEBOY DESIGN,6.0,2023-11-05 17:41:56,1.6,12651,9.6
536304,22310,IVORY KNITTED MUG COSY,2.0,2023-11-05 17:41:56,1.57,12651,3.14
536304,22411,JUMBO SHOPPER VINTAGE RED PAISLEY,3.0,2023-11-05 17:41:56,1.94,12651,5.82
536305,85099B,JUMBO BAG RED RETROSPOT,1.0,2023-09-02 23:25:11,1.91,12712,1.91
536305,20726,LUNCH BAG WOODLAND,2.0,2023-09-02 23:25:11,1.62,12712,3.24
536305,84406B,CREAM CUPID HEARTS COAT HANGER,6.0,2023-09-02 23:25:11,2.72,12712,16.32
536305,21730,GLASS STAR FROSTED T-LIGHT HOLDER,6.0,2023-09-02 23:25:11,4.13,12712,24.78
536305,22633,HAND WARMER UNION JACK,2.0,2023-09-02 23:25:11,1.91,12712,3.82
536305,22086,PAPER CHAIN KIT 50'S CHRISTMAS,4.0,2023-09-02 23:25:11,2.65,12712,10.6
536306,20728,LUNCH BAG CARS BLUE,1.0,2023-10-21 19:24:59,1.64,12784,1.64
536306,22382,LUNCH BAG SPACEBOY DESIGN,2.0,2023-10-21 19:24:59,1.58,12784,3.16
536307,85123A,WHITE HANGING HEART T-LIGHT HOLDER,1.0,2023-11-20 16:04:16,2.53,12877,2.53
536307,84029E,RED WOOLLY HOTTIE WHITE HEART.,1.0,2023-11-20 16:04:16,3.31,12877,3.31
536307,22745,POPPY'S PLAYHOUSE BEDROOM,4.0,2023-11-20 16:04:16,2.06,12877,8.24
536307,22383,LUNCH BAG SUKI DESIGN,6.0,2023-11-20 16:04:16,1.71,12877,10.26
536307,20728,LUNCH BAG CARS BLUE,3.0,2023-11-20 16:04:16,1.66,12877,4.98
536308,85123A,WHITE HANGING HEART T-LIGHT HOLDER,1.0,2023-12-08 18:21:54,2.67,12459,2.67
536308,22086,PAPER CHAIN KIT 50'S CHRISTMAS,1.0,2023-12-08 18:21:54,2.47,12459,2.47
536308,84029E,RED WOOLLY HOTTIE WHITE HEART.,1.0,2023-12-08 18:21:54,3.54,12459,3.54
536308,85099F,JUMBO BAG STRAWBERRY,1.0,2023-12-08 18:21:54,1.9,12459,1.9
536308,20726,LUNCH BAG WOODLAND,6.0,2023-12-08 18:21:54,1.64,12459,9.84
536309,84879,ASSORTED COLOUR BIRD ORNAMENT,3.0,2023-11-18 08:05:07,1.75,12858,5.25
536309,84969,BOX OF 6 ASSORTED COLOUR TEASPOONS,2.0,2023-11-18 08:05:07,4.44,12858,8.88
536309,22310,IVORY KNITTED MUG COSY,2.0,2023-11-18 08:05:07,1.68,12858,3.36
536309,22745,POPPY'S PLAYHOUSE BEDROOM,2.0,2023-11-18 08:05:07,2.03,12858,4.06
536310,20727,LUNCH BAG BLACK SKULL.,3.0,2023-09-15 13:46:04,1.67,12706,5.01
536310,84969,BOX OF 6 ASSORTED COLOUR TEASPOONS,6.0,2023-09-15 13:46:04,4.33,12706,25.98
536310,20728,LUNCH BAG CARS BLUE,2.0,2023-09-15 13:46:04,1.61,12706,3.22
536310,84406B,CREAM CUPID HEARTS COAT HANGER,1.0,2023-09-15 13:46:04,2.75,12706,2.75
536310,85123A,WHITE HANGING HEART T-LIGHT HOLDER,2.0,2023-09-15 13:46:04,2.68,12706,5.36
536311,22411,JUMBO SHOPPER VINTAGE RED PAISLEY,1.0,2023-10-22 16:09:40,1.91,12817,1.91
536312,22411,JUMBO SHOPPER VINTAGE RED PAISLEY,4.0,2023-10-22 22:43:55,1.88,12898,7.52
536312,22633,HAND WARMER UNION JACK,1.0,2023-10-22 22:43:55,1.85,12898,1.85
536312,22632,HAND WARMER RED POLKA DOT,3.0,2023-10-22 22:43:55,1.86,12898,5.58
536312,22386,JUMBO BAG PINK POLKADOT,1.0,2023-10-22 22:43:55,1.9,12898,1.9
536312,84969,BOX OF 6 ASSORTED COLOUR TEASPOONS,1.0,2023-10-22 22:43:55,4.13,12898,4.13
536313,84029G,KNITTED UNION FLAG HOT WATER BOTTLE,4.0,2023-06-21 07:56:50,3.33,12586,13.32
536314,22383,LUNCH BAG SUKI DESIGN,1.0,2023-06-29 18:11:37,1.59,12877,1.59
536314,22748,POPPY'S PLAYHOUSE KITCHEN,2.0,2023-06-29 18:11:37,2.03,12877,4.06
536314,84029E,RED WOOLLY HOTTIE WHITE HEART.,6.0,2023-06-29 18:11:37,3.52,12877,21.12
536314,20727,LUNCH BAG BLACK SKULL.,2.0,2023-06-29 18:11:37,1.62,12877,3.24
536314,22749,POPPY'S PLAYHOUSE LIVINGROOM,6.0,2023-06-29 18:11:37,2.14,12877,12.84
536315,21931,JUMBO STORAGE BAG SUKI,6.0,2023-01-30 19:42:00,1.86,12607,11.16
536315,84969,BOX OF 6 ASSORTED COLOUR TEASPOONS,1.0,2023-01-30 19:42:00,4.11,12607,4.11
536315,21730,GLASS STAR FROSTED T-LIGHT HOLDER,2.0,2023-01-30 19:42:00,4.34,12607,8.68
536315,85099F,JUMBO BAG STRAWBERRY,2.0,2023-01-30 19:42:00,1.99,12607,3.98
536315,22086,PAPER CHAIN KIT 50'S CHRISTMAS,3.0,2023-01-30 19:42:00,2.47,12607,7.41
536315,71053,WHITE METAL LANTERN,1.0,2023-01-30 19:42:00,3.48,12607,3.48
536316,22749,POPPY'S PLAYHOUSE LIVINGROOM,1.0,2023-08-22 22:33:52,2.01,12739,2.01
536316,85123A,WHITE HANGING HEART T-LIGHT HOLDER,2.0,2023-08-22 22:33:52,2.68,12739,5.36
536316,22411,JUMBO SHOPPER VINTAGE RED PAISLEY,1.0,2023-08-22 22:33:52,1.98,12739,1.98
536318,85099F,JUMBO BAG STRAWBERRY,6.0,2023-06-17 22:57:46,1.86,12824,11.16
536318,22632,HAND WARMER RED POLKA DOT,2.0,2023-06-17 22:57:46,1.91,12824,3.82
536318,84029G,KNITTED UNION FLAG HOT WATER BOTTLE,1.0,2023-06-17 22:57:46,3.26,12824,3.26
536318,22633,HAND WARMER UNION JACK,3.0,2023-06-17 22:57:46,1.81,12824,5.43
536318,20727,LUNCH BAG BLACK SKULL.,2.0,2023-06-17 22:57:46,1.57,12824,3.14
536318,85099B,JUMBO BAG RED RETROSPOT,2.0,2023-06-17 22:57:46,1.88,12824,3.76
536319,84879,ASSORTED COLOUR BIRD ORNAMENT,2.0,2023-02-28 19:03:37,1.63,12500,3.26
536319,22384,LUNCH BAG PINK POLKADOT,2.0,2023-02-28 19:03:37,1.73,12500,3.46
536320,84969,BOX OF 6 ASSORTED COLOUR TEASPOONS,1.0,2023-03-26 06:28:22,4.36,12758,4.36
536320,22748,POPPY'S PLAYHOUSE KITCHEN,1.0,2023-03-26 06:28:22,2.15,12758,2.15
536320,22386,JUMBO BAG PINK POLKADOT,2.0,2023-03-26 06:28:22,1.9,12758,3.8
536320,22632,HAND WARMER RED POLKA DOT,6.0,2023-03-26 06:28:22,1.86,12758,11.16
536320,20726,LUNCH BAG WOODLAND,2.0,2023-03-26 06:28:22,1.66,12758,3.32
536322,22382,LUNCH BAG SPACEBOY DESIGN,3.0,2023-12-04 23:27:18,1.73,13021,5.19
536322,84029E,RED WOOLLY HOTTIE WHITE HEART.,6.0,2023-12-04 23:27:18,3.4,13021,20.4
536322,20728,LUNCH BAG CARS BLUE,2.0,2023-12-04 23:27:18,1.71,13021,3.42
536322,22411,JUMBO SHOPPER VINTAGE RED PAISLEY,2.0,2023-12-04 23:27:18,2.04,13021,4.08
536322,47566,PARTY BUNTING,6.0,2023-12-04 23:27:18,4.74,13021,28.44
536323,20727,LUNCH BAG BLACK SKULL.,2.0,2023-07-13 23:33:25,1.7,12877,3.4
536324,22411,JUMBO SHOPPER VINTAGE RED PAISLEY,1.0,2023-08-05 16:08:47,2.0,12651,2.0
536324,20727,LUNCH BAG BLACK SKULL.,4.0,2023-08-05 16:08:47,1.6,12651,6.4
536324,71053,WHITE METAL LANTERN,4.0,2023-08-05 16:08:47,3.5,12651,14.0
536326,22632,HAND WARMER RED POLKA DOT,1.0,2023-10-07 11:38:13,1.91,12847,1.91
536326,22384,LUNCH BAG PINK POLKADOT,4.0,2023-10-07 11:38:13,1.71,12847,6.84
536326,47566,PARTY BUNTING,2.0,2023-10-07 11:38:13,4.78,12847,9.56
536326,84029E,RED WOOLLY HOTTIE WHITE HEART.,4.0,2023-10-07 11:38:13,3.46,12847,13.84
536326,84406B,CREAM CUPID HEARTS COAT HANGER,2.0,2023-10-07 11:38:13,2.84,12847,5.68
536326,22386,JUMBO BAG PINK POLKADOT,3.0,2023-10-07 11:38:13,1.86,12847,5.58
536327,84029E,RED WOOLLY HOTTIE WHITE HEART.,1.0,2023-10-05 14:00:53,3.45,12877,3.45
536328,85099F,JUMBO BAG STRAWBERRY,2.0,2023-10-27 00:52:17,2.01,12877,4.02
536328,84029G,KNITTED UNION FLAG HOT WATER BOTTLE,1.0,2023-10-27 00:52:17,3.38,12877,3.38
536328,22086,PAPER CHAIN KIT 50'S CHRISTMAS,1.0,2023-10-27 00:52:17,2.59,12877,2.59
536328,85123A,WHITE HANGING HEART T-LIGHT HOLDER,6.0,2023-10-27 00:52:17,2.53,12877,15.18
536330,22383,LUNCH BAG SUKI DESIGN,4.0,2023-12-08 16:14:14,1.71,12749,6.84
536330,22382,LUNCH BAG SPACEBOY DESIGN,2.0,2023-12-08 16:14:14,1.63,12749,3.26
536330,22310,IVORY KNITTED MUG COSY,4.0,2023-12-08 16:14:14,1.65,12749,6.6
536330,84029E,RED WOOLLY HOTTIE WHITE HEART.,1.0,2023-12-08 16:14:14,3.48,12749,3.48
536330,85099F,JUMBO BAG STRAWBERRY,3.0,2023-12-08 16:14:14,2.02,12749,6.06
536331,20726,LUNCH BAG WOODLAND,1.0,2023-08-22 11:40:25,1.66,12696,1.66
536331,85099F,JUMBO BAG STRAWBERRY,1.0,2023-08-22 11:40:25,2.04,12696,2.04
536331,22382,LUNCH BAG SPACEBOY DESIGN,1.0,2023-08-22 11:40:25,1.65,12696,1.65
536331,22745,POPPY'S PLAYHOUSE BEDROOM,2.0,2023-08-22 11:40:25,2.16,12696,4.32
536332,84029G,KNITTED UNION FLAG HOT WATER BOTTLE,2.0,2023-09-05 04:14:26,3.39,13131,6.78
536332,84029E,RED WOOLLY HOTTIE WHITE HEART.,1.0,2023-09-05 04:14:26,3.52,13131,3.52
536333,84029G,KNITTED UNION FLAG HOT WATER BOTTLE,3.0,2023-06-18 12:00:45,3.23,12835,9.69
536333,22632,HAND WARMER RED POLKA DOT,2.0,2023-06-18 12:00:45,1.81,12835,3.62
536333,85123A,WHITE HANGING HEART T-LIGHT HOLDER,1.0,2023-06-18 12:00:45,2.53,12835,2.53
536334,22386,JUMBO BAG PINK POLKADOT,1.0,2023-06-07 14:35:18,1.88,12572,1.88
536334,22632,HAND WARMER RED POLKA DOT,1.0,2023-06-07 14:35:18,1.94,12572,1.94
536334,84029E,RED WOOLLY HOTTIE WHITE HEART.,2.0,2023-06-07 14:35:18,3.53,12572,7.06
536334,22384,LUNCH BAG PINK POLKADOT,2.0,2023-06-07 14:35:18,1.61,12572,3.22
536334,20726,LUNCH BAG WOODLAND,2.0,2023-06-07 14:35:18,1.66,12572,3.32
536335,20728,LUNCH BAG CARS BLUE,2.0,2023-10-13 19:55:07,1.64,12845,3.28
536335,22745,POPPY'S PLAYHOUSE BEDROOM,2.0,2023-10-13 19:55:07,2.2,12845,4.4
536336,47566,PARTY BUNTING,3.0,2023-02-28 07:56:24,4.86,12566,14.58
536337,22633,HAND WARMER UNION JACK,3.0,2023-07-03 06:03:33,1.8,12877,5.4
536338,85099B,JUMBO BAG RED RETROSPOT,1.0,2023-11-27 17:35:41,1.9,12824,1.9
536338,22749,POPPY'S PLAYHOUSE LIVINGROOM,4.0,2023-11-27 17:35:41,2.07,12824,8.28
536338,20725,LUNCH BAG RED RETROSPOT,2.0,2023-11-27 17:35:41,1.71,12824,3.42
536339,22745,POPPY'S PLAYHOUSE BEDROOM,4.0,2023-11-17 09:36:53,2.0,12878,8.0
536340,85099F,JUMBO BAG STRAWBERRY,2.0,2023-08-14 00:32:51,2.04,12877,4.08
536340,84029E,RED WOOLLY HOTTIE WHITE HEART.,6.0,2023-08-14 00:32:51,3.49,12877,20.94
536341,20727,LUNCH BAG BLACK SKULL.,3.0,2023-12-07 12:41:24,1.64,12877,4.92
536341,22384,LUNCH BAG PINK POLKADOT,2.0,2023-12-07 12:41:24,1.64,12877,3.28
536341,22632,HAND WARMER RED POLKA DOT,1.0,2023-12-07 12:41:24,1.91,12877,1.91
536341,84969,BOX OF 6 ASSORTED COLOUR TEASPOONS,1.0,2023-12-07 12:41:24,4.21,12877,4.21
536341,20725,LUNCH BAG RED RETROSPOT,3.0,2023-12-07 12:41:24,1.65,12877,4.95
536342,22411,JUMBO SHOPPER VINTAGE RED PAISLEY,2.0,2023-03-19 20:49:52,2.01,12878,4.02
536342,22310,IVORY KNITTED MUG COSY,1.0,2023-03-19 20:49:52,1.6,12878,1.6
536342,22086,PAPER CHAIN KIT 50'S CHRISTMAS,2.0,2023-03-19 20:49:52,2.56,12878,5.12
536342,71053,WHITE METAL LANTERN,3.0,2023-03-19 20:49:52,3.48,12878,10.44
536344,22749,POPPY'S PLAYHOUSE LIVINGROOM,2.0,2023-10-07 15:16:37,2.09,12357,4.18
536344,84406B,CREAM CUPID HEARTS COAT HANGER,3.0,2023-10-07 15:16:37,2.63,12357,7.89
536344,22382,LUNCH BAG SPACEBOY DESIGN,2.0,2023-10-07 15:16:37,1.72,12357,3.44
536344,47566,PARTY BUNTING,6.0,2023-10-07 15:16:37,4.46,12357,26.76
536344,84969,BOX OF 6 ASSORTED COLOUR TEASPOONS,2.0,2023-10-07 15:16:37,4.38,12357,8.76
536345,22384,LUNCH BAG PINK POLKADOT,2.0,2023-11-02 02:03:43,1.68,12844,3.36
536346,22411,JUMBO SHOPPER VINTAGE RED PAISLEY,6.0,2023-04-04 04:15:11,1.91,12670,11.46
536346,47566,PARTY BUNTING,2.0,2023-04-04 04:15:11,4.49,12670,8.98
536346,22745,POPPY'S PLAYHOUSE BEDROOM,2.0,2023-04-04 04:15:11,2.04,12670,4.08
536346,21730,GLASS STAR FROSTED T-LIGHT HOLDER,1.0,2023-04-04 04:15:11,4.34,12670,4.34
536348,22310,IVORY KNITTED MUG COSY,1.0,2023-09-11 01:28:47,1.73,13051,1.73
536348,22382,LUNCH BAG SPACEBOY DESIGN,2.0,2023-09-11 01:28:47,1.71,13051,3.42
536348,22384,LUNCH BAG PINK POLKADOT,1.0,2023-09-11 01:28:47,1.58,13051,1.58
536349,20726,LUNCH BAG WOODLAND,1.0,2023-03-04 20:36:45,1.73,12911,1.73
536349,20727,LUNCH BAG BLACK SKULL.,1.0,2023-03-04 20:36:45,1.63,12911,1.63
536349,22382,LUNCH BAG SPACEBOY DESIGN,1.0,2023-03-04 20:36:45,1.66,12911,1.66
536349,22748,POPPY'S PLAYHOUSE KITCHEN,2.0,2023-03-04 20:36:45,2.06,12911,4.12
536350,22411,JUMBO SHOPPER VINTAGE RED PAISLEY,4.0,2023-08-06 03:03:31,1.96,12380,7.84
536350,22745,POPPY'S PLAYHOUSE BEDROOM,3.0,2023-08-06 03:03:31,2.1,12380,6.3
536350,84029G,KNITTED UNION FLAG HOT WATER BOTTLE,6.0,2023-08-06 03:03:31,3.48,12380,20.88
536350,84029E,RED WOOLLY HOTTIE WHITE HEART.,6.0,2023-08-06 03:03:31,3.33,12380,19.98
536351,71053,WHITE METAL LANTERN,1.0,2023-01-28 11:09:02,3.53,12398,3.53
536351,22411,JUMBO SHOPPER VINTAGE RED PAISLEY,2.0,2023-01-28 11:09:02,1.96,12398,3.92
536352,22086,PAPER CHAIN KIT 50'S CHRISTMAS,1.0,2023-09-15 04:38:28,2.5,12877,2.5
536353,20725,LUNCH BAG RED RETROSPOT,2.0,2023-09-03 18:11:56,1.72,12409,3.44
536354,20728,LUNCH BAG CARS BLUE,1.0,2023-04-13 02:54:13,1.66,12864,1.66
536354,84969,BOX OF 6 ASSORTED COLOUR TEASPOONS,2.0,2023-04-13 02:54:13,4.14,12864,8.28
536354,20725,LUNCH BAG RED RETROSPOT,4.0,2023-04-13 02:54:13,1.58,12864,6.32
536354,85123A,WHITE HANGING HEART T-LIGHT HOLDER,3.0,2023-04-13 02:54:13,2.6,12864,7.8
536356,47566,PARTY BUNTING,1.0,2023-08-10 18:12:36,4.47,12651,4.47
536356,22748,POPPY'S PLAYHOUSE KITCHEN,1.0,2023-08-10 18:12:36,2.02,12651,2.02
536356,21730,GLASS STAR FROSTED T-LIGHT HOLDER,3.0,2023-08-10 18:12:36,4.34,12651,13.02
536356,85099F,JUMBO BAG STRAWBERRY,1.0,2023-08-10 18:12:36,1.88,12651,1.88
536356,22386,JUMBO BAG PINK POLKADOT,3.0,2023-08-10 18:12:36,1.92,12651,5.76
536356,22745,POPPY'S PLAYHOUSE BEDROOM,2.0,2023-08-10 18:12:36,2.05,12651,4.1
536357,85099F,JUMBO BAG STRAWBERRY,3.0,2023-07-24 05:27:44,1.86,12891,5.58
536357,22086,PAPER CHAIN KIT 50'S CHRISTMAS,1.0,2023-07-24 05:27:44,2.61,12891,2.61
536358,22749,POPPY'S PLAYHOUSE LIVINGROOM,2.0,2023-06-09 02:33:46,2.11,12787,4.22
536359,20727,LUNCH BAG BLACK SKULL.,1.0,2023-09-04 23:51:30,1.64,13139,1.64
536359,84029G,KNITTED UNION FLAG HOT WATER BOTTLE,1.0,2023-09-04 23:51:30,3.41,13139,3.41
536362,84029E,RED WOOLLY HOTTIE WHITE HEART.,1.0,2023-08-21 23:19:33,3.37,12432,3.37
536362,22748,POPPY'S PLAYHOUSE KITCHEN,1.0,2023-08-21 23:19:33,2.01,12432,2.01
536362,85123A,WHITE HANGING HEART T-LIGHT HOLDER,3.0,2023-08-21 23:19:33,2.6,12432,7.8
536362,22411,JUMBO SHOPPER VINTAGE RED PAISLEY,6.0,2023-08-21 23:19:33,1.96,12432,11.76
536364,22086,PAPER CHAIN KIT 50'S CHRISTMAS,1.0,2023-04-29 11:07:46,2.46,12524,2.46
536364,20728,LUNCH BAG CARS BLUE,1.0,2023-04-29 11:07:46,1.69,12524,1.69
536364,22632,HAND WARMER RED POLKA DOT,1.0,2023-04-29 11:07:46,1.83,12524,1.83
536364,84029G,KNITTED UNION FLAG HOT WATER BOTTLE,2.0,2023-04-29 11:07:46,3.48,12524,6.96
536365,21730,GLASS STAR FROSTED T-LIGHT HOLDER,1.0,2023-11-16 22:10:21,4.12,13063,4.12
536366,22384,LUNCH BAG PINK POLKADOT,3.0,2023-03-19 19:39:57,1.62,12433,4.86
536366,47566,PARTY BUNTING,3.0,2023-03-19 19:39:57,4.66,12433,13.98
536366,84406B,CREAM CUPID HEARTS COAT HANGER,2.0,2023-03-19 19:39:57,2.87,12433,5.74
536366,20725,LUNCH BAG RED RETROSPOT,3.0,2023-03-19 19:39:57,1.71,12433,5.13
536367,21931,JUMBO STORAGE BAG SUKI,1.0,2023-04-30 11:32:15,1.94,13105,1.94
536367,22086,PAPER CHAIN KIT 50'S CHRISTMAS,6.0,2023-04-30 11:32:15,2.61,13105,15.66
536367,84029G,KNITTED UNION FLAG HOT WATER BOTTLE,2.0,2023-04-30 11:32:15,3.42,13105,6.84
536368,20726,LUNCH BAG WOODLAND,3.0,2023-05-10 15:45:17,1.6,12466,4.8
536368,85099F,JUMBO BAG STRAWBERRY,3.0,2023-05-10 15:45:17,1.92,12466,5.76
536368,22749,POPPY'S PLAYHOUSE LIVINGROOM,3.0,2023-05-10 15:45:17,2.18,12466,6.54
536368,84406B,CREAM CUPID HEARTS COAT HANGER,1.0,2023-05-10 15:45:17,2.86,12466,2.86
536369,22310,IVORY KNITTED MUG COSY,2.0,2023-11-07 01:57:25,1.63,12641,3.26
536369,85099B,JUMBO BAG RED RETROSPOT,1.0,2023-11-07 01:57:25,2.04,12641,2.04
536369,20728,LUNCH BAG CARS BLUE,2.0,2023-11-07 01:57:25,1.69,12641,3.38
536369,71053,WHITE METAL LANTERN,1.0,2023-11-07 01:57:25,3.32,12641,3.32
536369,84029G,KNITTED UNION FLAG HOT WATER BOTTLE,2.0,2023-11-07 01:57:25,3.45,12641,6.9
536370,22384,LUNCH BAG PINK POLKADOT,4.0,2023-09-15 18:04:41,1.73,12500,6.92
536370,21931,JUMBO STORAGE BAG SUKI,3.0,2023-09-15 18:04:41,1.98,12500,5.94
536370,22749,POPPY'S PLAYHOUSE LIVINGROOM,2.0,2023-09-15 18:04:41,2.03,12500,4.06
536370,84879,ASSORTED COLOUR BIRD ORNAMENT,6.0,2023-09-15 18:04:41,1.65,12500,9.9
536371,47566,PARTY BUNTING,1.0,2023-06-28 21:16:42,4.86,12877,4.86
536371,22382,LUNCH BAG SPACEBOY DESIGN,3.0,2023-06-28 21:16:42,1.6,12877,4.8
536371,85099F,JUMBO BAG STRAWBERRY,1.0,2023-06-28 21:16:42,1.9,12877,1.9
536372,22086,PAPER CHAIN KIT 50'S CHRISTMAS,1.0,2023-02-14 08:53:43,2.61,13071,2.61
536372,85099F,JUMBO BAG STRAWBERRY,4.0,2023-02-14 08:53:43,1.97,13071,7.88
536372,22310,IVORY KNITTED MUG COSY,4.0,2023-02-14 08:53:43,1.66,13071,6.64
536372,21730,GLASS STAR FROSTED T-LIGHT HOLDER,1.0,2023-02-14 08:53:43,4.35,13071,4.35
536372,21931,JUMBO STORAGE BAG SUKI,3.0,2023-02-14 08:53:43,1.89,13071,5.67
536372,22632,HAND WARMER RED POLKA DOT,2.0,2023-02-14 08:53:43,1.87,13071,3.74
536373,20727,LUNCH BAG BLACK SKULL.,1.0,2023-04-27 08:50:43,1.64,12900,1.64
536373,22633,HAND WARMER UNION JACK,6.0,2023-04-27 08:50:43,1.8,12900,10.8
536374,22749,POPPY'S PLAYHOUSE LIVINGROOM,2.0,2023-11-09 17:19:01,2.03,12824,4.06
536376,84879,ASSORTED COLOUR BIRD ORNAMENT,3.0,2023-08-31 21:10:06,1.71,13051,5.13
536376,84406B,CREAM CUPID HEARTS COAT HANGER,2.0,2023-08-31 21:10:06,2.81,13051,5.62
536376,20728,LUNCH BAG CARS BLUE,1.0,2023-08-31 21:10:06,1.68,13051,1.68
536377,21730,GLASS STAR FROSTED T-LIGHT HOLDER,2.0,2023-03-03 04:01:08,4.4,12877,8.8
536378,20726,LUNCH BAG WOODLAND,2.0,2023-10-05 20:27:09,1.58,12872,3.16
536378,22086,PAPER CHAIN KIT 50'S CHRISTMAS,1.0,2023-10-05 20:27:09,2.5,12872,2.5
536379,84879,ASSORTED COLOUR BIRD ORNAMENT,3.0,2023-06-14 16:17:06,1.72,12654,5.16
536379,22411,JUMBO SHOPPER VINTAGE RED PAISLEY,1.0,2023-06-14 16:17:06,1.98,12654,1.98
536379,20728,LUNCH BAG CARS BLUE,2.0,2023-06-14 16:17:06,1.7,12654,3.4
536382,22386,JUMBO BAG PINK POLKADOT,3.0,2023-08-31 13:35:48,1.97,12731,5.91
536382,84406B,CREAM CUPID HEARTS COAT HANGER,4.0,2023-08-31 13:35:48,2.8,12731,11.2
536382,84029G,KNITTED UNION FLAG HOT WATER BOTTLE,3.0,2023-08-31 13:35:48,3.39,12731,10.17
536383,22749,POPPY'S PLAYHOUSE LIVINGROOM,1.0,2023-10-27 03:40:28,2.15,12821,2.15
536383,21931,JUMBO STORAGE BAG SUKI,6.0,2023-10-27 03:40:28,1.97,12821,11.82
536383,22411,JUMBO SHOPPER VINTAGE RED PAISLEY,3.0,2023-10-27 03:40:28,1.95,12821,5.85
536384,22633,HAND WARMER UNION JACK,6.0,2023-11-11 10:48:31,1.8,12651,10.8
536384,47566,PARTY BUNTING,3.0,2023-11-11 10:48:31,4.49,12651,13.47
536384,22745,POPPY'S PLAYHOUSE BEDROOM,3.0,2023-11-11 10:48:31,2.09,12651,6.27
536384,84406B,CREAM CUPID HEARTS COAT HANGER,4.0,2023-11-11 10:48:31,2.83,12651,11.32
536385,85099F,JUMBO BAG STRAWBERRY,1.0,2023-03-08 16:12:47,1.91,12869,1.91
536385,21931,JUMBO STORAGE BAG SUKI,2.0,2023-03-08 16:12:47,1.98,12869,3.96
536385,22386,JUMBO BAG PINK POLKADOT,2.0,2023-03-08 16:12:47,1.92,12869,3.84
536386,85099F,JUMBO BAG STRAWBERRY,3.0,2023-03-16 07:06:31,2.02,12858,6.06
536387,20726,LUNCH BAG WOODLAND,3.0,2023-06-22 20:15:19,1.66,12993,4.98
536387,47566,PARTY BUNTING,1.0,2023-06-22 20:15:19,4.79,12993,4.79
536387,84029G,KNITTED UNION FLAG HOT WATER BOTTLE,3.0,2023-06-22 20:15:19,3.56,12993,10.68
536387,22748,POPPY'S PLAYHOUSE KITCHEN,2.0,2023-06-22 20:15:19,2.05,12993,4.1
536387,22382,LUNCH BAG SPACEBOY DESIGN,3.0,2023-06-22 20:15:19,1.73,12993,5.19
536388,85123A,WHITE HANGING HEART T-LIGHT HOLDER,6.0,2023-12-03 17:32:40,2.65,12914,15.9
536388,22384,LUNCH BAG PINK POLKADOT,3.0,2023-12-03 17:32:40,1.61,12914,4.83
536390,22633,HAND WARMER UNION JACK,6.0,2023-11-05 20:17:05,1.76,12877,10.56
536390,85123A,WHITE HANGING HEART T-LIGHT HOLDER,4.0,2023-11-05 20:17:05,2.67,12877,10.68
536390,20726,LUNCH BAG WOODLAND,1.0,2023-11-05 20:17:05,1.66,12877,1.66
536390,22384,LUNCH BAG PINK POLKADOT,1.0,2023-11-05 20:17:05,1.57,12877,1.57
536391,22632,HAND WARMER RED POLKA DOT,4.0,2023-05-17 15:55:01,1.78,12844,7.12
536391,21931,JUMBO STORAGE BAG SUKI,2.0,2023-05-17 15:55:01,1.95,12844,3.9
536391,84406B,CREAM CUPID HEARTS COAT HANGER,3.0,2023-05-17 15:55:01,2.77,12844,8.31
536391,47566,PARTY BUNTING,6.0,2023-05-17 15:55:01,4.48,12844,26.88
536393,85123A,WHITE HANGING HEART T-LIGHT HOLDER,2.0,2023-04-08 18:36:46,2.56,12877,5.12
536393,20727,LUNCH BAG BLACK SKULL.,1.0,2023-04-08 18:36:46,1.61,12877,1.61
536394,71053,WHITE METAL LANTERN,4.0,2023-11-08 15:49:16,3.5,12918,14.0
536394,20728,LUNCH BAG CARS BLUE,3.0,2023-11-08 15:49:16,1.66,12918,4.98
536394,84029G,KNITTED UNION FLAG HOT WATER BOTTLE,2.0,2023-11-08 15:49:16,3.53,12918,7.06
536394,85099B,JUMBO BAG RED RETROSPOT,3.0,2023-11-08 15:49:16,2.01,12918,6.03
536394,84879,ASSORTED COLOUR BIRD ORNAMENT,2.0,2023-11-08 15:49:16,1.61,12918,3.22
536395,20726,LUNCH BAG WOODLAND,3.0,2023-12-03 13:45:28,1.63,12347,4.89
536395,22632,HAND WARMER RED POLKA DOT,6.0,2023-12-03 13:45:28,1.78,12347,10.68
536396,84029G,KNITTED UNION FLAG HOT WATER BOTTLE,4.0,2023-09-15 06:52:59,3.25,12492,13.0
536396,22749,POPPY'S PLAYHOUSE LIVINGROOM,1.0,2023-09-15 06:52:59,2.1,12492,2.1
536396,22411,JUMBO SHOPPER VINTAGE RED PAISLEY,1.0,2023-09-15 06:52:59,2.01,12492,2.01
536396,20726,LUNCH BAG WOODLAND,1.0,2023-09-15 06:52:59,1.64,12492,1.64
536396,22384,LUNCH BAG PINK POLKADOT,2.0,2023-09-15 06:52:59,1.57,12492,3.14
536396,47566,PARTY BUNTING,4.0,2023-09-15 06:52:59,4.77,12492,19.08
536397,21931,JUMBO STORAGE BAG SUKI,4.0,2023-08-23 19:11:55,2.02,12878,8.08
536397,22382,LUNCH BAG SPACEBOY DESIGN,3.0,2023-08-23 19:11:55,1.7,12878,5.1
536397,22386,JUMBO BAG PINK POLKADOT,4.0,2023-08-23 19:11:55,1.96,12878,7.84
536399,22632,HAND WARMER RED POLKA DOT,1.0,2023-11-27 23:12:20,1.78,12543,1.78
536399,20725,LUNCH BAG RED RETROSPOT,1.0,2023-11-27 23:12:20,1.59,12543,1.59
536399,85099F,JUMBO BAG STRAWBERRY,1.0,2023-11-27 23:12:20,1.89,12543,1.89
536399,22310,IVORY KNITTED MUG COSY,1.0,2023-11-27 23:12:20,1.57,12543,1.57
536399,84969,BOX OF 6 ASSORTED COLOUR TEASPOONS,1.0,2023-11-27 23:12:20,4.1,12543,4.1
536400,22749,POPPY'S PLAYHOUSE LIVINGROOM,1.0,2023-02-01 04:13:06,2.2,12467,2.2
536400,22411,JUMBO SHOPPER VINTAGE RED PAISLEY,6.0,2023-02-01 04:13:06,1.97,12467,11.82
536400,85123A,WHITE HANGING HEART T-LIGHT HOLDER,1.0,2023-02-01 04:13:06,2.53,12467,2.53
536401,22310,IVORY KNITTED MUG COSY,2.0,2023-04-13 22:45:25,1.62,12792,3.24
536401,20726,LUNCH BAG WOODLAND,2.0,2023-04-13 22:45:25,1.57,12792,3.14
536402,22745,POPPY'S PLAYHOUSE BEDROOM,4.0,2023-08-12 19:24:07,2.12,13025,8.48
536402,20728,LUNCH BAG CARS BLUE,2.0,2023-08-12 19:24:07,1.58,13025,3.16
536404,22748,POPPY'S PLAYHOUSE KITCHEN,4.0,2023-05-27 22:52:09,2.19,12864,8.76
536405,20725,LUNCH BAG RED RETROSPOT,4.0,2023-04-10 01:56:49,1.62,12872,6.48
536406,21730,GLASS STAR FROSTED T-LIGHT HOLDER,6.0,2023-08-06 15:12:24,4.25,12485,25.5
536406,22386,JUMBO BAG PINK POLKADOT,3.0,2023-08-06 15:12:24,1.94,12485,5.82
536406,22748,POPPY'S PLAYHOUSE KITCHEN,1.0,2023-08-06 15:12:24,2.17,12485,2.17
536406,47566,PARTY BUNTING,2.0,2023-08-06 15:12:24,4.47,12485,8.94
536407,20725,LUNCH BAG RED RETROSPOT,2.0,2023-04-27 08:13:39,1.67,13000,3.34
536407,22745,POPPY'S PLAYHOUSE BEDROOM,2.0,2023-04-27 08:13:39,2.18,13000,4.36
536407,22086,PAPER CHAIN KIT 50'S CHRISTMAS,2.0,2023-04-27 08:13:39,2.54,13000,5.08
536407,84969,BOX OF 6 ASSORTED COLOUR TEASPOONS,2.0,2023-04-27 08:13:39,4.44,13000,8.88
536407,85099B,JUMBO BAG RED RETROSPOT,1.0,2023-04-27 08:13:39,2.02,13000,2.02
536408,22383,LUNCH BAG SUKI DESIGN,1.0,2023-03-09 12:29:53,1.67,12864,1.67
536408,20727,LUNCH BAG BLACK SKULL.,2.0,2023-03-09 12:29:53,1.65,12864,3.3
536408,20726,LUNCH BAG WOODLAND,2.0,2023-03-09 12:29:53,1.64,12864,3.28
536408,71053,WHITE METAL LANTERN,1.0,2023-03-09 12:29:53,3.23,12864,3.23
536408,22086,PAPER CHAIN KIT 50'S CHRISTMAS,4.0,2023-03-09 12:29:53,2.43,12864,9.72
536409,20727,LUNCH BAG BLACK SKULL.,1.0,2023-10-13 09:35:37,1.73,12607,1.73
536409,84029E,RED WOOLLY HOTTIE WHITE HEART.,4.0,2023-10-13 09:35:37,3.34,12607,13.36
536409,85099F,JUMBO BAG STRAWBERRY,1.0,2023-10-13 09:35:37,1.94,12607,1.94
536409,85123A,WHITE HANGING HEART T-LIGHT HOLDER,1.0,2023-10-13 09:35:37,2.45,12607,2.45
536409,22310,IVORY KNITTED MUG COSY,1.0,2023-10-13 09:35:37,1.72,12607,1.72
536409,22745,POPPY'S PLAYHOUSE BEDROOM,2.0,2023-10-13 09:35:37,2.19,12607,4.38
536411,84879,ASSORTED COLOUR BIRD ORNAMENT,2.0,2023-04-05 01:55:36,1.76,12736,3.52
536412,85099B,JUMBO BAG RED RETROSPOT,3.0,2023-10-09 08:34:18,1.97,12649,5.91
536412,20725,LUNCH BAG RED RETROSPOT,3.0,2023-10-09 08:34:18,1.71,12649,5.13
536412,84969,BOX OF 6 ASSORTED COLOUR TEASPOONS,2.0,2023-10-09 08:34:18,4.2,12649,8.4
536413,22086,PAPER CHAIN KIT 50'S CHRISTMAS,1.0,2023-09-24 19:59:58,2.52,12371,2.52
536413,22411,JUMBO SHOPPER VINTAGE RED PAISLEY,4.0,2023-09-24 19:59:58,1.96,12371,7.84
536414,22411,JUMBO SHOPPER VINTAGE RED PAISLEY,1.0,2023-06-28 04:31:03,1.86,12973,1.86
536415,22383,LUNCH BAG SUKI DESIGN,2.0,2023-10-05 15:36:35,1.68,12587,3.36
536415,84029G,KNITTED UNION FLAG HOT WATER BOTTLE,1.0,2023-10-05 15:36:35,3.23,12587,3.23
536415,22310,IVORY KNITTED MUG COSY,3.0,2023-10-05 15:36:35,1.67,12587,5.01
536416,85099F,JUMBO BAG STRAWBERRY,3.0,2023-08-21 23:34:27,1.98,12817,5.94
536416,22749,POPPY'S PLAYHOUSE LIVINGROOM,2.0,2023-08-21 23:34:27,2.0,12817,4.0
536417,22384,LUNCH BAG PINK POLKADOT,3.0,2023-11-22 05:38:16,1.7,13007,5.1
536417,85099B,JUMBO BAG RED RETROSPOT,4.0,2023-11-22 05:38:16,1.99,13007,7.96
536417,22632,HAND WARMER RED POLKA DOT,3.0,2023-11-22 05:38:16,1.78,13007,5.34
536418,22411,JUMBO SHOPPER VINTAGE RED PAISLEY,1.0,2023-06-21 00:52:09,1.97,13057,1.97
536420,84969,BOX OF 6 ASSORTED COLOUR TEASPOONS,3.0,2023-07-27 04:12:04,4.22,12877,12.66
536420,20727,LUNCH BAG BLACK SKULL.,4.0,2023-07-27 04:12:04,1.58,12877,6.32
536420,21931,JUMBO STORAGE BAG SUKI,6.0,2023-07-27 04:12:04,1.93,12877,11.58
536420,22633,HAND WARMER UNION JACK,2.0,2023-07-27 04:12:04,1.79,12877,3.58
536420,22745,POPPY'S PLAYHOUSE BEDROOM,2.0,2023-07-27 04:12:04,2.09,12877,4.18
536420,22383,LUNCH BAG SUKI DESIGN,3.0,2023-07-27 04:12:04,1.64,12877,4.92
536421,71053,WHITE METAL LANTERN,2.0,2023-11-15 21:39:43,3.34,12787,6.68
536421,22310,IVORY KNITTED MUG COSY,4.0,2023-11-15 21:39:43,1.57,12787,6.28
536421,20725,LUNCH BAG RED RETROSPOT,1.0,2023-11-15 21:39:43,1.57,12787,1.57
536421,84969,BOX OF 6 ASSORTED COLOUR TEASPOONS,2.0,2023-11-15 21:39:43,4.23,12787,8.46
536421,22386,JUMBO BAG PINK POLKADOT,4.0,2023-11-15 21:39:43,2.01,12787,8.04
536422,85099B,JUMBO BAG RED RETROSPOT,1.0,2023-09-18 20:42:55,2.04,12704,2.04
536422,22411,JUMBO SHOPPER VINTAGE RED PAISLEY,2.0,2023-09-18 20:42:55,1.89,12704,3.78
536424,85099F,JUMBO BAG STRAWBERRY,1.0,2023-10-05 06:23:31,1.99,12764,1.99
536425,22632,HAND WARMER RED POLKA DOT,2.0,2023-08-29 23:48:37,1.76,12408,3.52
536425,22086,PAPER CHAIN KIT 50'S CHRISTMAS,2.0,2023-08-29 23:48:37,2.57,12408,5.14
536425,21931,JUMBO STORAGE BAG SUKI,1.0,2023-08-29 23:48:37,2.02,12408,2.02
536425,47566,PARTY BUNTING,3.0,2023-08-29 23:48:37,4.87,12408,14.61
536426,84406B,CREAM CUPID HEARTS COAT HANGER,1.0,2023-10-15 15:35:02,2.67,13132,2.67
536426,22086,PAPER CHAIN KIT 50'S CHRISTMAS,1.0,2023-10-15 15:35:02,2.59,13132,2.59
536426,22411,JUMBO SHOPPER VINTAGE RED PAISLEY,6.0,2023-10-15 15:35:02,1.9,13132,11.4
536426,84029G,KNITTED UNION FLAG HOT WATER BOTTLE,2.0,2023-10-15 15:35:02,3.26,13132,6.52
536426,22383,LUNCH BAG SUKI DESIGN,3.0,2023-10-15 15:35:02,1.63,13132,4.89
536426,84879,ASSORTED COLOUR BIRD ORNAMENT,2.0,2023-10-15 15:35:02,1.67,13132,3.34
536427,22632,HAND WARMER RED POLKA DOT,3.0,2023-05-04 21:33:21,1.84,12836,5.52
536427,22383,LUNCH BAG SUKI DESIGN,4.0,2023-05-04 21:33:21,1.71,12836,6.84
536427,85123A,WHITE HANGING HEART T-LIGHT HOLDER,2.0,2023-05-04 21:33:21,2.46,12836,4.92
536427,21931,JUMBO STORAGE BAG SUKI,1.0,2023-05-04 21:33:21,2.01,12836,2.01
536427,84879,ASSORTED COLOUR BIRD ORNAMENT,4.0,2023-05-04 21:33:21,1.77,12836,7.08
536427,84969,BOX OF 6 ASSORTED COLOUR TEASPOONS,1.0,2023-05-04 21:33:21,4.35,12836,4.35
536429,84879,ASSORTED COLOUR BIRD ORNAMENT,3.0,2023-10-05 01:57:31,1.63,12438,4.89
536429,85099F,JUMBO BAG STRAWBERRY,1.0,2023-10-05 01:57:31,1.87,12438,1.87
536429,84969,BOX OF 6 ASSORTED COLOUR TEASPOONS,4.0,2023-10-05 01:57:31,4.34,12438,17.36
536430,20725,LUNCH BAG RED RETROSPOT,1.0,2023-08-22 10:51:02,1.69,12878,1.69
536430,22086,PAPER CHAIN KIT 50'S CHRISTMAS,1.0,2023-08-22 10:51:02,2.55,12878,2.55
536431,21730,GLASS STAR FROSTED T-LIGHT HOLDER,2.0,2023-06-12 03:49:42,4.05,12965,8.1
536431,22411,JUMBO SHOPPER VINTAGE RED PAISLEY,1.0,2023-06-12 03:49:42,2.02,12965,2.02
536431,47566,PARTY BUNTING,1.0,2023-06-12 03:49:42,4.7,12965,4.7
536431,84029E,RED WOOLLY HOTTIE WHITE HEART.,6.0,2023-06-12 03:49:42,3.44,12965,20.64
536431,85123A,WHITE HANGING HEART T-LIGHT HOLDER,4.0,2023-06-12 03:49:42,2.62,12965,10.48
536432,22382,LUNCH BAG SPACEBOY DESIGN,4.0,2023-03-22 18:53:51,1.71,13004,6.84
536432,22745,POPPY'S PLAYHOUSE BEDROOM,4.0,2023-03-22 18:53:51,2.01,13004,8.04
536433,84406B,CREAM CUPID HEARTS COAT HANGER,2.0,2023-11-11 18:17:43,2.74,12722,5.48
536433,84969,BOX OF 6 ASSORTED COLOUR TEASPOONS,2.0,2023-11-11 18:17:43,4.06,12722,8.12
536433,85123A,WHITE HANGING HEART T-LIGHT HOLDER,3.0,2023-11-11 18:17:43,2.64,12722,7.92
536434,85099B,JUMBO BAG RED RETROSPOT,1.0,2023-09-15 02:34:42,2.01,12881,2.01
536434,84879,ASSORTED COLOUR BIRD ORNAMENT,1.0,2023-09-15 02:34:42,1.67,12881,1.67
536434,22383,LUNCH BAG SUKI DESIGN,1.0,2023-09-15 02:34:42,1.58,12881,1.58
536434,84406B,CREAM CUPID HEARTS COAT HANGER,1.0,2023-09-15 02:34:42,2.66,12881,2.66
536434,22632,HAND WARMER RED POLKA DOT,1.0,2023-09-15 02:34:42,1.77,12881,1.77
536434,71053,WHITE METAL LANTERN,1.0,2023-09-15 02:34:42,3.43,12881,3.43
536435,22411,JUMBO SHOPPER VINTAGE RED PAISLEY,1.0,2023-11-28 16:58:14,2.04,12736,2.04
536436,20726,LUNCH BAG WOODLAND,1.0,2023-03-05 21:24:37,1.58,12864,1.58
536436,22086,PAPER CHAIN KIT 50'S CHRISTMAS,6.0,2023-03-05 21:24:37,2.68,12864,16.08
536436,85099F,JUMBO BAG STRAWBERRY,1.0,2023-03-05 21:24:37,1.93,12864,1.93
536436,22382,LUNCH BAG SPACEBOY DESIGN,1.0,2023-03-05 21:24:37,1.69,12864,1.69
536437,22384,LUNCH BAG PINK POLKADOT,4.0,2023-09-28 05:59:21,1.73,12877,6.92
536439,20728,LUNCH BAG CARS BLUE,3.0,2023-08-05 15:05:00,1.61,12877,4.83
536439,22384,LUNCH BAG PINK POLKADOT,1.0,2023-08-05 15:05:00,1.7,12877,1.7
536441,22745,POPPY'S PLAYHOUSE BEDROOM,1.0,2023-11-19 08:15:31,2.13,12858,2.13
536441,22633,HAND WARMER UNION JACK,6.0,2023-11-19 08:15:31,1.77,12858,10.62
536442,22632,HAND WARMER RED POLKA DOT,1.0,2023-08-27 06:45:30,1.81,12415,1.81
536442,22633,HAND WARMER UNION JACK,3.0,2023-08-27 06:45:30,1.82,12415,5.46
536442,84406B,CREAM CUPID HEARTS COAT HANGER,4.0,2023-08-27 06:45:30,2.87,12415,11.48
536443,22382,LUNCH BAG SPACEBOY DESIGN,2.0,2023-11-19 14:08:25,1.65,12712,3.3
536443,22411,JUMBO SHOPPER VINTAGE RED PAISLEY,3.0,2023-11-19 14:08:25,1.93,12712,5.79
536443,21730,GLASS STAR FROSTED T-LIGHT HOLDER,3.0,2023-11-19 14:08:25,4.17,12712,12.51
536444,20726,LUNCH BAG WOODLAND,2.0,2023-08-24 06:59:54,1.63,12844,3.26
536444,84969,BOX OF 6 ASSORTED COLOUR TEASPOONS,3.0,2023-08-24 06:59:54,4.35,12844,13.05
536444,22310,IVORY KNITTED MUG COSY,3.0,2023-08-24 06:59:54,1.65,12844,4.95
536444,22749,POPPY'S PLAYHOUSE LIVINGROOM,3.0,2023-08-24 06:59:54,2.13,12844,6.39
536444,22748,POPPY'S PLAYHOUSE KITCHEN,2.0,2023-08-24 06:59:54,2.2,12844,4.4
536445,20726,LUNCH BAG WOODLAND,2.0,2023-07-22 01:55:23,1.62,12864,3.24
536445,85099B,JUMBO BAG RED RETROSPOT,3.0,2023-07-22 01:55:23,1.95,12864,5.85
536445,22411,JUMBO SHOPPER VINTAGE RED PAISLEY,6.0,2023-07-22 01:55:23,1.99,12864,11.94
536447,22386,JUMBO BAG PINK POLKADOT,1.0,2023-12-06 08:12:53,1.93,12523,1.93
536447,20727,LUNCH BAG BLACK SKULL.,1.0,2023-12-06 08:12:53,1.73,12523,1.73
536448,22748,POPPY'S PLAYHOUSE KITCHEN,2.0,2023-10-16 05:32:45,2.17,12817,4.34
536448,47566,PARTY BUNTING,4.0,2023-10-16 05:32:45,4.55,12817,18.2
536449,20727,LUNCH BAG BLACK SKULL.,2.0,2023-08-24 10:16:32,1.64,13051,3.28
536449,22086,PAPER CHAIN KIT 50'S CHRISTMAS,6.0,2023-08-24 10:16:32,2.45,13051,14.7
536449,22383,LUNCH BAG SUKI DESIGN,2.0,2023-08-24 10:16:32,1.69,13051,3.38
536450,47566,PARTY BUNTING,1.0,2023-09-27 08:51:47,4.62,12866,4.62
536450,21730,GLASS STAR FROSTED T-LIGHT HOLDER,4.0,2023-09-27 08:51:47,4.05,12866,16.2
536451,84969,BOX OF 6 ASSORTED COLOUR TEASPOONS,2.0,2023-11-23 01:37:17,4.21,13024,8.42
536451,21931,JUMBO STORAGE BAG SUKI,6.0,2023-11-23 01:37:17,1.88,13024,11.28
536452,47566,PARTY BUNTING,2.0,2023-08-27 11:13:40,4.52,13144,9.04
536454,22086,PAPER CHAIN KIT 50'S CHRISTMAS,6.0,2023-10-05 07:54:21,2.61,12399,15.66
536454,20727,LUNCH BAG BLACK SKULL.,3.0,2023-10-05 07:54:21,1.61,12399,4.83
536454,22382,LUNCH BAG SPACEBOY DESIGN,1.0,2023-10-05 07:54:21,1.71,12399,1.71
536454,22384,LUNCH BAG PINK POLKADOT,1.0,2023-10-05 07:54:21,1.71,12399,1.71
536454,85099B,JUMBO BAG RED RETROSPOT,1.0,2023-10-05 07:54:21,1.91,12399,1.91
536455,84969,BOX OF 6 ASSORTED COLOUR TEASPOONS,4.0,2023-04-07 06:57:48,4.37,12877,17.48
536456,84969,BOX OF 6 ASSORTED COLOUR TEASPOONS,2.0,2023-10-31 02:14:42,4.46,12627,8.92
536456,85099B,JUMBO BAG RED RETROSPOT,2.0,2023-10-31 02:14:42,1.86,12627,3.72
536456,22411,JUMBO SHOPPER VINTAGE RED PAISLEY,2.0,2023-10-31 02:14:42,1.92,12627,3.84
536456,22382,LUNCH BAG SPACEBOY DESIGN,1.0,2023-10-31 02:14:42,1.57,12627,1.57
536458,22310,IVORY KNITTED MUG COSY,1.0,2023-10-19 04:11:47,1.65,12877,1.65
536458,20726,LUNCH BAG WOODLAND,1.0,2023-10-19 04:11:47,1.63,12877,1.63
536458,85099B,JUMBO BAG RED RETROSPOT,2.0,2023-10-19 04:11:47,1.88,12877,3.76
536458,20728,LUNCH BAG CARS BLUE,1.0,2023-10-19 04:11:47,1.58,12877,1.58
536458,85123A,WHITE HANGING HEART T-LIGHT HOLDER,2.0,2023-10-19 04:11:47,2.45,12877,4.9
536458,84969,BOX OF 6 ASSORTED COLOUR TEASPOONS,2.0,2023-10-19 04:11:47,4.17,12877,8.34
536459,84029E,RED WOOLLY HOTTIE WHITE HEART.,1.0,2023-04-16 21:10:34,3.49,12673,3.49
536459,47566,PARTY BUNTING,1.0,2023-04-16 21:10:34,4.58,12673,4.58
536459,20727,LUNCH BAG BLACK SKULL.,1.0,2023-04-16 21:10:34,1.67,12673,1.67
536459,22382,LUNCH BAG SPACEBOY DESIGN,4.0,2023-04-16 21:10:34,1.57,12673,6.28
536459,22411,JUMBO SHOPPER VINTAGE RED PAISLEY,2.0,2023-04-16 21:10:34,2.05,12673,4.1
536459,22749,POPPY'S PLAYHOUSE LIVINGROOM,1.0,2023-04-16 21:10:34,2.06,12673,2.06
536460,84969,BOX OF 6 ASSORTED COLOUR TEASPOONS,1.0,2023-05-18 17:00:24,4.29,13063,4.29
536461,85099F,JUMBO BAG STRAWBERRY,4.0,2023-09-16 15:32:11,1.89,13088,7.56
536461,22411,JUMBO SHOPPER VINTAGE RED PAISLEY,1.0,2023-09-16 15:32:11,1.95,13088,1.95
536461,21931,JUMBO STORAGE BAG SUKI,3.0,2023-09-16 15:32:11,1.88,13088,5.64
536462,84879,ASSORTED COLOUR BIRD ORNAMENT,1.0,2023-11-08 09:31:49,1.62,13062,1.62
536462,22386,JUMBO BAG PINK POLKADOT,1.0,2023-11-08 09:31:49,1.94,13062,1.94
536462,22411,JUMBO SHOPPER VINTAGE RED PAISLEY,1.0,2023-11-08 09:31:49,1.93,13062,1.93
536464,47566,PARTY BUNTING,1.0,2023-02-19 09:28:31,4.87,13059,4.87
536465,20728,LUNCH BAG CARS BLUE,1.0,2023-05-22 08:35:33,1.65,12396,1.65
536467,47566,PARTY BUNTING,6.0,2023-06-15 20:53:29,4.78,12917,28.68
536467,85099F,JUMBO BAG STRAWBERRY,2.0,2023-06-15 20:53:29,1.98,12917,3.96
536467,22745,POPPY'S PLAYHOUSE BEDROOM,4.0,2023-06-15 20:53:29,2.17,12917,8.68
536467,21931,JUMBO STORAGE BAG SUKI,1.0,2023-06-15 20:53:29,2.0,12917,2.0
536467,84406B,CREAM CUPID HEARTS COAT HANGER,1.0,2023-06-15 20:53:29,2.63,12917,2.63
536468,22384,LUNCH BAG PINK POLKADOT,1.0,2023-03-06 21:40:23,1.67,12486,1.67
536468,47566,PARTY BUNTING,1.0,2023-03-06 21:40:23,4.7,12486,4.7
536468,22310,IVORY KNITTED MUG COSY,1.0,2023-03-06 21:40:23,1.72,12486,1.72
536468,22745,POPPY'S PLAYHOUSE BEDROOM,4.0,2023-03-06 21:40:23,2.05,12486,8.2
536469,20726,LUNCH BAG WOODLAND,4.0,2023-03-18 19:29:09,1.73,12921,6.92
536469,22310,IVORY KNITTED MUG COSY,2.0,2023-03-18 19:29:09,1.72,12921,3.44
536469,20725,LUNCH BAG RED RETROSPOT,2.0,2023-03-18 19:29:09,1.61,12921,3.22
536469,85099B,JUMBO BAG RED RETROSPOT,2.0,2023-03-18 19:29:09,1.87,12921,3.74
536469,22748,POPPY'S PLAYHOUSE KITCHEN,2.0,2023-03-18 19:29:09,2.16,12921,4.32
536470,85099F,JUMBO BAG STRAWBERRY,1.0,2023-02-23 09:08:36,2.02,12347,2.02
536471,22632,HAND WARMER RED POLKA DOT,1.0,2023-05-05 14:23:19,1.92,12607,1.92
536471,22086,PAPER CHAIN KIT 50'S CHRISTMAS,2.0,2023-05-05 14:23:19,2.62,12607,5.24
536471,85123A,WHITE HANGING HEART T-LIGHT HOLDER,2.0,2023-05-05 14:23:19,2.51,12607,5.02
536472,84029G,KNITTED UNION FLAG HOT WATER BOTTLE,2.0,2023-09-28 07:55:06,3.3,12877,6.6
536473,22411,JUMBO SHOPPER VINTAGE RED PAISLEY,1.0,2023-06-04 00:29:52,1.87,12483,1.87
536474,20727,LUNCH BAG BLACK SKULL.,3.0,2023-07-18 11:35:27,1.58,12886,4.74
536474,22633,HAND WARMER UNION JACK,6.0,2023-07-18 11:35:27,1.77,12886,10.62
536474,84029E,RED WOOLLY HOTTIE WHITE HEART.,4.0,2023-07-18 11:35:27,3.48,12886,13.92
536475,85099F,JUMBO BAG STRAWBERRY,6.0,2023-05-14 13:11:07,1.98,13094,11.88
536475,85099B,JUMBO BAG RED RETROSPOT,2.0,2023-05-14 13:11:07,1.95,13094,3.9
536476,22748,POPPY'S PLAYHOUSE KITCHEN,2.0,2023-03-26 21:14:39,2.18,12659,4.36
536476,85099B,JUMBO BAG RED RETROSPOT,3.0,2023-03-26 21:14:39,1.97,12659,5.91
536477,84406B,CREAM CUPID HEARTS COAT HANGER,2.0,2023-10-14 23:59:38,2.63,12371,5.26
536477,22749,POPPY'S PLAYHOUSE LIVINGROOM,2.0,2023-10-14 23:59:38,2.13,12371,4.26
536478,47566,PARTY BUNTING,3.0,2023-08-19 06:20:59,4.87,12572,14.61
536478,84879,ASSORTED COLOUR BIRD ORNAMENT,2.0,2023-08-19 06:20:59,1.74,12572,3.48
536478,22632,HAND WARMER RED POLKA DOT,6.0,2023-08-19 06:20:59,1.86,12572,11.16
536478,20727,LUNCH BAG BLACK SKULL.,1.0,2023-08-19 06:20:59,1.64,12572,1.64
536478,85123A,WHITE HANGING HEART T-LIGHT HOLDER,2.0,2023-08-19 06:20:59,2.45,12572,4.9
536478,84406B,CREAM CUPID HEARTS COAT HANGER,1.0,2023-08-19 06:20:59,2.76,12572,2.76
536479,22411,JUMBO SHOPPER VINTAGE RED PAISLEY,4.0,2023-09-15 02:11:14,2.01,12877,8.04
536480,22748,POPPY'S PLAYHOUSE KITCHEN,2.0,2023-06-03 16:30:12,2.12,12877,4.24
536480,22633,HAND WARMER UNION JACK,2.0,2023-06-03 16:30:12,1.93,12877,3.86
536480,85099F,JUMBO BAG STRAWBERRY,4.0,2023-06-03 16:30:12,1.88,12877,7.52
536482,85099B,JUMBO BAG RED RETROSPOT,4.0,2023-09-06 09:10:08,2.04,12877,8.16
536483,85099B,JUMBO BAG RED RETROSPOT,6.0,2023-07-25 12:08:27,1.91,12389,11.46
536483,22745,POPPY'S PLAYHOUSE BEDROOM,2.0,2023-07-25 12:08:27,2.12,12389,4.24
536483,71053,WHITE METAL LANTERN,4.0,2023-07-25 12:08:27,3.35,12389,13.4
536483,85099F,JUMBO BAG STRAWBERRY,2.0,2023-07-25 12:08:27,1.92,12389,3.84
536484,20726,LUNCH BAG WOODLAND,6.0,2023-10-27 07:26:49,1.66,12500,9.96
536485,22749,POPPY'S PLAYHOUSE LIVINGROOM,4.0,2023-08-18 20:11:53,2.17,12486,8.68
536485,22632,HAND WARMER RED POLKA DOT,1.0,2023-08-18 20:11:53,1.82,12486,1.82
536486,84029E,RED WOOLLY HOTTIE WHITE HEART.,2.0,2023-05-08 11:19:58,3.55,12877,7.1
536486,22382,LUNCH BAG SPACEBOY DESIGN,1.0,2023-05-08 11:19:58,1.72,12877,1.72
536486,22745,POPPY'S PLAYHOUSE BEDROOM,2.0,2023-05-08 11:19:58,2.11,12877,4.22
536486,85099F,JUMBO BAG STRAWBERRY,2.0,2023-05-08 11:19:58,1.92,12877,3.84
536487,84029E,RED WOOLLY HOTTIE WHITE HEART.,1.0,2023-12-01 12:10:26,3.56,12659,3.56
536487,84406B,CREAM CUPID HEARTS COAT HANGER,1.0,2023-12-01 12:10:26,2.78,12659,2.78
536488,22086,PAPER CHAIN KIT 50'S CHRISTMAS,2.0,2023-03-27 19:33:59,2.57,12877,5.14
536488,22386,JUMBO BAG PINK POLKADOT,1.0,2023-03-27 19:33:59,1.98,12877,1.98
536488,20725,LUNCH BAG RED RETROSPOT,3.0,2023-03-27 19:33:59,1.63,12877,4.89
536490,22384,LUNCH BAG PINK POLKADOT,1.0,2023-09-09 21:10:20,1.65,12705,1.65
536491,20725,LUNCH BAG RED RETROSPOT,3.0,2023-09-12 04:43:38,1.61,13021,4.83
536493,22384,LUNCH BAG PINK POLKADOT,4.0,2023-12-07 01:21:17,1.69,12406,6.76
536493,20725,LUNCH BAG RED RETROSPOT,1.0,2023-12-07 01:21:17,1.67,12406,1.67
536493,22633,HAND WARMER UNION JACK,1.0,2023-12-07 01:21:17,1.87,12406,1.87
536493,85099F,JUMBO BAG STRAWBERRY,1.0,2023-12-07 01:21:17,1.87,12406,1.87
536494,22382,LUNCH BAG SPACEBOY DESIGN,2.0,2023-08-31 01:26:25,1.71,12868,3.42
536495,22382,LUNCH BAG SPACEBOY DESIGN,3.0,2023-10-12 21:22:34,1.59,12550,4.77
536495,22411,JUMBO SHOPPER VINTAGE RED PAISLEY,2.0,2023-10-12 21:22:34,1.86,12550,3.72
536496,22382,LUNCH BAG SPACEBOY DESIGN,1.0,2023-03-16 16:34:09,1.63,12878,1.63
536496,20727,LUNCH BAG BLACK SKULL.,2.0,2023-03-16 16:34:09,1.63,12878,3.26
536497,84969,BOX OF 6 ASSORTED COLOUR TEASPOONS,1.0,2023-11-05 23:36:27,4.38,12524,4.38
536497,22411,JUMBO SHOPPER VINTAGE RED PAISLEY,1.0,2023-11-05 23:36:27,2.01,12524,2.01
536498,21730,GLASS STAR FROSTED T-LIGHT HOLDER,4.0,2023-10-14 04:27:10,4.11,12886,16.44
536498,84969,BOX OF 6 ASSORTED COLOUR TEASPOONS,1.0,2023-10-14 04:27:10,4.17,12886,4.17
536498,20727,LUNCH BAG BLACK SKULL.,6.0,2023-10-14 04:27:10,1.72,12886,10.32
536498,71053,WHITE METAL LANTERN,1.0,2023-10-14 04:27:10,3.45,12886,3.45
536499,84969,BOX OF 6 ASSORTED COLOUR TEASPOONS,2.0,2023-10-09 14:20:10,4.27,12877,8.54
536499,47566,PARTY BUNTING,3.0,2023-10-09 14:20:10,4.66,12877,13.98
536499,20727,LUNCH BAG BLACK SKULL.,1.0,2023-10-09 14:20:10,1.66,12877,1.66
536499,22386,JUMBO BAG PINK POLKADOT,1.0,2023-10-09 14:20:10,1.98,12877,1.98
536499,22745,POPPY'S PLAYHOUSE BEDROOM,1.0,2023-10-09 14:20:10,2.01,12877,2.01
536499,84406B,CREAM CUPID HEARTS COAT HANGER,2.0,2023-10-09 14:20:10,2.84,12877,5.68
536501,84969,BOX OF 6 ASSORTED COLOUR TEASPOONS,3.0,2023-06-16 17:58:33,4.34,12473,13.02
536501,84879,ASSORTED COLOUR BIRD ORNAMENT,4.0,2023-06-16 17:58:33,1.65,12473,6.6
536501,47566,PARTY BUNTING,1.0,2023-06-16 17:58:33,4.76,12473,4.76
536502,22749,POPPY'S PLAYHOUSE LIVINGROOM,1.0,2023-10-07 03:44:53,2.03,12379,2.03
536502,22748,POPPY'S PLAYHOUSE KITCHEN,1.0,2023-10-07 03:44:53,2.17,12379,2.17
536503,20726,LUNCH BAG WOODLAND,2.0,2023-10-23 06:20:42,1.69,12736,3.38
536503,22749,POPPY'S PLAYHOUSE LIVINGROOM,6.0,2023-10-23 06:20:42,2.19,12736,13.14
536503,71053,WHITE METAL LANTERN,3.0,2023-10-23 06:20:42,3.4,12736,10.2
536504,20726,LUNCH BAG WOODLAND,1.0,2023-12-07 23:00:12,1.67,12864,1.67
536504,20725,LUNCH BAG RED RETROSPOT,2.0,2023-12-07 23:00:12,1.57,12864,3.14
536504,22745,POPPY'S PLAYHOUSE BEDROOM,3.0,2023-12-07 23:00:12,2.03,12864,6.09
536504,22310,IVORY KNITTED MUG COSY,1.0,2023-12-07 23:00:12,1.66,12864,1.66
536505,20727,LUNCH BAG BLACK SKULL.,3.0,2023-07-08 05:04:43,1.67,13030,5.01
536505,22745,POPPY'S PLAYHOUSE BEDROOM,2.0,2023-07-08 05:04:43,2.12,13030,4.24
536506,21931,JUMBO STORAGE BAG SUKI,1.0,2023-04-11 03:41:21,2.04,12877,2.04
536507,20726,LUNCH BAG WOODLAND,4.0,2023-05-24 03:11:23,1.62,12581,6.48
536507,22745,POPPY'S PLAYHOUSE BEDROOM,6.0,2023-05-24 03:11:23,2.08,12581,12.48
536507,20725,LUNCH BAG RED RETROSPOT,1.0,2023-05-24 03:11:23,1.6,12581,1.6
536508,20728,LUNCH BAG CARS BLUE,2.0,2023-09-02 15:50:10,1.67,12821,3.34
536508,84879,ASSORTED COLOUR BIRD ORNAMENT,1.0,2023-09-02 15:50:10,1.77,12821,1.77
536508,85099B,JUMBO BAG RED RETROSPOT,2.0,2023-09-02 15:50:10,1.89,12821,3.78
536508,22384,LUNCH BAG PINK POLKADOT,6.0,2023-09-02 15:50:10,1.62,12821,9.72
536508,84029E,RED WOOLLY HOTTIE WHITE HEART.,6.0,2023-09-02 15:50:10,3.24,12821,19.44
536509,84969,BOX OF 6 ASSORTED COLOUR TEASPOONS,3.0,2023-10-03 19:02:46,4.32,12824,12.96
536510,22749,POPPY'S PLAYHOUSE LIVINGROOM,4.0,2023-09-09 12:53:47,2.06,12610,8.24
536510,20726,LUNCH BAG WOODLAND,1.0,2023-09-09 12:53:47,1.61,12610,1.61
536510,47566,PARTY BUNTING,3.0,2023-09-09 12:53:47,4.44,12610,13.32
536510,22382,LUNCH BAG SPACEBOY DESIGN,2.0,2023-09-09 12:53:47,1.6,12610,3.2
536511,84879,ASSORTED COLOUR BIRD ORNAMENT,2.0,2023-08-16 16:09:37,1.68,12905,3.36
536511,47566,PARTY BUNTING,2.0,2023-08-16 16:09:37,4.73,12905,9.46
536511,20726,LUNCH BAG WOODLAND,6.0,2023-08-16 16:09:37,1.59,12905,9.54
536512,22310,IVORY KNITTED MUG COSY,3.0,2023-10-03 13:16:26,1.69,12877,5.07
536513,85099F,JUMBO BAG STRAWBERRY,2.0,2023-08-02 19:42:15,1.88,12878,3.76
536515,47566,PARTY BUNTING,2.0,2023-07-26 08:15:13,4.57,12602,9.14
536515,84029G,KNITTED UNION FLAG HOT WATER BOTTLE,2.0,2023-07-26 08:15:13,3.45,12602,6.9
536515,22386,JUMBO BAG PINK POLKADOT,4.0,2023-07-26 08:15:13,1.95,12602,7.8
536516,85099F,JUMBO BAG STRAWBERRY,1.0,2023-03-31 06:38:47,1.9,12626,1.9
536516,20725,LUNCH BAG RED RETROSPOT,1.0,2023-03-31 06:38:47,1.64,12626,1.64
536516,22310,IVORY KNITTED MUG COSY,3.0,2023-03-31 06:38:47,1.72,12626,5.16
536517,22386,JUMBO BAG PINK POLKADOT,2.0,2023-05-23 20:26:08,2.01,12736,4.02
536517,22633,HAND WARMER UNION JACK,1.0,2023-05-23 20:26:08,1.87,12736,1.87
536517,22749,POPPY'S PLAYHOUSE LIVINGROOM,3.0,2023-05-23 20:26:08,2.06,12736,6.18
536519,22086,PAPER CHAIN KIT 50'S CHRISTMAS,2.0,2023-06-28 20:49:41,2.49,12532,4.98
536519,22745,POPPY'S PLAYHOUSE BEDROOM,6.0,2023-06-28 20:49:41,2.1,12532,12.6
536520,71053,WHITE METAL LANTERN,1.0,2023-10-07 14:22:42,3.37,12821,3.37
536520,84029E,RED WOOLLY HOTTIE WHITE HEART.,2.0,2023-10-07 14:22:42,3.32,12821,6.64
536520,22383,LUNCH BAG SUKI DESIGN,1.0,2023-10-07 14:22:42,1.65,12821,1.65
536520,84029G,KNITTED UNION FLAG HOT WATER BOTTLE,1.0,2023-10-07 14:22:42,3.46,12821,3.46
536520,84406B,CREAM CUPID HEARTS COAT HANGER,1.0,2023-10-07 14:22:42,2.71,12821,2.71
536521,85099B,JUMBO BAG RED RETROSPOT,2.0,2023-09-24 22:23:23,1.91,12927,3.82
536521,22748,POPPY'S PLAYHOUSE KITCHEN,2.0,2023-09-24 22:23:23,2.1,12927,4.2
536521,20727,LUNCH BAG BLACK SKULL.,1.0,2023-09-24 22:23:23,1.66,12927,1.66
536522,21730,GLASS STAR FROSTED T-LIGHT HOLDER,4.0,2023-06-30 20:43:13,4.2,13131,16.8
536524,84029G,KNITTED UNION FLAG HOT WATER BOTTLE,2.0,2023-10-10 02:45:43,3.53,12358,7.06
536524,22382,LUNCH BAG SPACEBOY DESIGN,3.0,2023-10-10 02:45:43,1.67,12358,5.01
536524,21931,JUMBO STORAGE BAG SUKI,6.0,2023-10-10 02:45:43,1.86,12358,11.16
536524,20725,LUNCH BAG RED RETROSPOT,2.0,2023-10-10 02:45:43,1.71,12358,3.42
536524,22383,LUNCH BAG SUKI DESIGN,1.0,2023-10-10 02:45:43,1.71,12358,1.71
536527,20726,LUNCH BAG WOODLAND,3.0,2023-11-25 23:50:49,1.71,12500,5.13
536527,85123A,WHITE HANGING HEART T-LIGHT HOLDER,2.0,2023-11-25 23:50:49,2.64,12500,5.28
536527,22745,POPPY'S PLAYHOUSE BEDROOM,1.0,2023-11-25 23:50:49,2.07,12500,2.07
536527,22749,POPPY'S PLAYHOUSE LIVINGROOM,3.0,2023-11-25 23:50:49,2.03,12500,6.09
536528,22386,JUMBO BAG PINK POLKADOT,3.0,2023-07-27 21:44:47,1.99,12792,5.97
536528,22633,HAND WARMER UNION JACK,1.0,2023-07-27 21:44:47,1.88,12792,1.88
536528,84406B,CREAM CUPID HEARTS COAT HANGER,4.0,2023-07-27 21:44:47,2.65,12792,10.6
536528,20726,LUNCH BAG WOODLAND,2.0,2023-07-27 21:44:47,1.7,12792,3.4
536529,22086,PAPER CHAIN KIT 50'S CHRISTMAS,4.0,2023-12-01 10:37:14,2.59,13021,10.36
536529,22632,HAND WARMER RED POLKA DOT,2.0,2023-12-01 10:37:14,1.94,13021,3.88
536529,22383,LUNCH BAG SUKI DESIGN,1.0,2023-12-01 10:37:14,1.7,13021,1.7
536530,22411,JUMBO SHOPPER VINTAGE RED PAISLEY,3.0,2023-08-04 03:43:59,2.02,12877,6.06
536531,22748,POPPY'S PLAYHOUSE KITCHEN,2.0,2023-11-27 13:54:58,2.04,13135,4.08
536531,22384,LUNCH BAG PINK POLKADOT,3.0,2023-11-27 13:54:58,1.66,13135,4.98
536531,22310,IVORY KNITTED MUG COSY,4.0,2023-11-27 13:54:58,1.72,13135,6.88
536531,20727,LUNCH BAG BLACK SKULL.,1.0,2023-11-27 13:54:58,1.69,13135,1.69
536531,22632,HAND WARMER RED POLKA DOT,1.0,2023-11-27 13:54:58,1.9,13135,1.9
536532,20728,LUNCH BAG CARS BLUE,2.0,2023-11-12 23:45:28,1.59,12877,3.18
536533,20725,LUNCH BAG RED RETROSPOT,2.0,2023-09-03 00:39:55,1.7,12917,3.4
536534,22310,IVORY KNITTED MUG COSY,2.0,2023-12-08 01:53:32,1.64,13112,3.28
536535,85099F,JUMBO BAG STRAWBERRY,2.0,2023-06-12 09:01:01,2.03,13055,4.06
536535,22749,POPPY'S PLAYHOUSE LIVINGROOM,2.0,2023-06-12 09:01:01,2.06,13055,4.12
536535,22745,POPPY'S PLAYHOUSE BEDROOM,2.0,2023-06-12 09:01:01,2.01,13055,4.02
536535,71053,WHITE METAL LANTERN,2.0,2023-06-12 09:01:01,3.38,13055,6.76
536535,22632,HAND WARMER RED POLKA DOT,2.0,2023-06-12 09:01:01,1.79,13055,3.58
536536,20728,LUNCH BAG CARS BLUE,1.0,2023-05-24 05:10:59,1.65,12877,1.65
536536,21730,GLASS STAR FROSTED T-LIGHT HOLDER,1.0,2023-05-24 05:10:59,4.15,12877,4.15
536536,22745,POPPY'S PLAYHOUSE BEDROOM,1.0,2023-05-24 05:10:59,2.13,12877,2.13
536536,22382,LUNCH BAG SPACEBOY DESIGN,3.0,2023-05-24 05:10:59,1.68,12877,5.04
536536,22633,HAND WARMER UNION JACK,4.0,2023-05-24 05:10:59,1.87,12877,7.48
536537,84969,BOX OF 6 ASSORTED COLOUR TEASPOONS,6.0,2023-09-25 22:54:18,4.07,12773,24.42
536537,85123A,WHITE HANGING HEART T-LIGHT HOLDER,3.0,2023-09-25 22:54:18,2.66,12773,7.98
536537,22748,POPPY'S PLAYHOUSE KITCHEN,3.0,2023-09-25 22:54:18,2.18,12773,6.54
536537,84029E,RED WOOLLY HOTTIE WHITE HEART.,1.0,2023-09-25 22:54:18,3.37,12773,3.37
536538,84029G,KNITTED UNION FLAG HOT WATER BOTTLE,1.0,2023-03-10 07:48:13,3.31,12821,3.31
536538,22383,LUNCH BAG SUKI DESIGN,4.0,2023-03-10 07:48:13,1.62,12821,6.48
536538,21931,JUMBO STORAGE BAG SUKI,1.0,2023-03-10 07:48:13,2.04,12821,2.04
536539,22386,JUMBO BAG PINK POLKADOT,4.0,2023-09-29 05:50:46,1.89,12927,7.56
536539,22745,POPPY'S PLAYHOUSE BEDROOM,2.0,2023-09-29 05:50:46,2.19,12927,4.38
536539,47566,PARTY BUNTING,6.0,2023-09-29 05:50:46,4.47,12927,26.82
536540,20727,LUNCH BAG BLACK SKULL.,1.0,2023-07-23 01:04:00,1.62,12844,1.62
536540,21730,GLASS STAR FROSTED T-LIGHT HOLDER,3.0,2023-07-23 01:04:00,4.16,12844,12.48
536540,22386,JUMBO BAG PINK POLKADOT,1.0,2023-07-23 01:04:00,2.01,12844,2.01
536541,84029G,KNITTED UNION FLAG HOT WATER BOTTLE,1.0,2023-05-14 18:17:50,3.32,13004,3.32
536541,71053,WHITE METAL LANTERN,3.0,2023-05-14 18:17:50,3.22,13004,9.66
536542,22386,JUMBO BAG PINK POLKADOT,1.0,2023-08-15 04:08:55,1.85,12877,1.85
536542,47566,PARTY BUNTING,2.0,2023-08-15 04:08:55,4.45,12877,8.9
536545,20725,LUNCH BAG RED RETROSPOT,2.0,2023-02-13 06:25:34,1.64,12927,3.28
536545,20726,LUNCH BAG WOODLAND,3.0,2023-02-13 06:25:34,1.65,12927,4.95
536545,84969,BOX OF 6 ASSORTED COLOUR TEASPOONS,3.0,2023-02-13 06:25:34,4.11,12927,12.33
536545,22411,JUMBO SHOPPER VINTAGE RED PAISLEY,6.0,2023-02-13 06:25:34,2.04,12927,12.24
536545,21730,GLASS STAR FROSTED T-LIGHT HOLDER,6.0,2023-02-13 06:25:34,4.07,12927,24.42
536545,85099B,JUMBO BAG RED RETROSPOT,1.0,2023-02-13 06:25:34,1.88,12927,1.88
536546,20728,LUNCH BAG CARS BLUE,3.0,2023-11-08 12:37:54,1.67,13124,5.01
536546,71053,WHITE METAL LANTERN,4.0,2023-11-08 12:37:54,3.23,13124,12.92
536546,22745,POPPY'S PLAYHOUSE BEDROOM,2.0,2023-11-08 12:37:54,2.08,13124,4.16
536546,84029E,RED WOOLLY HOTTIE WHITE HEART.,1.0,2023-11-08 12:37:54,3.3,13124,3.3
536546,22386,JUMBO BAG PINK POLKADOT,4.0,2023-11-08 12:37:54,2.02,13124,8.08
536546,22383,LUNCH BAG SUKI DESIGN,6.0,2023-11-08 12:37:54,1.62,13124,9.72
536547,20725,LUNCH BAG RED RETROSPOT,2.0,2023-07-08 07:26:50,1.65,12877,3.3
536547,20726,LUNCH BAG WOODLAND,2.0,2023-07-08 07:26:50,1.66,12877,3.32
536547,22310,IVORY KNITTED MUG COSY,4.0,2023-07-08 07:26:50,1.6,12877,6.4
536547,22749,POPPY'S PLAYHOUSE LIVINGROOM,1.0,2023-07-08 07:26:50,2.2,12877,2.2
536547,22382,LUNCH BAG SPACEBOY DESIGN,1.0,2023-07-08 07:26:50,1.58,12877,1.58
536547,20728,LUNCH BAG CARS BLUE,2.0,2023-07-08 07:26:50,1.6,12877,3.2
536548,22749,POPPY'S PLAYHOUSE LIVINGROOM,1.0,2023-11-04 10:52:25,2.2,12877,2.2
536549,85099B,JUMBO BAG RED RETROSPOT,1.0,2023-05-31 21:35:50,2.01,12783,2.01
536549,22745,POPPY'S PLAYHOUSE BEDROOM,6.0,2023-05-31 21:35:50,2.11,12783,12.66
536551,85099B,JUMBO BAG RED RETROSPOT,2.0,2023-10-06 10:04:01,2.05,12845,4.1
536551,21931,JUMBO STORAGE BAG SUKI,4.0,2023-10-06 10:04:01,1.96,12845,7.84
536551,22632,HAND WARMER RED POLKA DOT,3.0,2023-10-06 10:04:01,1.9,12845,5.7
536551,22633,HAND WARMER UNION JACK,2.0,2023-10-06 10:04:01,1.85,12845,3.7
536551,47566,PARTY BUNTING,6.0,2023-10-06 10:04:01,4.57,12845,27.42
536552,22633,HAND WARMER UNION JACK,2.0,2023-11-13 17:18:26,1.94,12878,3.88
536553,20727,LUNCH BAG BLACK SKULL.,2.0,2023-11-25 15:07:34,1.73,12991,3.46
536554,47566,PARTY BUNTING,3.0,2023-07-19 22:19:14,4.43,12791,13.29
536554,21931,JUMBO STORAGE BAG SUKI,3.0,2023-07-19 22:19:14,1.94,12791,5.82
536554,71053,WHITE METAL LANTERN,1.0,2023-07-19 22:19:14,3.38,12791,3.38
536554,22749,POPPY'S PLAYHOUSE LIVINGROOM,4.0,2023-07-19 22:19:14,2.07,12791,8.28
536554,22745,POPPY'S PLAYHOUSE BEDROOM,1.0,2023-07-19 22:19:14,2.14,12791,2.14
536555,85099F,JUMBO BAG STRAWBERRY,2.0,2023-10-10 14:25:58,2.01,12799,4.02
536555,20728,LUNCH BAG CARS BLUE,2.0,2023-10-10 14:25:58,1.65,12799,3.3
536555,21931,JUMBO STORAGE BAG SUKI,1.0,2023-10-10 14:25:58,2.04,12799,2.04
536555,22748,POPPY'S PLAYHOUSE KITCHEN,6.0,2023-10-10 14:25:58,2.04,12799,12.24
536555,22086,PAPER CHAIN KIT 50'S CHRISTMAS,3.0,2023-10-10 14:25:58,2.62,12799,7.86
536556,22382,LUNCH BAG SPACEBOY DESIGN,1.0,2023-11-09 11:41:28,1.69,12817,1.69
536556,20726,LUNCH BAG WOODLAND,2.0,2023-11-09 11:41:28,1.6,12817,3.2
536556,85099B,JUMBO BAG RED RETROSPOT,2.0,2023-11-09 11:41:28,1.91,12817,3.82
536557,20728,LUNCH BAG CARS BLUE,4.0,2023-07-15 01:44:21,1.72,12347,6.88
536557,85123A,WHITE HANGING HEART T-LIGHT HOLDER,1.0,2023-07-15 01:44:21,2.5,12347,2.5
536557,20725,LUNCH BAG RED RETROSPOT,1.0,2023-07-15 01:44:21,1.61,12347,1.61
536558,21730,GLASS STAR FROSTED T-LIGHT HOLDER,2.0,2023-04-06 16:32:32,4.34,13142,8.68
536559,22411,JUMBO SHOPPER VINTAGE RED PAISLEY,3.0,2023-02-27 01:08:59,2.0,12937,6.0
536561,85099F,JUMBO BAG STRAWBERRY,6.0,2023-10-18 03:10:47,2.03,12486,12.18
536562,21730,GLASS STAR FROSTED T-LIGHT HOLDER,2.0,2023-06-08 14:50:40,4.07,12844,8.14
536562,47566,PARTY BUNTING,3.0,2023-06-08 14:50:40,4.54,12844,13.62
536563,20728,LUNCH BAG CARS BLUE,1.0,2023-08-21 00:42:28,1.66,12415,1.66
536564,84029G,KNITTED UNION FLAG HOT WATER BOTTLE,3.0,2023-10-27 08:30:36,3.24,12877,9.72
536564,22386,JUMBO BAG PINK POLKADOT,1.0,2023-10-27 08:30:36,1.94,12877,1.94
536565,22745,POPPY'S PLAYHOUSE BEDROOM,3.0,2023-04-20 02:49:30,2.16,12543,6.48
536566,22310,IVORY KNITTED MUG COSY,1.0,2023-05-12 15:03:03,1.59,12877,1.59
536566,71053,WHITE METAL LANTERN,1.0,2023-05-12 15:03:03,3.35,12877,3.35
536566,85099F,JUMBO BAG STRAWBERRY,1.0,2023-05-12 15:03:03,2.0,12877,2.0
536567,22633,HAND WARMER UNION JACK,1.0,2023-11-17 01:41:53,1.93,12877,1.93
536568,22384,LUNCH BAG PINK POLKADOT,6.0,2023-07-14 19:13:01,1.65,12656,9.9
536568,22383,LUNCH BAG SUKI DESIGN,3.0,2023-07-14 19:13:01,1.61,12656,4.83
536568,85123A,WHITE HANGING HEART T-LIGHT HOLDER,1.0,2023-07-14 19:13:01,2.63,12656,2.63
536570,84969,BOX OF 6 ASSORTED COLOUR TEASPOONS,6.0,2023-06-28 03:02:13,4.12,12877,24.72
536570,20727,LUNCH BAG BLACK SKULL.,1.0,2023-06-28 03:02:13,1.62,12877,1.62
536570,22383,LUNCH BAG SUKI DESIGN,6.0,2023-06-28 03:02:13,1.71,12877,10.26
536571,22411,JUMBO SHOPPER VINTAGE RED PAISLEY,1.0,2023-06-23 22:13:44,1.87,12712,1.87
536571,85099F,JUMBO BAG STRAWBERRY,1.0,2023-06-23 22:13:44,1.97,12712,1.97
536571,22384,LUNCH BAG PINK POLKADOT,2.0,2023-06-23 22:13:44,1.67,12712,3.34
536571,84029E,RED WOOLLY HOTTIE WHITE HEART.,1.0,2023-06-23 22:13:44,3.24,12712,3.24
536571,85099B,JUMBO BAG RED RETROSPOT,1.0,2023-06-23 22:13:44,2.0,12712,2.0
536572,84029G,KNITTED UNION FLAG HOT WATER BOTTLE,1.0,2023-10-30 18:50:32,3.32,12524,3.32
536572,22384,LUNCH BAG PINK POLKADOT,3.0,2023-10-30 18:50:32,1.7,12524,5.1
536572,22086,PAPER CHAIN KIT 50'S CHRISTMAS,4.0,2023-10-30 18:50:32,2.67,12524,10.68
536575,84029E,RED WOOLLY HOTTIE WHITE HEART.,1.0,2023-07-12 14:36:25,3.41,13084,3.41
536575,84029G,KNITTED UNION FLAG HOT WATER BOTTLE,1.0,2023-07-12 14:36:25,3.49,13084,3.49
536575,71053,WHITE METAL LANTERN,4.0,2023-07-12 14:36:25,3.3,13084,13.2
536575,22749,POPPY'S PLAYHOUSE LIVINGROOM,6.0,2023-07-12 14:36:25,2.04,13084,12.24
536575,22382,LUNCH BAG SPACEBOY DESIGN,2.0,2023-07-12 14:36:25,1.66,13084,3.32
536576,85099F,JUMBO BAG STRAWBERRY,2.0,2023-11-27 22:05:40,1.99,12453,3.98
536576,22745,POPPY'S PLAYHOUSE BEDROOM,1.0,2023-11-27 22:05:40,2.14,12453,2.14
536576,21730,GLASS STAR FROSTED T-LIGHT HOLDER,6.0,2023-11-27 22:05:40,4.11,12453,24.66
536577,22383,LUNCH BAG SUKI DESIGN,3.0,2023-08-15 18:17:25,1.69,12792,5.07
536577,71053,WHITE METAL LANTERN,3.0,2023-08-15 18:17:25,3.5,12792,10.5
536578,22632,HAND WARMER RED POLKA DOT,2.0,2023-02-21 13:14:12,1.94,13097,3.88
536578,22745,POPPY'S PLAYHOUSE BEDROOM,2.0,2023-02-21 13:14:12,2.05,13097,4.1
536578,85099B,JUMBO BAG RED RETROSPOT,4.0,2023-02-21 13:14:12,1.89,13097,7.56
536579,21730,GLASS STAR FROSTED T-LIGHT HOLDER,4.0,2023-07-02 06:44:12,4.3,13051,17.2
536579,22411,JUMBO SHOPPER VINTAGE RED PAISLEY,4.0,2023-07-02 06:44:12,2.0,13051,8.0
536579,85123A,WHITE HANGING HEART T-LIGHT HOLDER,3.0,2023-07-02 06:44:12,2.46,13051,7.38
536580,85099F,JUMBO BAG STRAWBERRY,1.0,2023-09-29 09:22:28,2.03,12821,2.03
536580,84029E,RED WOOLLY HOTTIE WHITE HEART.,1.0,2023-09-29 09:22:28,3.39,12821,3.39
536581,85123A,WHITE HANGING HEART T-LIGHT HOLDER,6.0,2023-12-01 10:42:58,2.53,12815,15.18
536581,85099F,JUMBO BAG STRAWBERRY,3.0,2023-12-01 10:42:58,1.94,12815,5.82
536581,21931,JUMBO STORAGE BAG SUKI,3.0,2023-12-01 10:42:58,2.0,12815,6.0
536582,21931,JUMBO STORAGE BAG SUKI,2.0,2023-05-21 05:03:44,2.01,13145,4.02
536582,22310,IVORY KNITTED MUG COSY,2.0,2023-05-21 05:03:44,1.61,13145,3.22
536582,84029G,KNITTED UNION FLAG HOT WATER BOTTLE,2.0,2023-05-21 05:03:44,3.55,13145,7.1
536584,85099B,JUMBO BAG RED RETROSPOT,1.0,2023-09-21 13:00:20,1.94,12572,1.94
536584,22310,IVORY KNITTED MUG COSY,4.0,2023-09-21 13:00:20,1.59,12572,6.36
536584,85123A,WHITE HANGING HEART T-LIGHT HOLDER,1.0,2023-09-21 13:00:20,2.54,12572,2.54
536584,84969,BOX OF 6 ASSORTED COLOUR TEASPOONS,2.0,2023-09-21 13:00:20,4.46,12572,8.92
536584,22632,HAND WARMER RED POLKA DOT,6.0,2023-09-21 13:00:20,1.93,12572,11.58
536585,22382,LUNCH BAG SPACEBOY DESIGN,3.0,2023-11-14 15:10:20,1.66,12607,4.98
536586,22411,JUMBO SHOPPER VINTAGE RED PAISLEY,6.0,2023-09-20 10:48:22,2.01,12619,12.06
536586,21730,GLASS STAR FROSTED T-LIGHT HOLDER,2.0,2023-09-20 10:48:22,4.16,12619,8.32
536586,22745,POPPY'S PLAYHOUSE BEDROOM,3.0,2023-09-20 10:48:22,2.02,12619,6.06
536586,22386,JUMBO BAG PINK POLKADOT,2.0,2023-09-20 10:48:22,1.88,12619,3.76
536586,47566,PARTY BUNTING,6.0,2023-09-20 10:48:22,4.8,12619,28.8
536587,22383,LUNCH BAG SUKI DESIGN,2.0,2023-12-04 14:14:27,1.71,12877,3.42
536587,22745,POPPY'S PLAYHOUSE BEDROOM,2.0,2023-12-04 14:14:27,2.09,12877,4.18
536588,20727,LUNCH BAG BLACK SKULL.,4.0,2023-08-24 21:25:05,1.57,12824,6.28
536588,85123A,WHITE HANGING HEART T-LIGHT HOLDER,2.0,2023-08-24 21:25:05,2.63,12824,5.26
536588,22086,PAPER CHAIN KIT 50'S CHRISTMAS,3.0,2023-08-24 21:25:05,2.66,12824,7.98
536588,22384,LUNCH BAG PINK POLKADOT,4.0,2023-08-24 21:25:05,1.57,12824,6.28
536588,47566,PARTY BUNTING,1.0,2023-08-24 21:25:05,4.42,12824,4.42
536588,85099F,JUMBO BAG STRAWBERRY,2.0,2023-08-24 21:25:05,1.93,12824,3.86
536589,85123A,WHITE HANGING HEART T-LIGHT HOLDER,6.0,2023-03-14 03:46:22,2.65,12416,15.9
536589,20727,LUNCH BAG BLACK SKULL.,2.0,2023-03-14 03:46:22,1.61,12416,3.22
536589,84029G,KNITTED UNION FLAG HOT WATER BOTTLE,1.0,2023-03-14 03:46:22,3.45,12416,3.45
536589,85099B,JUMBO BAG RED RETROSPOT,1.0,2023-03-14 03:46:22,1.97,12416,1.97
536589,71053,WHITE METAL LANTERN,3.0,2023-03-14 03:46:22,3.4,12416,10.2
536591,22382,LUNCH BAG SPACEBOY DESIGN,6.0,2023-11-18 00:02:22,1.65,12622,9.9
536591,22748,POPPY'S PLAYHOUSE KITCHEN,1.0,2023-11-18 00:02:22,2.0,12622,2.0
536591,71053,WHITE METAL LANTERN,6.0,2023-11-18 00:02:22,3.39,12622,20.34
536591,22745,POPPY'S PLAYHOUSE BEDROOM,2.0,2023-11-18 00:02:22,2.13,12622,4.26
536591,22310,IVORY KNITTED MUG COSY,6.0,2023-11-18 00:02:22,1.59,12622,9.54
536592,84879,ASSORTED COLOUR BIRD ORNAMENT,2.0,2023-09-03 15:03:28,1.77,12534,3.54
536592,22383,LUNCH BAG SUKI DESIGN,6.0,2023-09-03 15:03:28,1.61,12534,9.66
536592,22633,HAND WARMER UNION JACK,3.0,2023-09-03 15:03:28,1.88,12534,5.64
536592,22411,JUMBO SHOPPER VINTAGE RED PAISLEY,1.0,2023-09-03 15:03:28,2.01,12534,2.01
536593,20725,LUNCH BAG RED RETROSPOT,4.0,2023-06-15 05:22:10,1.69,12592,6.76
536593,84406B,CREAM CUPID HEARTS COAT HANGER,1.0,2023-06-15 05:22:10,2.71,12592,2.71
536593,22386,JUMBO BAG PINK POLKADOT,6.0,2023-06-15 05:22:10,1.99,12592,11.94
536594,22745,POPPY'S PLAYHOUSE BEDROOM,3.0,2023-02-02 17:44:17,2.15,12398,6.45
536596,22310,IVORY KNITTED MUG COSY,2.0,2023-10-10 04:02:03,1.6,12877,3.2
536596,84406B,CREAM CUPID HEARTS COAT HANGER,1.0,2023-10-10 04:02:03,2.85,12877,2.85
536596,22386,JUMBO BAG PINK POLKADOT,6.0,2023-10-10 04:02:03,1.89,12877,11.34
536596,22633,HAND WARMER UNION JACK,1.0,2023-10-10 04:02:03,1.85,12877,1.85
536596,22745,POPPY'S PLAYHOUSE BEDROOM,1.0,2023-10-10 04:02:03,2.09,12877,2.09
536597,84879,ASSORTED COLOUR BIRD ORNAMENT,3.0,2023-10-10 11:45:11,1.7,12877,5.1
536599,85099B,JUMBO BAG RED RETROSPOT,1.0,2023-05-15 03:42:53,1.94,12877,1.94
536599,84879,ASSORTED COLOUR BIRD ORNAMENT,1.0,2023-05-15 03:42:53,1.65,12877,1.65
536600,20728,LUNCH BAG CARS BLUE,3.0,2023-10-06 23:04:36,1.67,12877,5.01
536600,85123A,WHITE HANGING HEART T-LIGHT HOLDER,3.0,2023-10-06 23:04:36,2.65,12877,7.95
536600,20727,LUNCH BAG BLACK SKULL.,3.0,2023-10-06 23:04:36,1.6,12877,4.8
536600,22384,LUNCH BAG PINK POLKADOT,3.0,2023-10-06 23:04:36,1.59,12877,4.77
536601,22384,LUNCH BAG PINK POLKADOT,4.0,2023-11-06 22:36:55,1.6,12588,6.4
536601,71053,WHITE METAL LANTERN,6.0,2023-11-06 22:36:55,3.39,12588,20.34
536601,21730,GLASS STAR FROSTED T-LIGHT HOLDER,2.0,2023-11-06 22:36:55,4.19,12588,8.38
536601,22382,LUNCH BAG SPACEBOY DESIGN,1.0,2023-11-06 22:36:55,1.68,12588,1.68
536602,84969,BOX OF 6 ASSORTED COLOUR TEASPOONS,6.0,2023-01-20 11:46:55,4.38,13024,26.28
536602,22382,LUNCH BAG SPACEBOY DESIGN,1.0,2023-01-20 11:46:55,1.67,13024,1.67
536602,85099B,JUMBO BAG RED RETROSPOT,1.0,2023-01-20 11:46:55,1.91,13024,1.91
536602,22086,PAPER CHAIN KIT 50'S CHRISTMAS,2.0,2023-01-20 11:46:55,2.54,13024,5.08
536604,84029G,KNITTED UNION FLAG HOT WATER BOTTLE,1.0,2023-10-18 10:12:41,3.3,12793,3.3
536604,84406B,CREAM CUPID HEARTS COAT HANGER,1.0,2023-10-18 10:12:41,2.7,12793,2.7
536605,22086,PAPER CHAIN KIT 50'S CHRISTMAS,2.0,2023-11-18 07:45:10,2.56,12824,5.12
536605,71053,WHITE METAL LANTERN,3.0,2023-11-18 07:45:10,3.49,12824,10.47
536605,22749,POPPY'S PLAYHOUSE LIVINGROOM,1.0,2023-11-18 07:45:10,2.14,12824,2.14
536606,22632,HAND WARMER RED POLKA DOT,3.0,2023-06-24 21:18:58,1.93,12792,5.79
536606,22310,IVORY KNITTED MUG COSY,4.0,2023-06-24 21:18:58,1.61,12792,6.44
536607,22310,IVORY KNITTED MUG COSY,1.0,2023-08-13 03:09:10,1.61,12347,1.61
536608,22748,POPPY'S PLAYHOUSE KITCHEN,1.0,2023-11-05 18:31:41,2.19,12593,2.19
536608,20727,LUNCH BAG BLACK SKULL.,4.0,2023-11-05 18:31:41,1.63,12593,6.52
536608,85099F,JUMBO BAG STRAWBERRY,1.0,2023-11-05 18:31:41,1.95,12593,1.95
536608,84969,BOX OF 6 ASSORTED COLOUR TEASPOONS,3.0,2023-11-05 18:31:41,4.19,12593,12.57
536608,84029E,RED WOOLLY HOTTIE WHITE HEART.,1.0,2023-11-05 18:31:41,3.49,12593,3.49
536608,85099B,JUMBO BAG RED RETROSPOT,2.0,2023-11-05 18:31:41,1.99,12593,3.98
536609,22384,LUNCH BAG PINK POLKADOT,1.0,2023-11-10 19:37:02,1.72,12777,1.72
536610,84029G,KNITTED UNION FLAG HOT WATER BOTTLE,1.0,2023-12-09 03:08:41,3.52,12572,3.52
536610,20727,LUNCH BAG BLACK SKULL.,2.0,2023-12-09 03:08:41,1.73,12572,3.46
536610,22633,HAND WARMER UNION JACK,1.0,2023-12-09 03:08:41,1.91,12572,1.91
536611,20726,LUNCH BAG WOODLAND,4.0,2023-09-25 08:57:24,1.58,12821,6.32
536613,71053,WHITE METAL LANTERN,2.0,2023-06-23 17:44:50,3.4,13061,6.8
536613,21931,JUMBO STORAGE BAG SUKI,2.0,2023-06-23 17:44:50,1.95,13061,3.9
536613,84879,ASSORTED COLOUR BIRD ORNAMENT,4.0,2023-06-23 17:44:50,1.73,13061,6.92
536613,20726,LUNCH BAG WOODLAND,3.0,2023-06-23 17:44:50,1.57,13061,4.71
536613,21730,GLASS STAR FROSTED T-LIGHT HOLDER,3.0,2023-06-23 17:44:50,4.22,13061,12.66
536613,22384,LUNCH BAG PINK POLKADOT,1.0,2023-06-23 17:44:50,1.7,13061,1.7
536614,22748,POPPY'S PLAYHOUSE KITCHEN,6.0,2023-10-23 22:28:19,2.03,13051,12.18
536614,22411,JUMBO SHOPPER VINTAGE RED PAISLEY,4.0,2023-10-23 22:28:19,1.99,13051,7.96
536614,22382,LUNCH BAG SPACEBOY DESIGN,1.0,2023-10-23 22:28:19,1.59,13051,1.59
536614,84029E,RED WOOLLY HOTTIE WHITE HEART.,1.0,2023-10-23 22:28:19,3.24,13051,3.24
536614,22632,HAND WARMER RED POLKA DOT,2.0,2023-10-23 22:28:19,1.89,13051,3.78
536614,22383,LUNCH BAG SUKI DESIGN,1.0,2023-10-23 22:28:19,1.63,13051,1.63
536615,21931,JUMBO STORAGE BAG SUKI,2.0,2023-06-10 16:41:42,1.92,13063,3.84
536615,84879,ASSORTED COLOUR BIRD ORNAMENT,2.0,2023-06-10 16:41:42,1.7,13063,3.4
536616,71053,WHITE METAL LANTERN,2.0,2023-12-01 05:40:14,3.47,12348,6.94
536616,22632,HAND WARMER RED POLKA DOT,3.0,2023-12-01 05:40:14,1.89,12348,5.67
536617,85099B,JUMBO BAG RED RETROSPOT,3.0,2023-08-08 13:58:27,1.91,12594,5.73
536619,85099B,JUMBO BAG RED RETROSPOT,2.0,2023-11-16 22:38:59,1.98,12879,3.96
536620,20728,LUNCH BAG CARS BLUE,2.0,2023-10-24 08:38:26,1.69,12877,3.38
536620,20725,LUNCH BAG RED RETROSPOT,4.0,2023-10-24 08:38:26,1.66,12877,6.64
536620,20727,LUNCH BAG BLACK SKULL.,1.0,2023-10-24 08:38:26,1.57,12877,1.57
536620,22086,PAPER CHAIN KIT 50'S CHRISTMAS,2.0,2023-10-24 08:38:26,2.5,12877,5.0
536621,22749,POPPY'S PLAYHOUSE LIVINGROOM,2.0,2023-04-11 22:01:22,2.12,12659,4.24
536622,85123A,WHITE HANGING HEART T-LIGHT HOLDER,1.0,2023-01-16 09:54:05,2.52,12593,2.52
536622,71053,WHITE METAL LANTERN,2.0,2023-01-16 09:54:05,3.48,12593,6.96
536623,84879,ASSORTED COLOUR BIRD ORNAMENT,1.0,2023-08-10 06:27:12,1.71,12697,1.71
536623,84969,BOX OF 6 ASSORTED COLOUR TEASPOONS,3.0,2023-08-10 06:27:12,4.2,12697,12.6
536623,21931,JUMBO STORAGE BAG SUKI,1.0,2023-08-10 06:27:12,1.87,12697,1.87
536623,22633,HAND WARMER UNION JACK,3.0,2023-08-10 06:27:12,1.89,12697,5.67
536624,71053,WHITE METAL LANTERN,6.0,2023-01-20 19:49:04,3.36,13025,20.16
536624,84029G,KNITTED UNION FLAG HOT WATER BOTTLE,3.0,2023-01-20 19:49:04,3.5,13025,10.5
536624,20726,LUNCH BAG WOODLAND,2.0,2023-01-20 19:49:04,1.63,13025,3.26
536624,84969,BOX OF 6 ASSORTED COLOUR TEASPOONS,1.0,2023-01-20 19:49:04,4.45,13025,4.45
536625,22383,LUNCH BAG SUKI DESIGN,2.0,2023-10-24 21:48:31,1.58,12877,3.16
536625,22749,POPPY'S PLAYHOUSE LIVINGROOM,6.0,2023-10-24 21:48:31,2.18,12877,13.08
536625,22086,PAPER CHAIN KIT 50'S CHRISTMAS,1.0,2023-10-24 21:48:31,2.52,12877,2.52
536626,22086,PAPER CHAIN KIT 50'S CHRISTMAS,2.0,2023-07-15 00:13:32,2.52,12877,5.04
536626,20725,LUNCH BAG RED RETROSPOT,1.0,2023-07-15 00:13:32,1.69,12877,1.69
536626,84029G,KNITTED UNION FLAG HOT WATER BOTTLE,6.0,2023-07-15 00:13:32,3.39,12877,20.34
536627,84029G,KNITTED UNION FLAG HOT WATER BOTTLE,1.0,2023-10-25 00:28:20,3.54,13063,3.54
536627,84969,BOX OF 6 ASSORTED COLOUR TEASPOONS,2.0,2023-10-25 00:28:20,4.2,13063,8.4
536627,22310,IVORY KNITTED MUG COSY,1.0,2023-10-25 00:28:20,1.67,13063,1.67
536628,22384,LUNCH BAG PINK POLKADOT,2.0,2023-10-03 03:49:09,1.58,12877,3.16
536628,71053,WHITE METAL LANTERN,2.0,2023-10-03 03:49:09,3.29,12877,6.58
536630,84879,ASSORTED COLOUR BIRD ORNAMENT,4.0,2023-08-17 00:41:40,1.62,12396,6.48
536630,22310,IVORY KNITTED MUG COSY,1.0,2023-08-17 00:41:40,1.68,12396,1.68
536630,20727,LUNCH BAG BLACK SKULL.,2.0,2023-08-17 00:41:40,1.71,12396,3.42
536630,20728,LUNCH BAG CARS BLUE,1.0,2023-08-17 00:41:40,1.58,12396,1.58
536632,22384,LUNCH BAG PINK POLKADOT,3.0,2023-10-16 08:45:29,1.65,12877,4.95
536632,22382,LUNCH BAG SPACEBOY DESIGN,3.0,2023-10-16 08:45:29,1.57,12877,4.71
536632,84029G,KNITTED UNION FLAG HOT WATER BOTTLE,2.0,2023-10-16 08:45:29,3.31,12877,6.62
536633,22633,HAND WARMER UNION JACK,2.0,2023-11-07 23:24:06,1.94,12524,3.88
536634,21931,JUMBO STORAGE BAG SUKI,1.0,2023-09-12 05:17:19,1.93,12886,1.93
536634,22411,JUMBO SHOPPER VINTAGE RED PAISLEY,2.0,2023-09-12 05:17:19,2.0,12886,4.0
536634,20727,LUNCH BAG BLACK SKULL.,4.0,2023-09-12 05:17:19,1.73,12886,6.92
536634,22749,POPPY'S PLAYHOUSE LIVINGROOM,1.0,2023-09-12 05:17:19,2.13,12886,2.13
536634,20725,LUNCH BAG RED RETROSPOT,6.0,2023-09-12 05:17:19,1.71,12886,10.26
536634,84969,BOX OF 6 ASSORTED COLOUR TEASPOONS,1.0,2023-09-12 05:17:19,4.08,12886,4.08
536635,22749,POPPY'S PLAYHOUSE LIVINGROOM,1.0,2023-06-15 04:03:17,2.09,12877,2.09
536635,22386,JUMBO BAG PINK POLKADOT,1.0,2023-06-15 04:03:17,1.94,12877,1.94
536635,20727,LUNCH BAG BLACK SKULL.,6.0,2023-06-15 04:03:17,1.71,12877,10.26
536635,85099B,JUMBO BAG RED RETROSPOT,2.0,2023-06-15 04:03:17,1.91,12877,3.82
536635,85123A,WHITE HANGING HEART T-LIGHT HOLDER,3.0,2023-06-15 04:03:17,2.53,12877,7.59
536635,22384,LUNCH BAG PINK POLKADOT,2.0,2023-06-15 04:03:17,1.59,12877,3.18
536636,22383,LUNCH BAG SUKI DESIGN,1.0,2023-05-12 11:56:13,1.7,12877,1.7
536636,84879,ASSORTED COLOUR BIRD ORNAMENT,1.0,2023-05-12 11:56:13,1.72,12877,1.72
536638,85123A,WHITE HANGING HEART T-LIGHT HOLDER,2.0,2023-11-09 09:24:49,2.56,12696,5.12
536638,22086,PAPER CHAIN KIT 50'S CHRISTMAS,1.0,2023-11-09 09:24:49,2.44,12696,2.44
536638,22745,POPPY'S PLAYHOUSE BEDROOM,1.0,2023-11-09 09:24:49,2.01,12696,2.01
536638,85099B,JUMBO BAG RED RETROSPOT,3.0,2023-11-09 09:24:49,2.0,12696,6.0
536639,22749,POPPY'S PLAYHOUSE LIVINGROOM,4.0,2023-03-31 07:06:11,2.19,12757,8.76
536639,85099F,JUMBO BAG STRAWBERRY,2.0,2023-03-31 07:06:11,1.91,12757,3.82
536639,84029E,RED WOOLLY HOTTIE WHITE HEART.,1.0,2023-03-31 07:06:11,3.23,12757,3.23
536640,20726,LUNCH BAG WOODLAND,1.0,2023-07-10 12:06:52,1.59,12991,1.59
536641,84969,BOX OF 6 ASSORTED COLOUR TEASPOONS,4.0,2023-08-12 23:00:05,4.46,13081,17.84
536641,22748,POPPY'S PLAYHOUSE KITCHEN,3.0,2023-08-12 23:00:05,2.08,13081,6.24
536641,22411,JUMBO SHOPPER VINTAGE RED PAISLEY,1.0,2023-08-12 23:00:05,1.99,13081,1.99
536642,84969,BOX OF 6 ASSORTED COLOUR TEASPOONS,2.0,2023-06-13 09:29:03,4.27,12486,8.54
536643,84879,ASSORTED COLOUR BIRD ORNAMENT,6.0,2023-05-17 18:48:11,1.76,13115,10.56
536643,84029G,KNITTED UNION FLAG HOT WATER BOTTLE,2.0,2023-05-17 18:48:11,3.29,13115,6.58
536643,84406B,CREAM CUPID HEARTS COAT HANGER,2.0,2023-05-17 18:48:11,2.65,13115,5.3
536645,22382,LUNCH BAG SPACEBOY DESIGN,1.0,2023-09-01 20:30:18,1.64,12416,1.64
536645,22748,POPPY'S PLAYHOUSE KITCHEN,1.0,2023-09-01 20:30:18,2.02,12416,2.02
536645,22632,HAND WARMER RED POLKA DOT,3.0,2023-09-01 20:30:18,1.88,12416,5.64
536645,22745,POPPY'S PLAYHOUSE BEDROOM,2.0,2023-09-01 20:30:18,2.11,12416,4.22
536645,71053,WHITE METAL LANTERN,3.0,2023-09-01 20:30:18,3.49,12416,10.47
536646,22310,IVORY KNITTED MUG COSY,1.0,2023-09-18 04:19:58,1.68,12348,1.68
536646,47566,PARTY BUNTING,4.0,2023-09-18 04:19:58,4.48,12348,17.92
536646,84406B,CREAM CUPID HEARTS COAT HANGER,1.0,2023-09-18 04:19:58,2.69,12348,2.69
536647,22383,LUNCH BAG SUKI DESIGN,2.0,2023-04-14 00:46:53,1.57,12927,3.14
536648,20726,LUNCH BAG WOODLAND,2.0,2023-06-25 06:28:42,1.67,13097,3.34
536648,85099B,JUMBO BAG RED RETROSPOT,6.0,2023-06-25 06:28:42,2.02,13097,12.12
536648,20728,LUNCH BAG CARS BLUE,6.0,2023-06-25 06:28:42,1.59,13097,9.54
536648,22086,PAPER CHAIN KIT 50'S CHRISTMAS,1.0,2023-06-25 06:28:42,2.64,13097,2.64
536648,22386,JUMBO BAG PINK POLKADOT,3.0,2023-06-25 06:28:42,2.02,13097,6.06
536649,22383,LUNCH BAG SUKI DESIGN,3.0,2023-06-22 06:22:53,1.63,12877,4.89
536649,22310,IVORY KNITTED MUG COSY,1.0,2023-06-22 06:22:53,1.6,12877,1.6
536649,21730,GLASS STAR FROSTED T-LIGHT HOLDER,1.0,2023-06-22 06:22:53,4.31,12877,4.31
536650,22086,PAPER CHAIN KIT 50'S CHRISTMAS,1.0,2023-08-26 12:51:27,2.53,12898,2.53
536650,20728,LUNCH BAG CARS BLUE,1.0,2023-08-26 12:51:27,1.62,12898,1.62
536651,85099F,JUMBO BAG STRAWBERRY,1.0,2023-11-07 19:59:27,1.9,12508,1.9
536651,22633,HAND WARMER UNION JACK,1.0,2023-11-07 19:59:27,1.83,12508,1.83
536651,22384,LUNCH BAG PINK POLKADOT,2.0,2023-11-07 19:59:27,1.64,12508,3.28
536652,84029G,KNITTED UNION FLAG HOT WATER BOTTLE,4.0,2023-09-02 19:14:54,3.31,12581,13.24
536652,84406B,CREAM CUPID HEARTS COAT HANGER,3.0,2023-09-02 19:14:54,2.85,12581,8.55
536652,85099B,JUMBO BAG RED RETROSPOT,1.0,2023-09-02 19:14:54,1.94,12581,1.94
536652,22748,POPPY'S PLAYHOUSE KITCHEN,1.0,2023-09-02 19:14:54,2.06,12581,2.06
536652,22384,LUNCH BAG PINK POLKADOT,1.0,2023-09-02 19:14:54,1.7,12581,1.7
536653,85123A,WHITE HANGING HEART T-LIGHT HOLDER,4.0,2023-11-23 08:48:42,2.55,13066,10.2
536653,84029E,RED WOOLLY HOTTIE WHITE HEART.,4.0,2023-11-23 08:48:42,3.33,13066,13.32
536653,85099B,JUMBO BAG RED RETROSPOT,3.0,2023-11-23 08:48:42,1.95,13066,5.85
536653,71053,WHITE METAL LANTERN,2.0,2023-11-23 08:48:42,3.26,13066,6.52
536654,22632,HAND WARMER RED POLKA DOT,1.0,2023-06-30 22:39:23,1.81,12500,1.81
536654,22633,HAND WARMER UNION JACK,6.0,2023-06-30 22:39:23,1.91,12500,11.46
536654,22386,JUMBO BAG PINK POLKADOT,1.0,2023-06-30 22:39:23,1.99,12500,1.99
536654,22382,LUNCH BAG SPACEBOY DESIGN,1.0,2023-06-30 22:39:23,1.67,12500,1.67
536654,22411,JUMBO SHOPPER VINTAGE RED PAISLEY,1.0,2023-06-30 22:39:23,1.93,12500,1.93
536654,22383,LUNCH BAG SUKI DESIGN,2.0,2023-06-30 22:39:23,1.62,12500,3.24
536655,22411,JUMBO SHOPPER VINTAGE RED PAISLEY,1.0,2023-07-21 16:52:39,2.03,12711,2.03
536656,84029G,KNITTED UNION FLAG HOT WATER BOTTLE,1.0,2023-09-14 16:49:04,3.41,12500,3.41
536656,22632,HAND WARMER RED POLKA DOT,4.0,2023-09-14 16:49:04,1.8,12500,7.2
536656,21730,GLASS STAR FROSTED T-LIGHT HOLDER,4.0,2023-09-14 16:49:04,4.26,12500,17.04
536656,85099B,JUMBO BAG RED RETROSPOT,1.0,2023-09-14 16:49:04,2.03,12500,2.03
536656,20728,LUNCH BAG CARS BLUE,1.0,2023-09-14 16:49:04,1.57,12500,1.57
536656,22386,JUMBO BAG PINK POLKADOT,2.0,2023-09-14 16:49:04,1.93,12500,3.86
536658,84969,BOX OF 6 ASSORTED COLOUR TEASPOONS,3.0,2023-10-15 05:16:59,4.18,12566,12.54
536658,84029G,KNITTED UNION FLAG HOT WATER BOTTLE,1.0,2023-10-15 05:16:59,3.37,12566,3.37
536659,22749,POPPY'S PLAYHOUSE LIVINGROOM,1.0,2023-08-20 21:51:51,2.08,12440,2.08
536659,85099F,JUMBO BAG STRAWBERRY,1.0,2023-08-20 21:51:51,2.04,12440,2.04
536659,85123A,WHITE HANGING HEART T-LIGHT HOLDER,1.0,2023-08-20 21:51:51,2.44,12440,2.44
536661,85123A,WHITE HANGING HEART T-LIGHT HOLDER,1.0,2023-08-15 08:00:18,2.65,13135,2.65
536661,22383,LUNCH BAG SUKI DESIGN,4.0,2023-08-15 08:00:18,1.6,13135,6.4
536661,22748,POPPY'S PLAYHOUSE KITCHEN,3.0,2023-08-15 08:00:18,2.0,13135,6.0
536661,20728,LUNCH BAG CARS BLUE,3.0,2023-08-15 08:00:18,1.65,13135,4.95
536663,22411,JUMBO SHOPPER VINTAGE RED PAISLEY,1.0,2023-11-14 09:12:15,1.93,12532,1.93
536663,20727,LUNCH BAG BLACK SKULL.,3.0,2023-11-14 09:12:15,1.72,12532,5.16
536663,84879,ASSORTED COLOUR BIRD ORNAMENT,3.0,2023-11-14 09:12:15,1.73,12532,5.19
536664,85123A,WHITE HANGING HEART T-LIGHT HOLDER,2.0,2023-06-14 12:35:17,2.49,12357,4.98
536665,20726,LUNCH BAG WOODLAND,1.0,2023-05-27 09:08:23,1.64,12415,1.64
536665,22411,JUMBO SHOPPER VINTAGE RED PAISLEY,1.0,2023-05-27 09:08:23,2.02,12415,2.02
536665,84969,BOX OF 6 ASSORTED COLOUR TEASPOONS,3.0,2023-05-27 09:08:23,4.28,12415,12.84
536665,22386,JUMBO BAG PINK POLKADOT,1.0,2023-05-27 09:08:23,1.99,12415,1.99
536666,47566,PARTY BUNTING,1.0,2023-08-26 13:04:43,4.47,12787,4.47
536666,22384,LUNCH BAG PINK POLKADOT,4.0,2023-08-26 13:04:43,1.69,12787,6.76
536666,22411,JUMBO SHOPPER VINTAGE RED PAISLEY,2.0,2023-08-26 13:04:43,1.92,12787,3.84
536666,71053,WHITE METAL LANTERN,4.0,2023-08-26 13:04:43,3.28,12787,13.12
536667,21931,JUMBO STORAGE BAG SUKI,1.0,2023-11-21 05:41:53,1.9,12357,1.9
536667,22749,POPPY'S PLAYHOUSE LIVINGROOM,1.0,2023-11-21 05:41:53,2.03,12357,2.03
536668,85099F,JUMBO BAG STRAWBERRY,1.0,2023-07-24 20:42:44,1.92,12672,1.92
536668,84879,ASSORTED COLOUR BIRD ORNAMENT,1.0,2023-07-24 20:42:44,1.66,12672,1.66
536668,22632,HAND WARMER RED POLKA DOT,1.0,2023-07-24 20:42:44,1.94,12672,1.94
536668,22386,JUMBO BAG PINK POLKADOT,1.0,2023-07-24 20:42:44,1.9,12672,1.9
536669,84406B,CREAM CUPID HEARTS COAT HANGER,3.0,2023-08-12 17:40:46,2.84,12704,8.52
536669,22386,JUMBO BAG PINK POLKADOT,2.0,2023-08-12 17:40:46,2.0,12704,4.0
536670,22383,LUNCH BAG SUKI DESIGN,2.0,2023-08-13 14:40:33,1.66,12858,3.32
536671,22383,LUNCH BAG SUKI DESIGN,1.0,2023-02-05 04:17:27,1.63,12877,1.63
536673,22745,POPPY'S PLAYHOUSE BEDROOM,2.0,2023-10-03 08:50:03,2.18,12877,4.36
536673,84029E,RED WOOLLY HOTTIE WHITE HEART.,2.0,2023-10-03 08:50:03,3.49,12877,6.98
536673,20727,LUNCH BAG BLACK SKULL.,1.0,2023-10-03 08:50:03,1.57,12877,1.57
536673,85099B,JUMBO BAG RED RETROSPOT,1.0,2023-10-03 08:50:03,1.98,12877,1.98
536673,22383,LUNCH BAG SUKI DESIGN,2.0,2023-10-03 08:50:03,1.68,12877,3.36
536673,22411,JUMBO SHOPPER VINTAGE RED PAISLEY,2.0,2023-10-03 08:50:03,1.92,12877,3.84
536674,22386,JUMBO BAG PINK POLKADOT,2.0,2023-10-27 20:10:42,1.9,12588,3.8
536675,20728,LUNCH BAG CARS BLUE,2.0,2023-03-28 21:54:15,1.72,12500,3.44
536675,84969,BOX OF 6 ASSORTED COLOUR TEASPOONS,1.0,2023-03-28 21:54:15,4.14,12500,4.14
536675,71053,WHITE METAL LANTERN,3.0,2023-03-28 21:54:15,3.26,12500,9.78
536676,85123A,WHITE HANGING HEART T-LIGHT HOLDER,2.0,2023-07-01 01:06:24,2.55,12567,5.1
536677,85123A,WHITE HANGING HEART T-LIGHT HOLDER,2.0,2023-10-03 13:24:29,2.46,12380,4.92
536677,22411,JUMBO SHOPPER VINTAGE RED PAISLEY,1.0,2023-10-03 13:24:29,1.87,12380,1.87
536677,84879,ASSORTED COLOUR BIRD ORNAMENT,4.0,2023-10-03 13:24:29,1.71,12380,6.84
536677,22384,LUNCH BAG PINK POLKADOT,1.0,2023-10-03 13:24:29,1.63,12380,1.63
536677,47566,PARTY BUNTING,2.0,2023-10-03 13:24:29,4.63,12380,9.26
536678,84406B,CREAM CUPID HEARTS COAT HANGER,1.0,2023-11-13 03:22:30,2.63,12379,2.63
536678,21931,JUMBO STORAGE BAG SUKI,1.0,2023-11-13 03:22:30,1.86,12379,1.86
536680,20728,LUNCH BAG CARS BLUE,2.0,2023-08-10 07:23:38,1.59,12877,3.18
536681,85123A,WHITE HANGING HEART T-LIGHT HOLDER,1.0,2023-11-11 21:24:25,2.57,13115,2.57
536682,22386,JUMBO BAG PINK POLKADOT,4.0,2023-09-18 02:34:35,2.02,12845,8.08
536682,85099F,JUMBO BAG STRAWBERRY,6.0,2023-09-18 02:34:35,2.03,12845,12.18
536682,22383,LUNCH BAG SUKI DESIGN,3.0,2023-09-18 02:34:35,1.68,12845,5.04
536682,22748,POPPY'S PLAYHOUSE KITCHEN,1.0,2023-09-18 02:34:35,2.2,12845,2.2
536686,22382,LUNCH BAG SPACEBOY DESIGN,2.0,2023-06-10 21:06:22,1.58,12607,3.16
536686,84029E,RED WOOLLY HOTTIE WHITE HEART.,2.0,2023-06-10 21:06:22,3.38,12607,6.76
536686,84879,ASSORTED COLOUR BIRD ORNAMENT,2.0,2023-06-10 21:06:22,1.76,12607,3.52
536687,22384,LUNCH BAG PINK POLKADOT,6.0,2023-10-02 13:35:27,1.63,12496,9.78
536687,84879,ASSORTED COLOUR BIRD ORNAMENT,1.0,2023-10-02 13:35:27,1.61,12496,1.61
536687,21931,JUMBO STORAGE BAG SUKI,4.0,2023-10-02 13:35:27,1.97,12496,7.88
536687,21730,GLASS STAR FROSTED T-LIGHT HOLDER,6.0,2023-10-02 13:35:27,4.45,12496,26.7
536688,22411,JUMBO SHOPPER VINTAGE RED PAISLEY,2.0,2023-08-20 08:33:04,1.96,12357,3.92
536688,22310,IVORY KNITTED MUG COSY,2.0,2023-08-20 08:33:04,1.64,12357,3.28
536688,85099B,JUMBO BAG RED RETROSPOT,4.0,2023-08-20 08:33:04,1.94,12357,7.76
536690,47566,PARTY BUNTING,2.0,2023-05-16 03:25:18,4.8,13007,9.6
536690,22411,JUMBO SHOPPER VINTAGE RED PAISLEY,3.0,2023-05-16 03:25:18,1.96,13007,5.88
536690,84879,ASSORTED COLOUR BIRD ORNAMENT,4.0,2023-05-16 03:25:18,1.61,13007,6.44
536690,22384,LUNCH BAG PINK POLKADOT,1.0,2023-05-16 03:25:18,1.6,13007,1.6
536691,84029G,KNITTED UNION FLAG HOT WATER BOTTLE,1.0,2023-05-11 00:54:29,3.44,12729,3.44
536691,22086,PAPER CHAIN KIT 50'S CHRISTMAS,1.0,2023-05-11 00:54:29,2.5,12729,2.5
536692,22382,LUNCH BAG SPACEBOY DESIGN,1.0,2023-11-20 14:24:44,1.72,12729,1.72
536692,84406B,CREAM CUPID HEARTS COAT HANGER,1.0,2023-11-20 14:24:44,2.65,12729,2.65
536693,85099B,JUMBO BAG RED RETROSPOT,3.0,2023-05-04 01:37:13,1.9,12877,5.7
536693,22633,HAND WARMER UNION JACK,2.0,2023-05-04 01:37:13,1.94,12877,3.88
536693,20726,LUNCH BAG WOODLAND,2.0,2023-05-04 01:37:13,1.58,12877,3.16
536694,22384,LUNCH BAG PINK POLKADOT,2.0,2023-02-25 22:04:48,1.67,12736,3.34
536694,21730,GLASS STAR FROSTED T-LIGHT HOLDER,4.0,2023-02-25 22:04:48,4.13,12736,16.52
536696,22384,LUNCH BAG PINK POLKADOT,4.0,2023-03-14 16:36:47,1.61,12712,6.44
536696,22310,IVORY KNITTED MUG COSY,3.0,2023-03-14 16:36:47,1.68,12712,5.04
536696,21730,GLASS STAR FROSTED T-LIGHT HOLDER,3.0,2023-03-14 16:36:47,4.39,12712,13.17
536698,22633,HAND WARMER UNION JACK,1.0,2023-05-13 22:50:26,1.78,12893,1.78
536698,84969,BOX OF 6 ASSORTED COLOUR TEASPOONS,1.0,2023-05-13 22:50:26,4.37,12893,4.37
536698,20727,LUNCH BAG BLACK SKULL.,4.0,2023-05-13 22:50:26,1.65,12893,6.6
536698,20726,LUNCH BAG WOODLAND,3.0,2023-05-13 22:50:26,1.57,12893,4.71
536699,47566,PARTY BUNTING,1.0,2023-05-09 01:23:34,4.42,12415,4.42
536699,84406B,CREAM CUPID HEARTS COAT HANGER,2.0,2023-05-09 01:23:34,2.84,12415,5.68
536699,22382,LUNCH BAG SPACEBOY DESIGN,1.0,2023-05-09 01:23:34,1.61,12415,1.61
536699,84029E,RED WOOLLY HOTTIE WHITE HEART.,2.0,2023-05-09 01:23:34,3.24,12415,6.48
536701,84029G,KNITTED UNION FLAG HOT WATER BOTTLE,4.0,2023-07-29 07:00:19,3.46,12877,13.84
536701,21931,JUMBO STORAGE BAG SUKI,1.0,2023-07-29 07:00:19,1.9,12877,1.9
536701,22386,JUMBO BAG PINK POLKADOT,2.0,2023-07-29 07:00:19,1.87,12877,3.74
536702,22310,IVORY KNITTED MUG COSY,1.0,2023-06-21 11:10:51,1.6,13141,1.6
536702,20728,LUNCH BAG CARS BLUE,1.0,2023-06-21 11:10:51,1.71,13141,1.71
536702,22386,JUMBO BAG PINK POLKADOT,3.0,2023-06-21 11:10:51,2.0,13141,6.0
536702,22748,POPPY'S PLAYHOUSE KITCHEN,2.0,2023-06-21 11:10:51,2.14,13141,4.28
536703,84406B,CREAM CUPID HEARTS COAT HANGER,3.0,2023-12-10 00:32:06,2.84,12697,8.52
536703,85123A,WHITE HANGING HEART T-LIGHT HOLDER,4.0,2023-12-10 00:32:06,2.57,12697,10.28
536703,20726,LUNCH BAG WOODLAND,1.0,2023-12-10 00:32:06,1.57,12697,1.57
536703,22633,HAND WARMER UNION JACK,2.0,2023-12-10 00:32:06,1.88,12697,3.76
536704,84029G,KNITTED UNION FLAG HOT WATER BOTTLE,4.0,2023-08-04 12:22:46,3.49,12868,13.96
536704,22086,PAPER CHAIN KIT 50'S CHRISTMAS,1.0,2023-08-04 12:22:46,2.54,12868,2.54
536704,71053,WHITE METAL LANTERN,2.0,2023-08-04 12:22:46,3.53,12868,7.06
536704,22386,JUMBO BAG PINK POLKADOT,1.0,2023-08-04 12:22:46,2.03,12868,2.03
536704,84406B,CREAM CUPID HEARTS COAT HANGER,3.0,2023-08-04 12:22:46,2.79,12868,8.37
536705,85099B,JUMBO BAG RED RETROSPOT,6.0,2023-10-11 23:15:11,2.0,12877,12.0
536705,84029G,KNITTED UNION FLAG HOT WATER BOTTLE,6.0,2023-10-11 23:15:11,3.41,12877,20.46
536706,22745,POPPY'S PLAYHOUSE BEDROOM,4.0,2023-09-22 22:30:55,2.04,12878,8.16
536706,20728,LUNCH BAG CARS BLUE,3.0,2023-09-22 22:30:55,1.65,12878,4.95
536706,21730,GLASS STAR FROSTED T-LIGHT HOLDER,1.0,2023-09-22 22:30:55,4.4,12878,4.4
536706,71053,WHITE METAL LANTERN,1.0,2023-09-22 22:30:55,3.28,12878,3.28
536706,22411,JUMBO SHOPPER VINTAGE RED PAISLEY,1.0,2023-09-22 22:30:55,2.0,12878,2.0
536706,20725,LUNCH BAG RED RETROSPOT,3.0,2023-09-22 22:30:55,1.63,12878,4.89
536707,71053,WHITE METAL LANTERN,2.0,2023-03-15 18:13:47,3.52,12594,7.04
536707,22748,POPPY'S PLAYHOUSE KITCHEN,1.0,2023-03-15 18:13:47,2.16,12594,2.16
536707,85123A,WHITE HANGING HEART T-LIGHT HOLDER,1.0,2023-03-15 18:13:47,2.53,12594,2.53
536707,20725,LUNCH BAG RED RETROSPOT,2.0,2023-03-15 18:13:47,1.59,12594,3.18
536708,20728,LUNCH BAG CARS BLUE,1.0,2023-09-09 02:20:35,1.67,12757,1.67
536709,84879,ASSORTED COLOUR BIRD ORNAMENT,3.0,2023-06-21 20:07:55,1.71,12877,5.13
536709,22748,POPPY'S PLAYHOUSE KITCHEN,3.0,2023-06-21 20:07:55,2.08,12877,6.24
536710,71053,WHITE METAL LANTERN,1.0,2023-03-25 04:28:07,3.25,12886,3.25
536710,22749,POPPY'S PLAYHOUSE LIVINGROOM,2.0,2023-03-25 04:28:07,2.05,12886,4.1
536710,85123A,WHITE HANGING HEART T-LIGHT HOLDER,2.0,2023-03-25 04:28:07,2.45,12886,4.9
536710,84029G,KNITTED UNION FLAG HOT WATER BOTTLE,1.0,2023-03-25 04:28:07,3.3,12886,3.3
536710,22310,IVORY KNITTED MUG COSY,6.0,2023-03-25 04:28:07,1.59,12886,9.54
536710,20726,LUNCH BAG WOODLAND,3.0,2023-03-25 04:28:07,1.64,12886,4.92
536711,22633,HAND WARMER UNION JACK,2.0,2023-05-30 21:30:11,1.88,12815,3.76
536711,85099B,JUMBO BAG RED RETROSPOT,1.0,2023-05-30 21:30:11,1.92,12815,1.92
536712,21730,GLASS STAR FROSTED T-LIGHT HOLDER,3.0,2023-11-30 22:15:46,4.06,12415,12.18
536712,84969,BOX OF 6 ASSORTED COLOUR TEASPOONS,4.0,2023-11-30 22:15:46,4.06,12415,16.24
536712,85123A,WHITE HANGING HEART T-LIGHT HOLDER,1.0,2023-11-30 22:15:46,2.43,12415,2.43
536712,22748,POPPY'S PLAYHOUSE KITCHEN,1.0,2023-11-30 22:15:46,2.2,12415,2.2
536712,22384,LUNCH BAG PINK POLKADOT,1.0,2023-11-30 22:15:46,1.71,12415,1.71
536713,20727,LUNCH BAG BLACK SKULL.,2.0,2023-03-10 11:22:24,1.6,12677,3.2
536713,22384,LUNCH BAG PINK POLKADOT,1.0,2023-03-10 11:22:24,1.58,12677,1.58
536713,84406B,CREAM CUPID HEARTS COAT HANGER,1.0,2023-03-10 11:22:24,2.72,12677,2.72
536713,21931,JUMBO STORAGE BAG SUKI,1.0,2023-03-10 11:22:24,1.92,12677,1.92
536713,22310,IVORY KNITTED MUG COSY,1.0,2023-03-10 11:22:24,1.7,12677,1.7
536714,85099B,JUMBO BAG RED RETROSPOT,4.0,2023-06-08 11:52:58,1.9,12660,7.6
536715,22384,LUNCH BAG PINK POLKADOT,1.0,2023-09-05 20:18:34,1.63,12813,1.63
536715,47566,PARTY BUNTING,2.0,2023-09-05 20:18:34,4.7,12813,9.4
536715,85123A,WHITE HANGING HEART T-LIGHT HOLDER,1.0,2023-09-05 20:18:34,2.65,12813,2.65
536715,22748,POPPY'S PLAYHOUSE KITCHEN,4.0,2023-09-05 20:18:34,2.15,12813,8.6
536715,20728,LUNCH BAG CARS BLUE,4.0,2023-09-05 20:18:34,1.64,12813,6.56
536715,22411,JUMBO SHOPPER VINTAGE RED PAISLEY,3.0,2023-09-05 20:18:34,1.86,12813,5.58
536716,22411,JUMBO SHOPPER VINTAGE RED PAISLEY,1.0,2023-11-11 07:07:11,1.9,12991,1.9
536716,21931,JUMBO STORAGE BAG SUKI,1.0,2023-11-11 07:07:11,1.96,12991,1.96
536716,22310,IVORY KNITTED MUG COSY,1.0,2023-11-11 07:07:11,1.65,12991,1.65
536716,22749,POPPY'S PLAYHOUSE LIVINGROOM,1.0,2023-11-11 07:07:11,2.14,12991,2.14
536716,22383,LUNCH BAG SUKI DESIGN,1.0,2023-11-11 07:07:11,1.63,12991,1.63
536717,22411,JUMBO SHOPPER VINTAGE RED PAISLEY,3.0,2023-09-04 05:30:38,1.96,13141,5.88
536717,22748,POPPY'S PLAYHOUSE KITCHEN,1.0,2023-09-04 05:30:38,2.05,13141,2.05
536718,20726,LUNCH BAG WOODLAND,4.0,2023-11-18 13:47:34,1.57,12877,6.28
536718,22749,POPPY'S PLAYHOUSE LIVINGROOM,1.0,2023-11-18 13:47:34,2.16,12877,2.16
536718,22383,LUNCH BAG SUKI DESIGN,4.0,2023-11-18 13:47:34,1.72,12877,6.88
536720,21730,GLASS STAR FROSTED T-LIGHT HOLDER,2.0,2023-04-29 18:21:44,4.13,12579,8.26
536720,84406B,CREAM CUPID HEARTS COAT HANGER,1.0,2023-04-29 18:21:44,2.8,12579,2.8
536720,22086,PAPER CHAIN KIT 50'S CHRISTMAS,4.0,2023-04-29 18:21:44,2.58,12579,10.32
536721,21931,JUMBO STORAGE BAG SUKI,1.0,2023-11-26 00:50:03,2.03,13063,2.03
536721,22633,HAND WARMER UNION JACK,1.0,2023-11-26 00:50:03,1.77,13063,1.77
536721,22632,HAND WARMER RED POLKA DOT,1.0,2023-11-26 00:50:03,1.88,13063,1.88
536722,20726,LUNCH BAG WOODLAND,1.0,2023-08-17 16:32:45,1.7,12419,1.7
536722,22086,PAPER CHAIN KIT 50'S CHRISTMAS,2.0,2023-08-17 16:32:45,2.6,12419,5.2
536722,84029E,RED WOOLLY HOTTIE WHITE HEART.,1.0,2023-08-17 16:32:45,3.5,12419,3.5
536723,71053,WHITE METAL LANTERN,4.0,2023-07-15 03:45:11,3.24,12864,12.96
536723,85099F,JUMBO BAG STRAWBERRY,1.0,2023-07-15 03:45:11,1.98,12864,1.98
536723,22632,HAND WARMER RED POLKA DOT,2.0,2023-07-15 03:45:11,1.88,12864,3.76
536723,22745,POPPY'S PLAYHOUSE BEDROOM,1.0,2023-07-15 03:45:11,2.07,12864,2.07
536723,85099B,JUMBO BAG RED RETROSPOT,1.0,2023-07-15 03:45:11,1.95,12864,1.95
536723,22748,POPPY'S PLAYHOUSE KITCHEN,4.0,2023-07-15 03:45:11,2.19,12864,8.76
536724,22382,LUNCH BAG SPACEBOY DESIGN,2.0,2023-09-22 12:27:48,1.62,12398,3.24
536724,84029G,KNITTED UNION FLAG HOT WATER BOTTLE,4.0,2023-09-22 12:27:48,3.47,12398,13.88
536724,20728,LUNCH BAG CARS BLUE,2.0,2023-09-22 12:27:48,1.58,12398,3.16
536724,22411,JUMBO SHOPPER VINTAGE RED PAISLEY,4.0,2023-09-22 12:27:48,1.93,12398,7.72
536725,22310,IVORY KNITTED MUG COSY,3.0,2023-10-24 18:33:55,1.65,12878,4.95
536725,20726,LUNCH BAG WOODLAND,1.0,2023-10-24 18:33:55,1.57,12878,1.57
536725,85099F,JUMBO BAG STRAWBERRY,2.0,2023-10-24 18:33:55,2.01,12878,4.02
536725,22386,JUMBO BAG PINK POLKADOT,3.0,2023-10-24 18:33:55,1.96,12878,5.88
536726,22382,LUNCH BAG SPACEBOY DESIGN,2.0,2023-10-03 13:55:14,1.62,12858,3.24
536726,84406B,CREAM CUPID HEARTS COAT HANGER,2.0,2023-10-03 13:55:14,2.8,12858,5.6
536726,84029E,RED WOOLLY HOTTIE WHITE HEART.,3.0,2023-10-03 13:55:14,3.27,12858,9.81
536727,20726,LUNCH BAG WOODLAND,1.0,2023-10-05 08:16:37,1.71,12607,1.71
536727,84406B,CREAM CUPID HEARTS COAT HANGER,1.0,2023-10-05 08:16:37,2.74,12607,2.74
536728,22411,JUMBO SHOPPER VINTAGE RED PAISLEY,3.0,2023-08-23 13:22:46,2.01,12581,6.03
536729,21931,JUMBO STORAGE BAG SUKI,1.0,2023-09-01 12:19:03,1.89,12591,1.89
536729,22386,JUMBO BAG PINK POLKADOT,2.0,2023-09-01 12:19:03,1.94,12591,3.88
536729,20725,LUNCH BAG RED RETROSPOT,1.0,2023-09-01 12:19:03,1.71,12591,1.71
536729,22749,POPPY'S PLAYHOUSE LIVINGROOM,3.0,2023-09-01 12:19:03,2.03,12591,6.09
536730,20727,LUNCH BAG BLACK SKULL.,4.0,2023-05-09 17:06:42,1.62,12648,6.48
536730,84029G,KNITTED UNION FLAG HOT WATER BOTTLE,1.0,2023-05-09 17:06:42,3.3,12648,3.3
536730,22382,LUNCH BAG SPACEBOY DESIGN,1.0,2023-05-09 17:06:42,1.6,12648,1.6
536731,84029E,RED WOOLLY HOTTIE WHITE HEART.,1.0,2023-07-23 07:58:54,3.38,12452,3.38
536731,22749,POPPY'S PLAYHOUSE LIVINGROOM,1.0,2023-07-23 07:58:54,2.01,12452,2.01
536733,84879,ASSORTED COLOUR BIRD ORNAMENT,2.0,2023-06-20 11:08:52,1.69,12883,3.38
536733,22382,LUNCH BAG SPACEBOY DESIGN,2.0,2023-06-20 11:08:52,1.66,12883,3.32
536733,22386,JUMBO BAG PINK POLKADOT,4.0,2023-06-20 11:08:52,2.03,12883,8.12
536734,84969,BOX OF 6 ASSORTED COLOUR TEASPOONS,3.0,2023-08-29 03:29:43,4.41,12872,13.23
536735,84969,BOX OF 6 ASSORTED COLOUR TEASPOONS,1.0,2023-05-08 17:44:48,4.12,12877,4.12
536735,22633,HAND WARMER UNION JACK,1.0,2023-05-08 17:44:48,1.87,12877,1.87
536735,85123A,WHITE HANGING HEART T-LIGHT HOLDER,6.0,2023-05-08 17:44:48,2.44,12877,14.64
536735,85099F,JUMBO BAG STRAWBERRY,4.0,2023-05-08 17:44:48,1.91,12877,7.64
536735,22383,LUNCH BAG SUKI DESIGN,2.0,2023-05-08 17:44:48,1.64,12877,3.28
536735,71053,WHITE METAL LANTERN,2.0,2023-05-08 17:44:48,3.49,12877,6.98
536736,22384,LUNCH BAG PINK POLKADOT,3.0,2023-04-10 20:43:48,1.68,12877,5.04
536736,22382,LUNCH BAG SPACEBOY DESIGN,1.0,2023-04-10 20:43:48,1.66,12877,1.66
536737,84029G,KNITTED UNION FLAG HOT WATER BOTTLE,2.0,2023-03-19 09:52:40,3.42,12485,6.84
536738,84879,ASSORTED COLOUR BIRD ORNAMENT,2.0,2023-06-13 05:21:07,1.7,12587,3.4
536738,22632,HAND WARMER RED POLKA DOT,1.0,2023-06-13 05:21:07,1.92,12587,1.92
536738,85123A,WHITE HANGING HEART T-LIGHT HOLDER,3.0,2023-06-13 05:21:07,2.66,12587,7.98
536738,20727,LUNCH BAG BLACK SKULL.,2.0,2023-06-13 05:21:07,1.68,12587,3.36
536738,22384,LUNCH BAG PINK POLKADOT,2.0,2023-06-13 05:21:07,1.65,12587,3.3
536738,21931,JUMBO STORAGE BAG SUKI,1.0,2023-06-13 05:21:07,1.97,12587,1.97
536739,20727,LUNCH BAG BLACK SKULL.,3.0,2023-09-03 09:39:38,1.67,12593,5.01
536739,20728,LUNCH BAG CARS BLUE,3.0,2023-09-03 09:39:38,1.73,12593,5.19
536739,22086,PAPER CHAIN KIT 50'S CHRISTMAS,2.0,2023-09-03 09:39:38,2.49,12593,4.98
536740,84406B,CREAM CUPID HEARTS COAT HANGER,3.0,2023-11-02 12:04:09,2.66,12544,7.98
536740,22310,IVORY KNITTED MUG COSY,1.0,2023-11-02 12:04:09,1.6,12544,1.6
536740,84879,ASSORTED COLOUR BIRD ORNAMENT,1.0,2023-11-02 12:04:09,1.62,12544,1.62
536741,22086,PAPER CHAIN KIT 50'S CHRISTMAS,3.0,2023-02-23 13:39:54,2.44,12877,7.32
536741,22382,LUNCH BAG SPACEBOY DESIGN,1.0,2023-02-23 13:39:54,1.57,12877,1.57
536741,22411,JUMBO SHOPPER VINTAGE RED PAISLEY,1.0,2023-02-23 13:39:54,1.96,12877,1.96
536741,71053,WHITE METAL LANTERN,6.0,2023-02-23 13:39:54,3.24,12877,19.44
536742,22384,LUNCH BAG PINK POLKADOT,4.0,2023-09-17 02:31:59,1.59,12927,6.36
536742,84029E,RED WOOLLY HOTTIE WHITE HEART.,1.0,2023-09-17 02:31:59,3.38,12927,3.38
536742,22310,IVORY KNITTED MUG COSY,1.0,2023-09-17 02:31:59,1.58,12927,1.58
536742,85123A,WHITE HANGING HEART T-LIGHT HOLDER,3.0,2023-09-17 02:31:59,2.5,12927,7.5
536742,20728,LUNCH BAG CARS BLUE,1.0,2023-09-17 02:31:59,1.69,12927,1.69
536743,47566,PARTY BUNTING,2.0,2023-04-07 08:23:12,4.73,13024,9.46
536743,22386,JUMBO BAG PINK POLKADOT,3.0,2023-04-07 08:23:12,1.93,13024,5.79
536743,85123A,WHITE HANGING HEART T-LIGHT HOLDER,1.0,2023-04-07 08:23:12,2.55,13024,2.55
536744,84029E,RED WOOLLY HOTTIE WHITE HEART.,1.0,2023-07-29 00:06:56,3.35,12459,3.35
536744,84879,ASSORTED COLOUR BIRD ORNAMENT,2.0,2023-07-29 00:06:56,1.72,12459,3.44
536744,84029G,KNITTED UNION FLAG HOT WATER BOTTLE,1.0,2023-07-29 00:06:56,3.52,12459,3.52
536745,20725,LUNCH BAG RED RETROSPOT,1.0,2023-11-18 02:33:29,1.7,12564,1.7
536745,20726,LUNCH BAG WOODLAND,2.0,2023-11-18 02:33:29,1.58,12564,3.16
536745,47566,PARTY BUNTING,3.0,2023-11-18 02:33:29,4.65,12564,13.95
536745,22086,PAPER CHAIN KIT 50'S CHRISTMAS,4.0,2023-11-18 02:33:29,2.59,12564,10.36
536746,20726,LUNCH BAG WOODLAND,1.0,2023-05-19 15:43:51,1.72,12736,1.72
536748,22411,JUMBO SHOPPER VINTAGE RED PAISLEY,1.0,2023-09-25 11:00:09,1.96,13003,1.96
536748,84029G,KNITTED UNION FLAG HOT WATER BOTTLE,1.0,2023-09-25 11:00:09,3.33,13003,3.33
536748,22748,POPPY'S PLAYHOUSE KITCHEN,6.0,2023-09-25 11:00:09,2.07,13003,12.42
536748,22632,HAND WARMER RED POLKA DOT,2.0,2023-09-25 11:00:09,1.88,13003,3.76
536748,22384,LUNCH BAG PINK POLKADOT,1.0,2023-09-25 11:00:09,1.6,13003,1.6
536751,21931,JUMBO STORAGE BAG SUKI,4.0,2023-12-09 02:34:40,1.89,13135,7.56
536752,84879,ASSORTED COLOUR BIRD ORNAMENT,1.0,2023-07-16 10:16:24,1.64,13063,1.64
536752,22749,POPPY'S PLAYHOUSE LIVINGROOM,3.0,2023-07-16 10:16:24,2.03,13063,6.09
536752,20728,LUNCH BAG CARS BLUE,2.0,2023-07-16 10:16:24,1.61,13063,3.22
536752,22748,POPPY'S PLAYHOUSE KITCHEN,1.0,2023-07-16 10:16:24,2.2,13063,2.2
536752,20727,LUNCH BAG BLACK SKULL.,1.0,2023-07-16 10:16:24,1.59,13063,1.59
536753,84406B,CREAM CUPID HEARTS COAT HANGER,1.0,2023-11-18 11:55:19,2.65,13007,2.65
536753,20725,LUNCH BAG RED RETROSPOT,4.0,2023-11-18 11:55:19,1.58,13007,6.32
536753,22633,HAND WARMER UNION JACK,1.0,2023-11-18 11:55:19,1.82,13007,1.82
536753,84969,BOX OF 6 ASSORTED COLOUR TEASPOONS,4.0,2023-11-18 11:55:19,4.17,13007,16.68
536755,20725,LUNCH BAG RED RETROSPOT,2.0,2023-11-08 06:57:25,1.66,12747,3.32
536756,22386,JUMBO BAG PINK POLKADOT,4.0,2023-04-17 02:44:45,1.95,13085,7.8
536756,85123A,WHITE HANGING HEART T-LIGHT HOLDER,2.0,2023-04-17 02:44:45,2.63,13085,5.26
536756,22411,JUMBO SHOPPER VINTAGE RED PAISLEY,2.0,2023-04-17 02:44:45,1.98,13085,3.96
536756,84029E,RED WOOLLY HOTTIE WHITE HEART.,6.0,2023-04-17 02:44:45,3.52,13085,21.12
536756,84969,BOX OF 6 ASSORTED COLOUR TEASPOONS,3.0,2023-04-17 02:44:45,4.44,13085,13.32
536756,22632,HAND WARMER RED POLKA DOT,1.0,2023-04-17 02:44:45,1.77,13085,1.77
536758,84029G,KNITTED UNION FLAG HOT WATER BOTTLE,2.0,2023-10-25 12:40:14,3.54,13083,7.08
536758,85099B,JUMBO BAG RED RETROSPOT,1.0,2023-10-25 12:40:14,1.86,13083,1.86
536758,22749,POPPY'S PLAYHOUSE LIVINGROOM,3.0,2023-10-25 12:40:14,2.17,13083,6.51
536759,22745,POPPY'S PLAYHOUSE BEDROOM,1.0,2023-09-12 14:25:29,2.17,12379,2.17
536759,22086,PAPER CHAIN KIT 50'S CHRISTMAS,2.0,2023-09-12 14:25:29,2.65,12379,5.3
536759,85099F,JUMBO BAG STRAWBERRY,1.0,2023-09-12 14:25:29,1.92,12379,1.92
536761,85099B,JUMBO BAG RED RETROSPOT,2.0,2023-07-19 04:20:09,1.9,12485,3.8
536764,84406B,CREAM CUPID HEARTS COAT HANGER,3.0,2023-08-12 11:30:11,2.67,12567,8.01
536764,20726,LUNCH BAG WOODLAND,3.0,2023-08-12 11:30:11,1.58,12567,4.74
536764,84029E,RED WOOLLY HOTTIE WHITE HEART.,1.0,2023-08-12 11:30:11,3.53,12567,3.53
536764,85099B,JUMBO BAG RED RETROSPOT,1.0,2023-08-12 11:30:11,1.86,12567,1.86
536764,20728,LUNCH BAG CARS BLUE,3.0,2023-08-12 11:30:11,1.57,12567,4.71
536765,47566,PARTY BUNTING,1.0,2023-04-18 05:27:31,4.42,12877,4.42
536765,22086,PAPER CHAIN KIT 50'S CHRISTMAS,2.0,2023-04-18 05:27:31,2.61,12877,5.22
536765,84029E,RED WOOLLY HOTTIE WHITE HEART.,4.0,2023-04-18 05:27:31,3.3,12877,13.2
536765,84029G,KNITTED UNION FLAG HOT WATER BOTTLE,2.0,2023-04-18 05:27:31,3.28,12877,6.56
536766,84029E,RED WOOLLY HOTTIE WHITE HEART.,3.0,2023-04-07 23:42:18,3.51,12625,10.53
536766,47566,PARTY BUNTING,6.0,2023-04-07 23:42:18,4.67,12625,28.02
536766,71053,WHITE METAL LANTERN,4.0,2023-04-07 23:42:18,3.51,12625,14.04
536766,20727,LUNCH BAG BLACK SKULL.,2.0,2023-04-07 23:42:18,1.72,12625,3.44
536766,84406B,CREAM CUPID HEARTS COAT HANGER,1.0,2023-04-07 23:42:18,2.8,12625,2.8
536767,85099F,JUMBO BAG STRAWBERRY,6.0,2023-11-03 02:08:48,1.9,12426,11.4
536767,22632,HAND WARMER RED POLKA DOT,2.0,2023-11-03 02:08:48,1.89,12426,3.78
536769,85099B,JUMBO BAG RED RETROSPOT,2.0,2023-09-06 03:25:26,2.03,12741,4.06
536770,22086,PAPER CHAIN KIT 50'S CHRISTMAS,2.0,2023-03-03 10:28:08,2.53,12610,5.06
536770,84406B,CREAM CUPID HEARTS COAT HANGER,2.0,2023-03-03 10:28:08,2.87,12610,5.74
536770,84969,BOX OF 6 ASSORTED COLOUR TEASPOONS,2.0,2023-03-03 10:28:08,4.14,12610,8.28
536770,85123A,WHITE HANGING HEART T-LIGHT HOLDER,6.0,2023-03-03 10:28:08,2.51,12610,15.06
536770,21730,GLASS STAR FROSTED T-LIGHT HOLDER,3.0,2023-03-03 10:28:08,4.06,12610,12.18
536771,20726,LUNCH BAG WOODLAND,2.0,2023-06-09 17:26:29,1.58,12821,3.16
536771,22386,JUMBO BAG PINK POLKADOT,1.0,2023-06-09 17:26:29,2.03,12821,2.03
536771,84029E,RED WOOLLY HOTTIE WHITE HEART.,1.0,2023-06-09 17:26:29,3.28,12821,3.28
536771,84969,BOX OF 6 ASSORTED COLOUR TEASPOONS,1.0,2023-06-09 17:26:29,4.27,12821,4.27
536773,22749,POPPY'S PLAYHOUSE LIVINGROOM,1.0,2023-04-23 20:40:45,2.06,12485,2.06
536773,22086,PAPER CHAIN KIT 50'S CHRISTMAS,1.0,2023-04-23 20:40:45,2.66,12485,2.66
536773,20725,LUNCH BAG RED RETROSPOT,4.0,2023-04-23 20:40:45,1.6,12485,6.4
536773,22384,LUNCH BAG PINK POLKADOT,2.0,2023-04-23 20:40:45,1.66,12485,3.32
536773,84969,BOX OF 6 ASSORTED COLOUR TEASPOONS,1.0,2023-04-23 20:40:45,4.26,12485,4.26
536774,22384,LUNCH BAG PINK POLKADOT,6.0,2023-08-31 05:16:20,1.63,12877,9.78
536774,22310,IVORY KNITTED MUG COSY,4.0,2023-08-31 05:16:20,1.57,12877,6.28
536774,22749,POPPY'S PLAYHOUSE LIVINGROOM,3.0,2023-08-31 05:16:20,2.06,12877,6.18
536774,22383,LUNCH BAG SUKI DESIGN,3.0,2023-08-31 05:16:20,1.69,12877,5.07
536775,20726,LUNCH BAG WOODLAND,3.0,2023-11-29 19:32:52,1.69,12864,5.07
536776,22086,PAPER CHAIN KIT 50'S CHRISTMAS,1.0,2023-11-24 02:24:59,2.55,12754,2.55
536776,85099B,JUMBO BAG RED RETROSPOT,2.0,2023-11-24 02:24:59,1.95,12754,3.9
536777,20727,LUNCH BAG BLACK SKULL.,1.0,2023-07-12 00:26:57,1.72,12659,1.72
536777,84406B,CREAM CUPID HEARTS COAT HANGER,1.0,2023-07-12 00:26:57,2.87,12659,2.87
536778,84029G,KNITTED UNION FLAG HOT WATER BOTTLE,1.0,2023-12-03 20:09:52,3.54,12522,3.54
536778,20727,LUNCH BAG BLACK SKULL.,3.0,2023-12-03 20:09:52,1.71,12522,5.13
536778,22383,LUNCH BAG SUKI DESIGN,1.0,2023-12-03 20:09:52,1.71,12522,1.71
536779,22310,IVORY KNITTED MUG COSY,3.0,2023-07-07 00:43:37,1.72,12458,5.16
536779,22633,HAND WARMER UNION JACK,2.0,2023-07-07 00:43:37,1.81,12458,3.62
536779,22749,POPPY'S PLAYHOUSE LIVINGROOM,4.0,2023-07-07 00:43:37,2.18,12458,8.72
536781,47566,PARTY BUNTING,6.0,2023-11-14 09:31:03,4.83,12473,28.98
536781,22411,JUMBO SHOPPER VINTAGE RED PAISLEY,2.0,2023-11-14 09:31:03,2.04,12473,4.08
536781,22086,PAPER CHAIN KIT 50'S CHRISTMAS,2.0,2023-11-14 09:31:03,2.63,12473,5.26
536782,22411,JUMBO SHOPPER VINTAGE RED PAISLEY,2.0,2023-07-08 21:14:03,1.87,12587,3.74
536782,84969,BOX OF 6 ASSORTED COLOUR TEASPOONS,2.0,2023-07-08 21:14:03,4.32,12587,8.64
536782,21931,JUMBO STORAGE BAG SUKI,2.0,2023-07-08 21:14:03,2.03,12587,4.06
536782,20728,LUNCH BAG CARS BLUE,2.0,2023-07-08 21:14:03,1.62,12587,3.24
536782,22749,POPPY'S PLAYHOUSE LIVINGROOM,1.0,2023-07-08 21:14:03,2.13,12587,2.13
536782,85123A,WHITE HANGING HEART T-LIGHT HOLDER,2.0,2023-07-08 21:14:03,2.58,12587,5.16
536783,22745,POPPY'S PLAYHOUSE BEDROOM,3.0,2023-11-06 03:30:36,2.11,12877,6.33
536783,84029E,RED WOOLLY HOTTIE WHITE HEART.,1.0,2023-11-06 03:30:36,3.34,12877,3.34
536783,71053,WHITE METAL LANTERN,1.0,2023-11-06 03:30:36,3.39,12877,3.39
536783,20725,LUNCH BAG RED RETROSPOT,3.0,2023-11-06 03:30:36,1.59,12877,4.77
536784,85099B,JUMBO BAG RED RETROSPOT,2.0,2023-01-15 03:12:35,1.99,12821,3.98
536784,47566,PARTY BUNTING,1.0,2023-01-15 03:12:35,4.64,12821,4.64
536785,20728,LUNCH BAG CARS BLUE,2.0,2023-04-14 16:04:36,1.61,12422,3.22
536785,22411,JUMBO SHOPPER VINTAGE RED PAISLEY,1.0,2023-04-14 16:04:36,2.0,12422,2.0
536785,21730,GLASS STAR FROSTED T-LIGHT HOLDER,1.0,2023-04-14 16:04:36,4.08,12422,4.08
536785,22633,HAND WARMER UNION JACK,2.0,2023-04-14 16:04:36,1.87,12422,3.74
536785,47566,PARTY BUNTING,2.0,2023-04-14 16:04:36,4.81,12422,9.62
536785,22749,POPPY'S PLAYHOUSE LIVINGROOM,2.0,2023-04-14 16:04:36,2.17,12422,4.34
536786,20727,LUNCH BAG BLACK SKULL.,1.0,2023-08-08 19:43:11,1.57,12878,1.57
536787,22384,LUNCH BAG PINK POLKADOT,3.0,2023-10-09 14:49:05,1.72,12612,5.16
536787,84406B,CREAM CUPID HEARTS COAT HANGER,1.0,2023-10-09 14:49:05,2.8,12612,2.8
536788,84029G,KNITTED UNION FLAG HOT WATER BOTTLE,1.0,2023-10-19 14:16:06,3.56,12923,3.56
536788,22383,LUNCH BAG SUKI DESIGN,3.0,2023-10-19 14:16:06,1.6,12923,4.8
536788,21730,GLASS STAR FROSTED T-LIGHT HOLDER,1.0,2023-10-19 14:16:06,4.19,12923,4.19
536788,85099B,JUMBO BAG RED RETROSPOT,2.0,2023-10-19 14:16:06,1.88,12923,3.76
536790,47566,PARTY BUNTING,2.0,2023-07-23 05:19:25,4.85,12877,9.7
536790,71053,WHITE METAL LANTERN,1.0,2023-07-23 05:19:25,3.43,12877,3.43
536790,85099F,JUMBO BAG STRAWBERRY,1.0,2023-07-23 05:19:25,1.91,12877,1.91
536790,20728,LUNCH BAG CARS BLUE,1.0,2023-07-23 05:19:25,1.62,12877,1.62
536791,22382,LUNCH BAG SPACEBOY DESIGN,2.0,2023-10-02 16:17:23,1.58,12877,3.16
536791,22386,JUMBO BAG PINK POLKADOT,1.0,2023-10-02 16:17:23,1.87,12877,1.87
536791,84969,BOX OF 6 ASSORTED COLOUR TEASPOONS,6.0,2023-10-02 16:17:23,4.2,12877,25.2
536793,20727,LUNCH BAG BLACK SKULL.,4.0,2023-10-14 08:14:11,1.71,12791,6.84
536794,22386,JUMBO BAG PINK POLKADOT,2.0,2023-10-13 07:25:27,1.98,12602,3.96
536794,22382,LUNCH BAG SPACEBOY DESIGN,1.0,2023-10-13 07:25:27,1.72,12602,1.72
536794,22411,JUMBO SHOPPER VINTAGE RED PAISLEY,3.0,2023-10-13 07:25:27,1.92,12602,5.76
536794,20728,LUNCH BAG CARS BLUE,1.0,2023-10-13 07:25:27,1.72,12602,1.72
536796,22745,POPPY'S PLAYHOUSE BEDROOM,1.0,2023-03-08 21:17:52,2.19,12415,2.19
536797,22745,POPPY'S PLAYHOUSE BEDROOM,6.0,2023-10-12 16:28:59,2.04,12576,12.24
536797,84029E,RED WOOLLY HOTTIE WHITE HEART.,2.0,2023-10-12 16:28:59,3.51,12576,7.02
536798,47566,PARTY BUNTING,2.0,2023-12-05 07:24:52,4.53,12819,9.06
536798,22633,HAND WARMER UNION JACK,3.0,2023-12-05 07:24:52,1.91,12819,5.73
536798,85123A,WHITE HANGING HEART T-LIGHT HOLDER,3.0,2023-12-05 07:24:52,2.6,12819,7.8
536798,20727,LUNCH BAG BLACK SKULL.,2.0,2023-12-05 07:24:52,1.67,12819,3.34
536798,71053,WHITE METAL LANTERN,3.0,2023-12-05 07:24:52,3.27,12819,9.81
536799,22632,HAND WARMER RED POLKA DOT,4.0,2023-01-10 08:42:19,1.87,12878,7.48
536799,84969,BOX OF 6 ASSORTED COLOUR TEASPOONS,2.0,2023-01-10 08:42:19,4.37,12878,8.74
536799,20725,LUNCH BAG RED RETROSPOT,1.0,2023-01-10 08:42:19,1.59,12878,1.59
536799,20728,LUNCH BAG CARS BLUE,2.0,2023-01-10 08:42:19,1.72,12878,3.44
536800,85099F,JUMBO BAG STRAWBERRY,1.0,2023-10-19 22:16:18,1.97,12878,1.97
536800,47566,PARTY BUNTING,2.0,2023-10-19 22:16:18,4.58,12878,9.16
536800,20727,LUNCH BAG BLACK SKULL.,1.0,2023-10-19 22:16:18,1.72,12878,1.72
536800,71053,WHITE METAL LANTERN,3.0,2023-10-19 22:16:18,3.32,12878,9.96
536800,85099B,JUMBO BAG RED RETROSPOT,4.0,2023-10-19 22:16:18,1.91,12878,7.64
536801,22382,LUNCH BAG SPACEBOY DESIGN,1.0,2023-07-01 08:22:07,1.58,12691,1.58
536801,22632,HAND WARMER RED POLKA DOT,1.0,2023-07-01 08:22:07,1.85,12691,1.85
536801,22745,POPPY'S PLAYHOUSE BEDROOM,1.0,2023-07-01 08:22:07,2.05,12691,2.05
536801,85099B,JUMBO BAG RED RETROSPOT,2.0,2023-07-01 08:22:07,1.98,12691,3.96
536802,22383,LUNCH BAG SUKI DESIGN,1.0,2023-04-27 21:59:24,1.66,12933,1.66
536802,84879,ASSORTED COLOUR BIRD ORNAMENT,1.0,2023-04-27 21:59:24,1.73,12933,1.73
536802,47566,PARTY BUNTING,1.0,2023-04-27 21:59:24,4.49,12933,4.49
536804,84969,BOX OF 6 ASSORTED COLOUR TEASPOONS,2.0,2023-09-16 08:30:41,4.19,12787,8.38
536805,22749,POPPY'S PLAYHOUSE LIVINGROOM,2.0,2023-11-18 15:50:32,2.02,12787,4.04
536805,22386,JUMBO BAG PINK POLKADOT,1.0,2023-11-18 15:50:32,2.04,12787,2.04
536805,20727,LUNCH BAG BLACK SKULL.,1.0,2023-11-18 15:50:32,1.71,12787,1.71
536805,22632,HAND WARMER RED POLKA DOT,1.0,2023-11-18 15:50:32,1.82,12787,1.82
536805,22745,POPPY'S PLAYHOUSE BEDROOM,3.0,2023-11-18 15:50:32,2.19,12787,6.57
536807,85099F,JUMBO BAG STRAWBERRY,1.0,2023-08-09 09:40:35,1.96,12977,1.96
536807,22086,PAPER CHAIN KIT 50'S CHRISTMAS,2.0,2023-08-09 09:40:35,2.64,12977,5.28
536807,20726,LUNCH BAG WOODLAND,1.0,2023-08-09 09:40:35,1.7,12977,1.7
536807,22310,IVORY KNITTED MUG COSY,2.0,2023-08-09 09:40:35,1.65,12977,3.3
536808,22386,JUMBO BAG PINK POLKADOT,1.0,2023-10-08 19:58:36,1.99,12706,1.99
536808,22310,IVORY KNITTED MUG COSY,1.0,2023-10-08 19:58:36,1.61,12706,1.61
536808,22745,POPPY'S PLAYHOUSE BEDROOM,2.0,2023-10-08 19:58:36,2.2,12706,4.4
536808,84406B,CREAM CUPID HEARTS COAT HANGER,3.0,2023-10-08 19:58:36,2.67,12706,8.01
536808,22633,HAND WARMER UNION JACK,4.0,2023-10-08 19:58:36,1.9,12706,7.6
536809,22086,PAPER CHAIN KIT 50'S CHRISTMAS,4.0,2023-12-02 12:37:57,2.51,12589,10.04
536809,21730,GLASS STAR FROSTED T-LIGHT HOLDER,2.0,2023-12-02 12:37:57,4.08,12589,8.16
536810,71053,WHITE METAL LANTERN,2.0,2023-05-14 15:00:47,3.52,13061,7.04
536810,85099B,JUMBO BAG RED RETROSPOT,2.0,2023-05-14 15:00:47,2.04,13061,4.08
536812,22384,LUNCH BAG PINK POLKADOT,1.0,2023-11-01 18:39:49,1.62,12743,1.62
536812,22382,LUNCH BAG SPACEBOY DESIGN,1.0,2023-11-01 18:39:49,1.69,12743,1.69
536812,22633,HAND WARMER UNION JACK,2.0,2023-11-01 18:39:49,1.77,12743,3.54
536812,85099B,JUMBO BAG RED RETROSPOT,3.0,2023-11-01 18:39:49,2.01,12743,6.03
536812,84969,BOX OF 6 ASSORTED COLOUR TEASPOONS,1.0,2023-11-01 18:39:49,4.44,12743,4.44
536814,20725,LUNCH BAG RED RETROSPOT,3.0,2023-05-12 21:34:19,1.64,12736,4.92
536814,85099F,JUMBO BAG STRAWBERRY,1.0,2023-05-12 21:34:19,1.87,12736,1.87
536814,22749,POPPY'S PLAYHOUSE LIVINGROOM,4.0,2023-05-12 21:34:19,2.05,12736,8.2
536816,22748,POPPY'S PLAYHOUSE KITCHEN,6.0,2023-09-23 07:50:40,2.1,12758,12.6
536816,22745,POPPY'S PLAYHOUSE BEDROOM,1.0,2023-09-23 07:50:40,2.09,12758,2.09
536816,84406B,CREAM CUPID HEARTS COAT HANGER,1.0,2023-09-23 07:50:40,2.77,12758,2.77
536817,22310,IVORY KNITTED MUG COSY,2.0,2023-08-25 21:28:25,1.73,12877,3.46
536818,84969,BOX OF 6 ASSORTED COLOUR TEASPOONS,1.0,2023-11-19 23:37:42,4.28,12500,4.28
536818,21931,JUMBO STORAGE BAG SUKI,2.0,2023-11-19 23:37:42,2.04,12500,4.08
536818,22086,PAPER CHAIN KIT 50'S CHRISTMAS,2.0,2023-11-19 23:37:42,2.43,12500,4.86
536821,22384,LUNCH BAG PINK POLKADOT,2.0,2023-08-29 14:32:27,1.72,12529,3.44
536821,22411,JUMBO SHOPPER VINTAGE RED PAISLEY,1.0,2023-08-29 14:32:27,1.96,12529,1.96
536822,84969,BOX OF 6 ASSORTED COLOUR TEASPOONS,4.0,2023-08-29 02:43:22,4.31,12545,17.24
536822,71053,WHITE METAL LANTERN,2.0,2023-08-29 02:43:22,3.27,12545,6.54
536822,84406B,CREAM CUPID HEARTS COAT HANGER,2.0,2023-08-29 02:43:22,2.78,12545,5.56
536823,22386,JUMBO BAG PINK POLKADOT,4.0,2023-09-10 12:16:44,1.96,12500,7.84
536823,22633,HAND WARMER UNION JACK,2.0,2023-09-10 12:16:44,1.87,12500,3.74
536823,84029G,KNITTED UNION FLAG HOT WATER BOTTLE,2.0,2023-09-10 12:16:44,3.36,12500,6.72
536824,22633,HAND WARMER UNION JACK,1.0,2023-12-02 10:58:32,1.86,12757,1.86
536825,85099B,JUMBO BAG RED RETROSPOT,3.0,2023-08-13 03:04:55,1.87,12735,5.61
536825,85099F,JUMBO BAG STRAWBERRY,4.0,2023-08-13 03:04:55,2.03,12735,8.12
536825,84029E,RED WOOLLY HOTTIE WHITE HEART.,1.0,2023-08-13 03:04:55,3.37,12735,3.37
536825,22632,HAND WARMER RED POLKA DOT,1.0,2023-08-13 03:04:55,1.76,12735,1.76
536826,85099F,JUMBO BAG STRAWBERRY,1.0,2023-02-22 01:34:21,1.87,12587,1.87
536826,84879,ASSORTED COLOUR BIRD ORNAMENT,1.0,2023-02-22 01:34:21,1.75,12587,1.75
536826,22086,PAPER CHAIN KIT 50'S CHRISTMAS,2.0,2023-02-22 01:34:21,2.44,12587,4.88
536826,21730,GLASS STAR FROSTED T-LIGHT HOLDER,2.0,2023-02-22 01:34:21,4.32,12587,8.64
536826,22632,HAND WARMER RED POLKA DOT,2.0,2023-02-22 01:34:21,1.85,12587,3.7
536826,21931,JUMBO STORAGE BAG SUKI,2.0,2023-02-22 01:34:21,1.97,12587,3.94
536827,22310,IVORY KNITTED MUG COSY,2.0,2023-08-24 18:42:29,1.72,12607,3.44
536827,71053,WHITE METAL LANTERN,2.0,2023-08-24 18:42:29,3.41,12607,6.82
536827,22632,HAND WARMER RED POLKA DOT,1.0,2023-08-24 18:42:29,1.8,12607,1.8
536827,85123A,WHITE HANGING HEART T-LIGHT HOLDER,2.0,2023-08-24 18:42:29,2.65,12607,5.3
536828,21931,JUMBO STORAGE BAG SUKI,1.0,2023-07-19 07:26:59,2.02,13007,2.02
536828,22633,HAND WARMER UNION JACK,1.0,2023-07-19 07:26:59,1.82,13007,1.82
536828,22632,HAND WARMER RED POLKA DOT,3.0,2023-07-19 07:26:59,1.93,13007,5.79
536828,22411,JUMBO SHOPPER VINTAGE RED PAISLEY,6.0,2023-07-19 07:26:59,1.94,13007,11.64
536829,20725,LUNCH BAG RED RETROSPOT,1.0,2023-06-17 16:24:27,1.67,12792,1.67
536829,22411,JUMBO SHOPPER VINTAGE RED PAISLEY,1.0,2023-06-17 16:24:27,1.97,12792,1.97
536829,21931,JUMBO STORAGE BAG SUKI,6.0,2023-06-17 16:24:27,1.85,12792,11.1
536829,22386,JUMBO BAG PINK POLKADOT,1.0,2023-06-17 16:24:27,1.92,12792,1.92
536830,22745,POPPY'S PLAYHOUSE BEDROOM,1.0,2023-05-29 10:53:18,2.12,12682,2.12
536830,20728,LUNCH BAG CARS BLUE,2.0,2023-05-29 10:53:18,1.69,12682,3.38
536831,22383,LUNCH BAG SUKI DESIGN,1.0,2023-11-21 07:37:55,1.65,12710,1.65
536833,84029E,RED WOOLLY HOTTIE WHITE HEART.,1.0,2023-06-04 16:10:03,3.38,12878,3.38
536833,22383,LUNCH BAG SUKI DESIGN,4.0,2023-06-04 16:10:03,1.61,12878,6.44
536833,20727,LUNCH BAG BLACK SKULL.,1.0,2023-06-04 16:10:03,1.59,12878,1.59
536834,20726,LUNCH BAG WOODLAND,1.0,2023-05-18 14:44:13,1.69,12704,1.69
536834,84406B,CREAM CUPID HEARTS COAT HANGER,2.0,2023-05-18 14:44:13,2.69,12704,5.38
536834,85099B,JUMBO BAG RED RETROSPOT,6.0,2023-05-18 14:44:13,2.01,12704,12.06
536834,22745,POPPY'S PLAYHOUSE BEDROOM,2.0,2023-05-18 14:44:13,2.16,12704,4.32
536834,22411,JUMBO SHOPPER VINTAGE RED PAISLEY,2.0,2023-05-18 14:44:13,1.87,12704,3.74
536835,22749,POPPY'S PLAYHOUSE LIVINGROOM,1.0,2023-11-01 19:36:00,2.09,12877,2.09
536835,22086,PAPER CHAIN KIT 50'S CHRISTMAS,1.0,2023-11-01 19:36:00,2.5,12877,2.5
536835,71053,WHITE METAL LANTERN,1.0,2023-11-01 19:36:00,3.4,12877,3.4
536835,20728,LUNCH BAG CARS BLUE,1.0,2023-11-01 19:36:00,1.73,12877,1.73
536835,85099B,JUMBO BAG RED RETROSPOT,1.0,2023-11-01 19:36:00,1.98,12877,1.98
536835,22633,HAND WARMER UNION JACK,6.0,2023-11-01 19:36:00,1.9,12877,11.4
536836,22310,IVORY KNITTED MUG COSY,1.0,2023-09-13 20:05:45,1.71,12607,1.71
536836,84029G,KNITTED UNION FLAG HOT WATER BOTTLE,1.0,2023-09-13 20:05:45,3.44,12607,3.44
536837,22086,PAPER CHAIN KIT 50'S CHRISTMAS,1.0,2023-09-21 11:00:43,2.56,12736,2.56
536837,22310,IVORY KNITTED MUG COSY,1.0,2023-09-21 11:00:43,1.72,12736,1.72
536837,22382,LUNCH BAG SPACEBOY DESIGN,1.0,2023-09-21 11:00:43,1.66,12736,1.66
536838,22745,POPPY'S PLAYHOUSE BEDROOM,1.0,2023-07-06 15:18:38,2.07,13094,2.07
536840,85099F,JUMBO BAG STRAWBERRY,2.0,2023-07-23 17:39:16,2.05,12607,4.1
536840,85123A,WHITE HANGING HEART T-LIGHT HOLDER,6.0,2023-07-23 17:39:16,2.48,12607,14.88
536842,22632,HAND WARMER RED POLKA DOT,1.0,2023-11-11 01:47:19,1.87,12593,1.87
536842,20728,LUNCH BAG CARS BLUE,1.0,2023-11-11 01:47:19,1.62,12593,1.62
536842,71053,WHITE METAL LANTERN,2.0,2023-11-11 01:47:19,3.46,12593,6.92
536842,22086,PAPER CHAIN KIT 50'S CHRISTMAS,3.0,2023-11-11 01:47:19,2.45,12593,7.35
536842,22384,LUNCH BAG PINK POLKADOT,4.0,2023-11-11 01:47:19,1.61,12593,6.44
536843,22633,HAND WARMER UNION JACK,4.0,2023-12-01 05:23:57,1.86,12877,7.44
536843,22632,HAND WARMER RED POLKA DOT,1.0,2023-12-01 05:23:57,1.78,12877,1.78
536843,22745,POPPY'S PLAYHOUSE BEDROOM,2.0,2023-12-01 05:23:57,2.07,12877,4.14
536845,20725,LUNCH BAG RED RETROSPOT,1.0,2023-12-02 05:52:42,1.61,12821,1.61
536845,85123A,WHITE HANGING HEART T-LIGHT HOLDER,4.0,2023-12-02 05:52:42,2.46,12821,9.84
536845,47566,PARTY BUNTING,1.0,2023-12-02 05:52:42,4.82,12821,4.82
536845,85099F,JUMBO BAG STRAWBERRY,1.0,2023-12-02 05:52:42,1.85,12821,1.85
536845,22749,POPPY'S PLAYHOUSE LIVINGROOM,6.0,2023-12-02 05:52:42,2.0,12821,12.0
536846,22086,PAPER CHAIN KIT 50'S CHRISTMAS,1.0,2023-08-30 01:24:02,2.49,13061,2.49
536846,22745,POPPY'S PLAYHOUSE BEDROOM,4.0,2023-08-30 01:24:02,2.19,13061,8.76
536846,84969,BOX OF 6 ASSORTED COLOUR TEASPOONS,4.0,2023-08-30 01:24:02,4.12,13061,16.48
536846,20725,LUNCH BAG RED RETROSPOT,2.0,2023-08-30 01:24:02,1.64,13061,3.28
536847,85099F,JUMBO BAG STRAWBERRY,6.0,2023-07-13 17:04:59,2.03,13007,12.18
536847,84969,BOX OF 6 ASSORTED COLOUR TEASPOONS,1.0,2023-07-13 17:04:59,4.22,13007,4.22
536848,20727,LUNCH BAG BLACK SKULL.,2.0,2023-07-20 00:19:51,1.59,12792,3.18
536848,21730,GLASS STAR FROSTED T-LIGHT HOLDER,6.0,2023-07-20 00:19:51,4.1,12792,24.6
536848,21931,JUMBO STORAGE BAG SUKI,1.0,2023-07-20 00:19:51,2.01,12792,2.01
536848,84029G,KNITTED UNION FLAG HOT WATER BOTTLE,1.0,2023-07-20 00:19:51,3.26,12792,3.26
536848,20725,LUNCH BAG RED RETROSPOT,3.0,2023-07-20 00:19:51,1.6,12792,4.8
536849,21730,GLASS STAR FROSTED T-LIGHT HOLDER,2.0,2023-11-22 00:32:56,4.3,12878,8.6
536849,85123A,WHITE HANGING HEART T-LIGHT HOLDER,3.0,2023-11-22 00:32:56,2.47,12878,7.41
536849,20725,LUNCH BAG RED RETROSPOT,1.0,2023-11-22 00:32:56,1.58,12878,1.58
536850,71053,WHITE METAL LANTERN,3.0,2023-06-27 20:07:01,3.44,12817,10.32
536850,22382,LUNCH BAG SPACEBOY DESIGN,4.0,2023-06-27 20:07:01,1.62,12817,6.48
536850,84879,ASSORTED COLOUR BIRD ORNAMENT,1.0,2023-06-27 20:07:01,1.69,12817,1.69
536850,22632,HAND WARMER RED POLKA DOT,2.0,2023-06-27 20:07:01,1.76,12817,3.52
536850,22310,IVORY KNITTED MUG COSY,1.0,2023-06-27 20:07:01,1.62,12817,1.62
536851,22745,POPPY'S PLAYHOUSE BEDROOM,6.0,2023-11-28 09:27:23,2.08,12724,12.48
536851,21931,JUMBO STORAGE BAG SUKI,1.0,2023-11-28 09:27:23,1.99,12724,1.99
536851,22086,PAPER CHAIN KIT 50'S CHRISTMAS,4.0,2023-11-28 09:27:23,2.43,12724,9.72
536851,85099F,JUMBO BAG STRAWBERRY,3.0,2023-11-28 09:27:23,1.86,12724,5.58
536851,22382,LUNCH BAG SPACEBOY DESIGN,1.0,2023-11-28 09:27:23,1.67,12724,1.67
536852,22382,LUNCH BAG SPACEBOY DESIGN,6.0,2023-04-09 21:00:46,1.67,12878,10.02
536852,20727,LUNCH BAG BLACK SKULL.,1.0,2023-04-09 21:00:46,1.57,12878,1.57
536852,20728,LUNCH BAG CARS BLUE,2.0,2023-04-09 21:00:46,1.7,12878,3.4
536852,71053,WHITE METAL LANTERN,1.0,2023-04-09 21:00:46,3.3,12878,3.3
536853,22633,HAND WARMER UNION JACK,6.0,2023-03-31 18:06:58,1.92,12480,11.52
536853,85099B,JUMBO BAG RED RETROSPOT,1.0,2023-03-31 18:06:58,1.92,12480,1.92
536853,22086,PAPER CHAIN KIT 50'S CHRISTMAS,1.0,2023-03-31 18:06:58,2.43,12480,2.43
536853,22383,LUNCH BAG SUKI DESIGN,3.0,2023-03-31 18:06:58,1.69,12480,5.07
536853,21730,GLASS STAR FROSTED T-LIGHT HOLDER,3.0,2023-03-31 18:06:58,4.24,12480,12.72
536854,47566,PARTY BUNTING,3.0,2023-02-05 11:27:24,4.47,13051,13.41
536854,85123A,WHITE HANGING HEART T-LIGHT HOLDER,1.0,2023-02-05 11:27:24,2.47,13051,2.47
536854,20727,LUNCH BAG BLACK SKULL.,2.0,2023-02-05 11:27:24,1.66,13051,3.32
536854,84969,BOX OF 6 ASSORTED COLOUR TEASPOONS,2.0,2023-02-05 11:27:24,4.28,13051,8.56
536854,20725,LUNCH BAG RED RETROSPOT,1.0,2023-02-05 11:27:24,1.68,13051,1.68
536855,85123A,WHITE HANGING HEART T-LIGHT HOLDER,3.0,2023-10-22 21:33:49,2.56,13000,7.68
536855,22632,HAND WARMER RED POLKA DOT,2.0,2023-10-22 21:33:49,1.83,13000,3.66
536855,84969,BOX OF 6 ASSORTED COLOUR TEASPOONS,1.0,2023-10-22 21:33:49,4.25,13000,4.25
536855,22749,POPPY'S PLAYHOUSE LIVINGROOM,4.0,2023-10-22 21:33:49,2.05,13000,8.2
536855,22384,LUNCH BAG PINK POLKADOT,1.0,2023-10-22 21:33:49,1.6,13000,1.6
536855,22633,HAND WARMER UNION JACK,2.0,2023-10-22 21:33:49,1.89,13000,3.78
536856,22632,HAND WARMER RED POLKA DOT,1.0,2023-08-01 01:28:22,1.93,12500,1.93
536856,22411,JUMBO SHOPPER VINTAGE RED PAISLEY,6.0,2023-08-01 01:28:22,2.03,12500,12.18
536857,84029E,RED WOOLLY HOTTIE WHITE HEART.,3.0,2023-06-03 14:21:43,3.43,12877,10.29
536857,22382,LUNCH BAG SPACEBOY DESIGN,2.0,2023-06-03 14:21:43,1.64,12877,3.28
536857,84969,BOX OF 6 ASSORTED COLOUR TEASPOONS,3.0,2023-06-03 14:21:43,4.32,12877,12.96
536857,22411,JUMBO SHOPPER VINTAGE RED PAISLEY,4.0,2023-06-03 14:21:43,2.02,12877,8.08
536858,47566,PARTY BUNTING,3.0,2023-01-26 15:55:02,4.83,12787,14.49
536858,22386,JUMBO BAG PINK POLKADOT,1.0,2023-01-26 15:55:02,2.03,12787,2.03
536858,71053,WHITE METAL LANTERN,6.0,2023-01-26 15:55:02,3.24,12787,19.44
536859,22086,PAPER CHAIN KIT 50'S CHRISTMAS,3.0,2023-10-05 23:45:09,2.6,13056,7.8
536859,22748,POPPY'S PLAYHOUSE KITCHEN,4.0,2023-10-05 23:45:09,2.04,13056,8.16
536860,22382,LUNCH BAG SPACEBOY DESIGN,4.0,2023-07-28 09:23:20,1.64,12877,6.56
536860,20728,LUNCH BAG CARS BLUE,3.0,2023-07-28 09:23:20,1.62,12877,4.86
536860,20725,LUNCH BAG RED RETROSPOT,4.0,2023-07-28 09:23:20,1.62,12877,6.48
536860,22745,POPPY'S PLAYHOUSE BEDROOM,4.0,2023-07-28 09:23:20,2.13,12877,8.52
536860,22749,POPPY'S PLAYHOUSE LIVINGROOM,3.0,2023-07-28 09:23:20,2.04,12877,6.12
536861,85099B,JUMBO BAG RED RETROSPOT,1.0,2023-03-19 23:23:15,1.92,13061,1.92
536861,47566,PARTY BUNTING,1.0,2023-03-19 23:23:15,4.47,13061,4.47
536862,85099F,JUMBO BAG STRAWBERRY,2.0,2023-07-30 06:35:14,1.89,12877,3.78
536862,22383,LUNCH BAG SUKI DESIGN,1.0,2023-07-30 06:35:14,1.7,12877,1.7
536863,22632,HAND WARMER RED POLKA DOT,3.0,2023-11-26 19:20:45,1.85,12485,5.55
536863,22745,POPPY'S PLAYHOUSE BEDROOM,1.0,2023-11-26 19:20:45,2.07,12485,2.07
536863,22310,IVORY KNITTED MUG COSY,1.0,2023-11-26 19:20:45,1.57,12485,1.57
536865,22632,HAND WARMER RED POLKA DOT,1.0,2023-08-06 02:20:13,1.82,12877,1.82
536865,22086,PAPER CHAIN KIT 50'S CHRISTMAS,2.0,2023-08-06 02:20:13,2.44,12877,4.88
536866,21931,JUMBO STORAGE BAG SUKI,1.0,2023-06-10 17:56:54,1.96,12878,1.96
536866,22384,LUNCH BAG PINK POLKADOT,2.0,2023-06-10 17:56:54,1.72,12878,3.44
536867,22745,POPPY'S PLAYHOUSE BEDROOM,4.0,2023-10-27 11:05:40,2.11,12852,8.44
536867,85123A,WHITE HANGING HEART T-LIGHT HOLDER,1.0,2023-10-27 11:05:40,2.66,12852,2.66
536867,71053,WHITE METAL LANTERN,1.0,2023-10-27 11:05:40,3.31,12852,3.31
536867,84406B,CREAM CUPID HEARTS COAT HANGER,2.0,2023-10-27 11:05:40,2.64,12852,5.28
536867,22411,JUMBO SHOPPER VINTAGE RED PAISLEY,1.0,2023-10-27 11:05:40,2.03,12852,2.03
536867,22383,LUNCH BAG SUKI DESIGN,2.0,2023-10-27 11:05:40,1.69,12852,3.38
536868,22086,PAPER CHAIN KIT 50'S CHRISTMAS,3.0,2023-04-01 22:57:07,2.49,12515,7.47
536868,22411,JUMBO SHOPPER VINTAGE RED PAISLEY,3.0,2023-04-01 22:57:07,1.94,12515,5.82
536869,20727,LUNCH BAG BLACK SKULL.,3.0,2023-10-25 21:26:18,1.62,12819,4.86
536869,84969,BOX OF 6 ASSORTED COLOUR TEASPOONS,1.0,2023-10-25 21:26:18,4.06,12819,4.06
536869,84879,ASSORTED COLOUR BIRD ORNAMENT,4.0,2023-10-25 21:26:18,1.67,12819,6.68
536869,85099F,JUMBO BAG STRAWBERRY,2.0,2023-10-25 21:26:18,1.98,12819,3.96
536870,22749,POPPY'S PLAYHOUSE LIVINGROOM,3.0,2023-09-04 22:40:10,2.07,12366,6.21
536870,20726,LUNCH BAG WOODLAND,3.0,2023-09-04 22:40:10,1.59,12366,4.77
536870,85099B,JUMBO BAG RED RETROSPOT,4.0,2023-09-04 22:40:10,1.87,12366,7.48
536871,20728,LUNCH BAG CARS BLUE,4.0,2023-04-28 21:51:26,1.73,12792,6.92
536873,22411,JUMBO SHOPPER VINTAGE RED PAISLEY,6.0,2023-05-02 17:16:58,1.95,12691,11.7
536875,22748,POPPY'S PLAYHOUSE KITCHEN,2.0,2023-11-08 18:51:41,2.16,12737,4.32
536875,84969,BOX OF 6 ASSORTED COLOUR TEASPOONS,1.0,2023-11-08 18:51:41,4.43,12737,4.43
536875,85123A,WHITE HANGING HEART T-LIGHT HOLDER,1.0,2023-11-08 18:51:41,2.43,12737,2.43
536875,22749,POPPY'S PLAYHOUSE LIVINGROOM,2.0,2023-11-08 18:51:41,2.16,12737,4.32
536875,20726,LUNCH BAG WOODLAND,1.0,2023-11-08 18:51:41,1.64,12737,1.64
536875,22383,LUNCH BAG SUKI DESIGN,6.0,2023-11-08 18:51:41,1.67,12737,10.02
536876,20726,LUNCH BAG WOODLAND,1.0,2023-09-27 00:57:16,1.66,12889,1.66
536879,20727,LUNCH BAG BLACK SKULL.,6.0,2023-10-10 22:35:13,1.69,12877,10.14
536879,22310,IVORY KNITTED MUG COSY,3.0,2023-10-10 22:35:13,1.57,12877,4.71
536879,22383,LUNCH BAG SUKI DESIGN,4.0,2023-10-10 22:35:13,1.7,12877,6.8
536879,21931,JUMBO STORAGE BAG SUKI,1.0,2023-10-10 22:35:13,1.91,12877,1.91
536879,20726,LUNCH BAG WOODLAND,3.0,2023-10-10 22:35:13,1.58,12877,4.74
536880,85099B,JUMBO BAG RED RETROSPOT,1.0,2023-08-11 01:31:08,1.9,13051,1.9
536880,20727,LUNCH BAG BLACK SKULL.,3.0,2023-08-11 01:31:08,1.61,13051,4.83
536882,85123A,WHITE HANGING HEART T-LIGHT HOLDER,2.0,2023-09-23 21:21:33,2.58,12480,5.16
536882,22310,IVORY KNITTED MUG COSY,2.0,2023-09-23 21:21:33,1.62,12480,3.24
536883,21730,GLASS STAR FROSTED T-LIGHT HOLDER,1.0,2023-10-21 08:55:36,4.36,12878,4.36
536883,22749,POPPY'S PLAYHOUSE LIVINGROOM,1.0,2023-10-21 08:55:36,2.0,12878,2.0
536883,22382,LUNCH BAG SPACEBOY DESIGN,2.0,2023-10-21 08:55:36,1.62,12878,3.24
536883,20725,LUNCH BAG RED RETROSPOT,2.0,2023-10-21 08:55:36,1.64,12878,3.28
536883,84969,BOX OF 6 ASSORTED COLOUR TEASPOONS,1.0,2023-10-21 08:55:36,4.41,12878,4.41
536883,20726,LUNCH BAG WOODLAND,2.0,2023-10-21 08:55:36,1.68,12878,3.36
536884,22748,POPPY'S PLAYHOUSE KITCHEN,6.0,2023-07-11 20:11:50,2.03,12877,12.18
536884,85123A,WHITE HANGING HEART T-LIGHT HOLDER,3.0,2023-07-11 20:11:50,2.43,12877,7.29
536884,22386,JUMBO BAG PINK POLKADOT,2.0,2023-07-11 20:11:50,1.92,12877,3.84
536884,20725,LUNCH BAG RED RETROSPOT,1.0,2023-07-11 20:11:50,1.65,12877,1.65
536885,84029G,KNITTED UNION FLAG HOT WATER BOTTLE,6.0,2023-08-18 10:48:35,3.24,12877,19.44
536885,85099B,JUMBO BAG RED RETROSPOT,2.0,2023-08-18 10:48:35,1.96,12877,3.92
536886,21730,GLASS STAR FROSTED T-LIGHT HOLDER,1.0,2023-07-23 04:31:08,4.36,12485,4.36
536887,21931,JUMBO STORAGE BAG SUKI,2.0,2023-07-18 08:22:44,2.02,12650,4.04
536887,71053,WHITE METAL LANTERN,4.0,2023-07-18 08:22:44,3.38,12650,13.52
536887,84029E,RED WOOLLY HOTTIE WHITE HEART.,1.0,2023-07-18 08:22:44,3.31,12650,3.31
536887,84879,ASSORTED COLOUR BIRD ORNAMENT,4.0,2023-07-18 08:22:44,1.76,12650,7.04
536887,47566,PARTY BUNTING,1.0,2023-07-18 08:22:44,4.5,12650,4.5
536890,85099B,JUMBO BAG RED RETROSPOT,6.0,2023-10-22 22:18:44,1.88,12625,11.28
536891,22633,HAND WARMER UNION JACK,3.0,2023-10-31 08:57:08,1.86,12396,5.58
536891,71053,WHITE METAL LANTERN,2.0,2023-10-31 08:57:08,3.48,12396,6.96
536891,22749,POPPY'S PLAYHOUSE LIVINGROOM,2.0,2023-10-31 08:57:08,2.11,12396,4.22
536891,21730,GLASS STAR FROSTED T-LIGHT HOLDER,1.0,2023-10-31 08:57:08,4.18,12396,4.18
536893,84406B,CREAM CUPID HEARTS COAT HANGER,3.0,2023-09-15 19:03:14,2.69,12500,8.07
536893,84879,ASSORTED COLOUR BIRD ORNAMENT,4.0,2023-09-15 19:03:14,1.63,12500,6.52
536894,84406B,CREAM CUPID HEARTS COAT HANGER,1.0,2023-11-01 12:32:46,2.86,12787,2.86
536894,22633,HAND WARMER UNION JACK,2.0,2023-11-01 12:32:46,1.77,12787,3.54
536895,84406B,CREAM CUPID HEARTS COAT HANGER,1.0,2023-08-13 20:07:14,2.77,12877,2.77
536895,22386,JUMBO BAG PINK POLKADOT,1.0,2023-08-13 20:07:14,2.01,12877,2.01
536896,20727,LUNCH BAG BLACK SKULL.,1.0,2023-02-16 16:50:01,1.66,12500,1.66
536896,20726,LUNCH BAG WOODLAND,2.0,2023-02-16 16:50:01,1.6,12500,3.2
536897,22749,POPPY'S PLAYHOUSE LIVINGROOM,2.0,2023-04-17 23:37:03,2.08,12981,4.16
536898,22310,IVORY KNITTED MUG COSY,2.0,2023-07-15 00:33:46,1.59,12532,3.18
536898,22745,POPPY'S PLAYHOUSE BEDROOM,4.0,2023-07-15 00:33:46,2.13,12532,8.52
536898,22632,HAND WARMER RED POLKA DOT,1.0,2023-07-15 00:33:46,1.83,12532,1.83
536899,22086,PAPER CHAIN KIT 50'S CHRISTMAS,6.0,2023-09-18 17:42:28,2.5,12734,15.0
536899,20725,LUNCH BAG RED RETROSPOT,1.0,2023-09-18 17:42:28,1.71,12734,1.71
536899,22383,LUNCH BAG SUKI DESIGN,1.0,2023-09-18 17:42:28,1.59,12734,1.59
536902,22748,POPPY'S PLAYHOUSE KITCHEN,1.0,2023-09-08 12:04:20,2.1,12736,2.1
536902,22384,LUNCH BAG PINK POLKADOT,2.0,2023-09-08 12:04:20,1.73,12736,3.46
536902,22411,JUMBO SHOPPER VINTAGE RED PAISLEY,1.0,2023-09-08 12:04:20,1.93,12736,1.93
536902,22086,PAPER CHAIN KIT 50'S CHRISTMAS,3.0,2023-09-08 12:04:20,2.54,12736,7.62
536903,71053,WHITE METAL LANTERN,2.0,2023-05-10 10:21:30,3.39,12877,6.78
536903,20726,LUNCH BAG WOODLAND,1.0,2023-05-10 10:21:30,1.59,12877,1.59
536903,20727,LUNCH BAG BLACK SKULL.,2.0,2023-05-10 10:21:30,1.69,12877,3.38
536903,84029E,RED WOOLLY HOTTIE WHITE HEART.,1.0,2023-05-10 10:21:30,3.48,12877,3.48
536904,22632,HAND WARMER RED POLKA DOT,2.0,2023-04-24 09:24:02,1.83,12973,3.66
536904,20725,LUNCH BAG RED RETROSPOT,1.0,2023-04-24 09:24:02,1.69,12973,1.69
536904,22382,LUNCH BAG SPACEBOY DESIGN,3.0,2023-04-24 09:24:02,1.69,12973,5.07
536904,84029G,KNITTED UNION FLAG HOT WATER BOTTLE,1.0,2023-04-24 09:24:02,3.35,12973,3.35
536904,20727,LUNCH BAG BLACK SKULL.,2.0,2023-04-24 09:24:02,1.65,12973,3.3
536905,84406B,CREAM CUPID HEARTS COAT HANGER,6.0,2023-06-15 21:59:38,2.84,12960,17.04
536910,84969,BOX OF 6 ASSORTED COLOUR TEASPOONS,1.0,2023-03-19 15:53:08,4.34,12877,4.34
536911,22748,POPPY'S PLAYHOUSE KITCHEN,1.0,2023-04-30 13:12:04,2.12,12347,2.12
536912,85099F,JUMBO BAG STRAWBERRY,3.0,2023-08-26 07:52:35,1.92,12713,5.76
536913,22086,PAPER CHAIN KIT 50'S CHRISTMAS,6.0,2023-06-20 16:37:40,2.64,12877,15.84
536913,20726,LUNCH BAG WOODLAND,1.0,2023-06-20 16:37:40,1.65,12877,1.65
536913,22386,JUMBO BAG PINK POLKADOT,4.0,2023-06-20 16:37:40,2.03,12877,8.12
536913,85099B,JUMBO BAG RED RETROSPOT,1.0,2023-06-20 16:37:40,2.02,12877,2.02
536913,84879,ASSORTED COLOUR BIRD ORNAMENT,1.0,2023-06-20 16:37:40,1.68,12877,1.68
536914,22383,LUNCH BAG SUKI DESIGN,1.0,2023-09-24 15:09:28,1.7,12369,1.7
536914,22086,PAPER CHAIN KIT 50'S CHRISTMAS,3.0,2023-09-24 15:09:28,2.51,12369,7.53
536915,22632,HAND WARMER RED POLKA DOT,2.0,2023-12-03 16:07:39,1.79,12927,3.58
536917,21730,GLASS STAR FROSTED T-LIGHT HOLDER,4.0,2023-10-24 21:18:46,4.26,12379,17.04
536917,22384,LUNCH BAG PINK POLKADOT,3.0,2023-10-24 21:18:46,1.65,12379,4.95
536917,85099B,JUMBO BAG RED RETROSPOT,3.0,2023-10-24 21:18:46,2.02,12379,6.06
536918,22411,JUMBO SHOPPER VINTAGE RED PAISLEY,1.0,2023-10-22 15:57:34,1.98,12670,1.98
536918,22633,HAND WARMER UNION JACK,1.0,2023-10-22 15:57:34,1.86,12670,1.86
536918,85099B,JUMBO BAG RED RETROSPOT,1.0,2023-10-22 15:57:34,1.96,12670,1.96
536918,20726,LUNCH BAG WOODLAND,6.0,2023-10-22 15:57:34,1.58,12670,9.48
536919,22633,HAND WARMER UNION JACK,1.0,2023-06-26 13:54:00,1.76,12877,1.76
536919,20725,LUNCH BAG RED RETROSPOT,1.0,2023-06-26 13:54:00,1.68,12877,1.68
536919,22383,LUNCH BAG SUKI DESIGN,1.0,2023-06-26 13:54:00,1.69,12877,1.69
536919,22386,JUMBO BAG PINK POLKADOT,2.0,2023-06-26 13:54:00,1.86,12877,3.72
536919,22748,POPPY'S PLAYHOUSE KITCHEN,3.0,2023-06-26 13:54:00,2.01,12877,6.03
536919,22749,POPPY'S PLAYHOUSE LIVINGROOM,1.0,2023-06-26 13:54:00,2.04,12877,2.04
536920,71053,WHITE METAL LANTERN,6.0,2023-11-28 20:52:22,3.4,12877,20.4
536920,20725,LUNCH BAG RED RETROSPOT,4.0,2023-11-28 20:52:22,1.65,12877,6.6
536922,85099F,JUMBO BAG STRAWBERRY,2.0,2023-06-11 19:04:23,2.04,12877,4.08
536922,71053,WHITE METAL LANTERN,3.0,2023-06-11 19:04:23,3.41,12877,10.23
536922,85099B,JUMBO BAG RED RETROSPOT,2.0,2023-06-11 19:04:23,1.9,12877,3.8
536922,22632,HAND WARMER RED POLKA DOT,3.0,2023-06-11 19:04:23,1.81,12877,5.43
536923,84969,BOX OF 6 ASSORTED COLOUR TEASPOONS,3.0,2023-02-07 00:19:14,4.17,12791,12.51
536923,47566,PARTY BUNTING,6.0,2023-02-07 00:19:14,4.44,12791,26.64
536923,21730,GLASS STAR FROSTED T-LIGHT HOLDER,2.0,2023-02-07 00:19:14,4.27,12791,8.54
536924,20725,LUNCH BAG RED RETROSPOT,6.0,2023-08-11 22:38:16,1.57,12877,9.42
536924,21730,GLASS STAR FROSTED T-LIGHT HOLDER,3.0,2023-08-11 22:38:16,4.44,12877,13.32
536924,84029E,RED WOOLLY HOTTIE WHITE HEART.,1.0,2023-08-11 22:38:16,3.4,12877,3.4
536924,21931,JUMBO STORAGE BAG SUKI,1.0,2023-08-11 22:38:16,1.89,12877,1.89
536925,71053,WHITE METAL LANTERN,1.0,2023-10-11 14:36:00,3.4,12647,3.4
536926,22745,POPPY'S PLAYHOUSE BEDROOM,2.0,2023-07-08 19:59:30,2.07,12877,4.14
536927,47566,PARTY BUNTING,6.0,2023-08-26 18:26:51,4.78,12864,28.68
536929,20726,LUNCH BAG WOODLAND,2.0,2023-09-20 17:39:53,1.67,12758,3.34
536929,22310,IVORY KNITTED MUG COSY,6.0,2023-09-20 17:39:53,1.64,12758,9.84
536929,85099B,JUMBO BAG RED RETROSPOT,3.0,2023-09-20 17:39:53,1.91,12758,5.73
536929,22386,JUMBO BAG PINK POLKADOT,1.0,2023-09-20 17:39:53,2.03,12758,2.03
536929,21730,GLASS STAR FROSTED T-LIGHT HOLDER,1.0,2023-09-20 17:39:53,4.09,12758,4.09
536929,85123A,WHITE HANGING HEART T-LIGHT HOLDER,1.0,2023-09-20 17:39:53,2.5,12758,2.5
536930,22386,JUMBO BAG PINK POLKADOT,2.0,2023-11-03 03:59:22,1.88,12401,3.76
536930,85123A,WHITE HANGING HEART T-LIGHT HOLDER,6.0,2023-11-03 03:59:22,2.42,12401,14.52
536931,22310,IVORY KNITTED MUG COSY,6.0,2023-08-29 08:41:24,1.58,12461,9.48
536931,84969,BOX OF 6 ASSORTED COLOUR TEASPOONS,1.0,2023-08-29 08:41:24,4.17,12461,4.17
536931,22384,LUNCH BAG PINK POLKADOT,1.0,2023-08-29 08:41:24,1.72,12461,1.72
536931,20725,LUNCH BAG RED RETROSPOT,6.0,2023-08-29 08:41:24,1.67,12461,10.02
536931,84406B,CREAM CUPID HEARTS COAT HANGER,3.0,2023-08-29 08:41:24,2.8,12461,8.4
536932,22382,LUNCH BAG SPACEBOY DESIGN,2.0,2023-04-04 06:47:00,1.71,12928,3.42
536932,20727,LUNCH BAG BLACK SKULL.,6.0,2023-04-04 06:47:00,1.68,12928,10.08
536932,20726,LUNCH BAG WOODLAND,3.0,2023-04-04 06:47:00,1.67,12928,5.01
536932,20728,LUNCH BAG CARS BLUE,2.0,2023-04-04 06:47:00,1.72,12928,3.44
536933,20728,LUNCH BAG CARS BLUE,4.0,2023-11-18 03:35:17,1.6,12821,6.4
536933,22411,JUMBO SHOPPER VINTAGE RED PAISLEY,1.0,2023-11-18 03:35:17,2.03,12821,2.03
536933,84029E,RED WOOLLY HOTTIE WHITE HEART.,4.0,2023-11-18 03:35:17,3.27,12821,13.08
536934,22748,POPPY'S PLAYHOUSE KITCHEN,1.0,2023-11-13 11:07:30,2.13,12593,2.13
536934,71053,WHITE METAL LANTERN,2.0,2023-11-13 11:07:30,3.42,12593,6.84
536935,47566,PARTY BUNTING,2.0,2023-09-24 23:47:22,4.73,13007,9.46
536935,20726,LUNCH BAG WOODLAND,2.0,2023-09-24 23:47:22,1.71,13007,3.42
536935,22749,POPPY'S PLAYHOUSE LIVINGROOM,4.0,2023-09-24 23:47:22,2.11,13007,8.44
536935,21730,GLASS STAR FROSTED T-LIGHT HOLDER,6.0,2023-09-24 23:47:22,4.05,13007,24.3
536935,84029G,KNITTED UNION FLAG HOT WATER BOTTLE,1.0,2023-09-24 23:47:22,3.37,13007,3.37
536936,20727,LUNCH BAG BLACK SKULL.,4.0,2023-10-26 10:22:34,1.72,12625,6.88
536938,85099B,JUMBO BAG RED RETROSPOT,1.0,2023-04-21 09:09:38,2.04,13085,2.04
536939,20726,LUNCH BAG WOODLAND,2.0,2023-08-22 17:46:26,1.66,12651,3.32
536939,22386,JUMBO BAG PINK POLKADOT,3.0,2023-08-22 17:46:26,1.97,12651,5.91
536940,20728,LUNCH BAG CARS BLUE,2.0,2023-09-25 11:03:22,1.61,12877,3.22
536940,21730,GLASS STAR FROSTED T-LIGHT HOLDER,1.0,2023-09-25 11:03:22,4.43,12877,4.43
536941,85099F,JUMBO BAG STRAWBERRY,1.0,2023-08-23 15:21:17,1.94,12348,1.94
536941,22382,LUNCH BAG SPACEBOY DESIGN,1.0,2023-08-23 15:21:17,1.59,12348,1.59
536941,22745,POPPY'S PLAYHOUSE BEDROOM,2.0,2023-08-23 15:21:17,2.07,12348,4.14
536941,22748,POPPY'S PLAYHOUSE KITCHEN,2.0,2023-08-23 15:21:17,2.19,12348,4.38
536942,47566,PARTY BUNTING,1.0,2023-09-28 23:51:11,4.43,12537,4.43
536942,22633,HAND WARMER UNION JACK,3.0,2023-09-28 23:51:11,1.9,12537,5.7
536942,22632,HAND WARMER RED POLKA DOT,2.0,2023-09-28 23:51:11,1.93,12537,3.86
536944,22386,JUMBO BAG PINK POLKADOT,4.0,2023-12-04 00:06:40,1.91,12731,7.64
536944,84879,ASSORTED COLOUR BIRD ORNAMENT,1.0,2023-12-04 00:06:40,1.62,12731,1.62
536944,22383,LUNCH BAG SUKI DESIGN,6.0,2023-12-04 00:06:40,1.69,12731,10.14
536945,85123A,WHITE HANGING HEART T-LIGHT HOLDER,4.0,2023-05-28 10:13:55,2.65,12927,10.6
536945,22745,POPPY'S PLAYHOUSE BEDROOM,1.0,2023-05-28 10:13:55,2.18,12927,2.18
536946,22386,JUMBO BAG PINK POLKADOT,4.0,2023-09-07 02:59:28,1.95,12821,7.8
536946,22745,POPPY'S PLAYHOUSE BEDROOM,1.0,2023-09-07 02:59:28,2.0,12821,2.0
536946,20728,LUNCH BAG CARS BLUE,4.0,2023-09-07 02:59:28,1.69,12821,6.76
536946,20727,LUNCH BAG BLACK SKULL.,2.0,2023-09-07 02:59:28,1.71,12821,3.42
536947,22745,POPPY'S PLAYHOUSE BEDROOM,1.0,2023-12-06 08:05:15,2.01,12593,2.01
536947,22086,PAPER CHAIN KIT 50'S CHRISTMAS,1.0,2023-12-06 08:05:15,2.53,12593,2.53
536947,22310,IVORY KNITTED MUG COSY,1.0,2023-12-06 08:05:15,1.7,12593,1.7
536947,21730,GLASS STAR FROSTED T-LIGHT HOLDER,2.0,2023-12-06 08:05:15,4.24,12593,8.48
536947,22382,LUNCH BAG SPACEBOY DESIGN,4.0,2023-12-06 08:05:15,1.64,12593,6.56
536949,21931,JUMBO STORAGE BAG SUKI,1.0,2023-07-30 00:33:05,2.0,12877,2.0
536950,85099F,JUMBO BAG STRAWBERRY,2.0,2023-09-08 12:51:30,1.98,12810,3.96
536950,22310,IVORY KNITTED MUG COSY,1.0,2023-09-08 12:51:30,1.61,12810,1.61
536951,20727,LUNCH BAG BLACK SKULL.,1.0,2023-11-11 00:01:59,1.67,12877,1.67
536951,20725,LUNCH BAG RED RETROSPOT,1.0,2023-11-11 00:01:59,1.72,12877,1.72
536951,84879,ASSORTED COLOUR BIRD ORNAMENT,4.0,2023-11-11 00:01:59,1.61,12877,6.44
536953,22748,POPPY'S PLAYHOUSE KITCHEN,2.0,2023-09-19 23:48:57,2.16,12831,4.32
536953,84969,BOX OF 6 ASSORTED COLOUR TEASPOONS,2.0,2023-09-19 23:48:57,4.13,12831,8.26
536953,22386,JUMBO BAG PINK POLKADOT,1.0,2023-09-19 23:48:57,1.95,12831,1.95
536954,85099B,JUMBO BAG RED RETROSPOT,3.0,2023-08-15 15:18:09,1.96,13117,5.88
536954,22383,LUNCH BAG SUKI DESIGN,2.0,2023-08-15 15:18:09,1.59,13117,3.18
536954,22745,POPPY'S PLAYHOUSE BEDROOM,3.0,2023-08-15 15:18:09,2.08,13117,6.24
536954,85123A,WHITE HANGING HEART T-LIGHT HOLDER,2.0,2023-08-15 15:18:09,2.51,13117,5.02
536954,22411,JUMBO SHOPPER VINTAGE RED PAISLEY,3.0,2023-08-15 15:18:09,1.95,13117,5.85
536955,22749,POPPY'S PLAYHOUSE LIVINGROOM,4.0,2023-07-02 18:25:33,2.1,12850,8.4
536955,22632,HAND WARMER RED POLKA DOT,3.0,2023-07-02 18:25:33,1.87,12850,5.61
536955,85099B,JUMBO BAG RED RETROSPOT,1.0,2023-07-02 18:25:33,1.86,12850,1.86
536955,22386,JUMBO BAG PINK POLKADOT,2.0,2023-07-02 18:25:33,1.88,12850,3.76
536956,22086,PAPER CHAIN KIT 50'S CHRISTMAS,3.0,2023-11-07 18:27:11,2.55,12651,7.65
536956,47566,PARTY BUNTING,3.0,2023-11-07 18:27:11,4.58,12651,13.74
536956,22382,LUNCH BAG SPACEBOY DESIGN,2.0,2023-11-07 18:27:11,1.57,12651,3.14
536956,84029E,RED WOOLLY HOTTIE WHITE HEART.,6.0,2023-11-07 18:27:11,3.35,12651,20.1
536957,21931,JUMBO STORAGE BAG SUKI,3.0,2023-09-28 02:03:30,2.03,12598,6.09
536958,84969,BOX OF 6 ASSORTED COLOUR TEASPOONS,1.0,2023-09-02 19:19:30,4.42,12878,4.42
536960,85099F,JUMBO BAG STRAWBERRY,1.0,2023-11-30 17:01:37,1.86,13142,1.86
536960,20727,LUNCH BAG BLACK SKULL.,3.0,2023-11-30 17:01:37,1.72,13142,5.16
536960,21931,JUMBO STORAGE BAG SUKI,1.0,2023-11-30 17:01:37,2.01,13142,2.01
536960,22749,POPPY'S PLAYHOUSE LIVINGROOM,4.0,2023-11-30 17:01:37,2.02,13142,8.08
536960,22382,LUNCH BAG SPACEBOY DESIGN,2.0,2023-11-30 17:01:37,1.63,13142,3.26
536961,22310,IVORY KNITTED MUG COSY,2.0,2023-11-23 13:20:58,1.66,12617,3.32
536961,22632,HAND WARMER RED POLKA DOT,6.0,2023-11-23 13:20:58,1.87,12617,11.22
536961,84406B,CREAM CUPID HEARTS COAT HANGER,4.0,2023-11-23 13:20:58,2.74,12617,10.96
536962,71053,WHITE METAL LANTERN,1.0,2023-09-18 01:32:14,3.42,12572,3.42
536963,21931,JUMBO STORAGE BAG SUKI,1.0,2023-08-04 07:42:29,1.98,12868,1.98
536963,22383,LUNCH BAG SUKI DESIGN,1.0,2023-08-04 07:42:29,1.62,12868,1.62
536963,22411,JUMBO SHOPPER VINTAGE RED PAISLEY,2.0,2023-08-04 07:42:29,1.95,12868,3.9
536964,22411,JUMBO SHOPPER VINTAGE RED PAISLEY,1.0,2023-09-22 09:31:07,1.89,12610,1.89
536964,71053,WHITE METAL LANTERN,4.0,2023-09-22 09:31:07,3.5,12610,14.0
536964,84406B,CREAM CUPID HEARTS COAT HANGER,3.0,2023-09-22 09:31:07,2.84,12610,8.52
536964,22384,LUNCH BAG PINK POLKADOT,1.0,2023-09-22 09:31:07,1.72,12610,1.72
536964,22310,IVORY KNITTED MUG COSY,6.0,2023-09-22 09:31:07,1.69,12610,10.14
536965,47566,PARTY BUNTING,1.0,2023-10-18 18:33:32,4.74,12921,4.74
536966,84879,ASSORTED COLOUR BIRD ORNAMENT,2.0,2023-09-28 14:23:21,1.77,12878,3.54
536966,22310,IVORY KNITTED MUG COSY,3.0,2023-09-28 14:23:21,1.63,12878,4.89
536966,22086,PAPER CHAIN KIT 50'S CHRISTMAS,3.0,2023-09-28 14:23:21,2.45,12878,7.35
536966,22386,JUMBO BAG PINK POLKADOT,1.0,2023-09-28 14:23:21,1.99,12878,1.99
536966,85099F,JUMBO BAG STRAWBERRY,4.0,2023-09-28 14:23:21,2.05,12878,8.2
536967,85099F,JUMBO BAG STRAWBERRY,6.0,2023-08-12 03:30:31,2.02,12923,12.12
536967,22749,POPPY'S PLAYHOUSE LIVINGROOM,3.0,2023-08-12 03:30:31,2.03,12923,6.09
536967,84879,ASSORTED COLOUR BIRD ORNAMENT,1.0,2023-08-12 03:30:31,1.62,12923,1.62
536967,47566,PARTY BUNTING,2.0,2023-08-12 03:30:31,4.69,12923,9.38
536967,85099B,JUMBO BAG RED RETROSPOT,6.0,2023-08-12 03:30:31,1.91,12923,11.46
536968,22384,LUNCH BAG PINK POLKADOT,2.0,2023-06-21 04:49:15,1.65,12511,3.3
536970,21931,JUMBO STORAGE BAG SUKI,1.0,2023-08-08 10:57:51,1.97,12453,1.97
536970,85123A,WHITE HANGING HEART T-LIGHT HOLDER,2.0,2023-08-08 10:57:51,2.57,12453,5.14
536970,84029E,RED WOOLLY HOTTIE WHITE HEART.,1.0,2023-08-08 10:57:51,3.54,12453,3.54
536971,22383,LUNCH BAG SUKI DESIGN,1.0,2023-07-22 01:38:26,1.58,13131,1.58
536971,84969,BOX OF 6 ASSORTED COLOUR TEASPOONS,1.0,2023-07-22 01:38:26,4.12,13131,4.12
536971,22411,JUMBO SHOPPER VINTAGE RED PAISLEY,1.0,2023-07-22 01:38:26,1.88,13131,1.88
536974,22310,IVORY KNITTED MUG COSY,3.0,2023-05-07 00:52:40,1.64,12815,4.92
536974,84029E,RED WOOLLY HOTTIE WHITE HEART.,6.0,2023-05-07 00:52:40,3.32,12815,19.92
536976,22633,HAND WARMER UNION JACK,1.0,2023-09-05 18:00:43,1.9,12829,1.9
536976,21931,JUMBO STORAGE BAG SUKI,1.0,2023-09-05 18:00:43,1.9,12829,1.9
536976,84029E,RED WOOLLY HOTTIE WHITE HEART.,2.0,2023-09-05 18:00:43,3.39,12829,6.78
536976,22748,POPPY'S PLAYHOUSE KITCHEN,3.0,2023-09-05 18:00:43,2.06,12829,6.18
536977,84029E,RED WOOLLY HOTTIE WHITE HEART.,2.0,2023-11-11 22:02:54,3.23,12594,6.46
536977,20728,LUNCH BAG CARS BLUE,1.0,2023-11-11 22:02:54,1.71,12594,1.71
536978,20726,LUNCH BAG WOODLAND,1.0,2023-04-29 05:13:47,1.72,12757,1.72
536979,22748,POPPY'S PLAYHOUSE KITCHEN,2.0,2023-08-11 22:03:17,2.17,12460,4.34
536979,22386,JUMBO BAG PINK POLKADOT,3.0,2023-08-11 22:03:17,1.93,12460,5.79
536979,22632,HAND WARMER RED POLKA DOT,2.0,2023-08-11 22:03:17,1.76,12460,3.52
536979,20725,LUNCH BAG RED RETROSPOT,1.0,2023-08-11 22:03:17,1.61,12460,1.61
536980,84029G,KNITTED UNION FLAG HOT WATER BOTTLE,2.0,2023-01-24 02:19:37,3.28,12878,6.56
536980,20727,LUNCH BAG BLACK SKULL.,1.0,2023-01-24 02:19:37,1.61,12878,1.61
536980,22411,JUMBO SHOPPER VINTAGE RED PAISLEY,3.0,2023-01-24 02:19:37,1.87,12878,5.61
536980,84969,BOX OF 6 ASSORTED COLOUR TEASPOONS,2.0,2023-01-24 02:19:37,4.23,12878,8.46
536980,22382,LUNCH BAG SPACEBOY DESIGN,2.0,2023-01-24 02:19:37,1.61,12878,3.22
536981,22411,JUMBO SHOPPER VINTAGE RED PAISLEY,2.0,2023-11-17 09:12:51,1.92,12904,3.84
536981,47566,PARTY BUNTING,2.0,2023-11-17 09:12:51,4.79,12904,9.58
536981,22310,IVORY KNITTED MUG COSY,3.0,2023-11-17 09:12:51,1.57,12904,4.71
536981,22384,LUNCH BAG PINK POLKADOT,2.0,2023-11-17 09:12:51,1.57,12904,3.14
536983,22382,LUNCH BAG SPACEBOY DESIGN,2.0,2023-08-24 13:37:17,1.57,12511,3.14
536983,22633,HAND WARMER UNION JACK,1.0,2023-08-24 13:37:17,1.9,12511,1.9
536984,22384,LUNCH BAG PINK POLKADOT,4.0,2023-04-21 05:12:16,1.71,12825,6.84
536985,85099B,JUMBO BAG RED RETROSPOT,3.0,2023-10-30 08:16:55,1.95,12758,5.85
536985,20728,LUNCH BAG CARS BLUE,6.0,2023-10-30 08:16:55,1.69,12758,10.14
536985,22411,JUMBO SHOPPER VINTAGE RED PAISLEY,2.0,2023-10-30 08:16:55,2.01,12758,4.02
536986,84406B,CREAM CUPID HEARTS COAT HANGER,4.0,2023-09-16 22:43:14,2.78,12415,11.12
536986,20726,LUNCH BAG WOODLAND,2.0,2023-09-16 22:43:14,1.68,12415,3.36
536986,20725,LUNCH BAG RED RETROSPOT,1.0,2023-09-16 22:43:14,1.67,12415,1.67
536986,20728,LUNCH BAG CARS BLUE,2.0,2023-09-16 22:43:14,1.62,12415,3.24
536986,22086,PAPER CHAIN KIT 50'S CHRISTMAS,1.0,2023-09-16 22:43:14,2.58,12415,2.58
536987,85099B,JUMBO BAG RED RETROSPOT,2.0,2023-05-31 18:34:17,1.91,12877,3.82
536988,22382,LUNCH BAG SPACEBOY DESIGN,1.0,2023-10-07 22:54:08,1.62,12654,1.62
536988,22749,POPPY'S PLAYHOUSE LIVINGROOM,1.0,2023-10-07 22:54:08,2.02,12654,2.02
536988,21730,GLASS STAR FROSTED T-LIGHT HOLDER,1.0,2023-10-07 22:54:08,4.09,12654,4.09
536988,22632,HAND WARMER RED POLKA DOT,3.0,2023-10-07 22:54:08,1.89,12654,5.67
536990,22411,JUMBO SHOPPER VINTAGE RED PAISLEY,2.0,2023-09-23 15:24:36,1.96,12877,3.92
536990,22383,LUNCH BAG SUKI DESIGN,2.0,2023-09-23 15:24:36,1.71,12877,3.42
536990,84029E,RED WOOLLY HOTTIE WHITE HEART.,1.0,2023-09-23 15:24:36,3.29,12877,3.29
536990,85099F,JUMBO BAG STRAWBERRY,2.0,2023-09-23 15:24:36,1.93,12877,3.86
536991,22383,LUNCH BAG SUKI DESIGN,4.0,2023-07-08 14:30:59,1.61,13007,6.44
536991,22411,JUMBO SHOPPER VINTAGE RED PAISLEY,6.0,2023-07-08 14:30:59,1.86,13007,11.16
536992,22748,POPPY'S PLAYHOUSE KITCHEN,2.0,2023-02-16 00:53:34,2.15,12713,4.3
536992,84406B,CREAM CUPID HEARTS COAT HANGER,2.0,2023-02-16 00:53:34,2.8,12713,5.6
536992,22310,IVORY KNITTED MUG COSY,1.0,2023-02-16 00:53:34,1.69,12713,1.69
536992,47566,PARTY BUNTING,2.0,2023-02-16 00:53:34,4.81,12713,9.62
536993,22086,PAPER CHAIN KIT 50'S CHRISTMAS,6.0,2023-08-10 15:16:21,2.65,12593,15.9
536993,84029G,KNITTED UNION FLAG HOT WATER BOTTLE,6.0,2023-08-10 15:16:21,3.44,12593,20.64
536994,47566,PARTY BUNTING,6.0,2023-06-29 15:25:58,4.6,12736,27.6
536994,22086,PAPER CHAIN KIT 50'S CHRISTMAS,1.0,2023-06-29 15:25:58,2.46,12736,2.46
536994,71053,WHITE METAL LANTERN,2.0,2023-06-29 15:25:58,3.31,12736,6.62
536994,84406B,CREAM CUPID HEARTS COAT HANGER,1.0,2023-06-29 15:25:58,2.85,12736,2.85
536995,84029E,RED WOOLLY HOTTIE WHITE HEART.,1.0,2023-07-27 06:32:12,3.5,12923,3.5
536995,22086,PAPER CHAIN KIT 50'S CHRISTMAS,1.0,2023-07-27 06:32:12,2.54,12923,2.54
536995,71053,WHITE METAL LANTERN,2.0,2023-07-27 06:32:12,3.42,12923,6.84
536995,85123A,WHITE HANGING HEART T-LIGHT HOLDER,2.0,2023-07-27 06:32:12,2.48,12923,4.96
536996,85123A,WHITE HANGING HEART T-LIGHT HOLDER,1.0,2023-10-27 06:09:52,2.53,12347,2.53
536996,85099F,JUMBO BAG STRAWBERRY,1.0,2023-10-27 06:09:52,2.03,12347,2.03
536996,22086,PAPER CHAIN KIT 50'S CHRISTMAS,1.0,2023-10-27 06:09:52,2.62,12347,2.62
536996,22382,LUNCH BAG SPACEBOY DESIGN,1.0,2023-10-27 06:09:52,1.62,12347,1.62
536997,71053,WHITE METAL LANTERN,3.0,2023-08-27 13:28:01,3.33,12553,9.99
536997,22086,PAPER CHAIN KIT 50'S CHRISTMAS,1.0,2023-08-27 13:28:01,2.54,12553,2.54
536997,22749,POPPY'S PLAYHOUSE LIVINGROOM,2.0,2023-08-27 13:28:01,2.18,12553,4.36
536997,85099B,JUMBO BAG RED RETROSPOT,1.0,2023-08-27 13:28:01,2.03,12553,2.03
536997,22745,POPPY'S PLAYHOUSE BEDROOM,4.0,2023-08-27 13:28:01,2.15,12553,8.6
536998,22386,JUMBO BAG PINK POLKADOT,1.0,2023-07-31 19:58:01,1.92,12736,1.92
536999,20728,LUNCH BAG CARS BLUE,4.0,2023-09-26 02:13:07,1.7,12877,6.8
537000,84029G,KNITTED UNION FLAG HOT WATER BOTTLE,3.0,2023-10-02 08:44:47,3.24,12401,9.72
537000,22310,IVORY KNITTED MUG COSY,2.0,2023-10-02 08:44:47,1.64,12401,3.28
537000,84406B,CREAM CUPID HEARTS COAT HANGER,3.0,2023-10-02 08:44:47,2.62,12401,7.86
537000,71053,WHITE METAL LANTERN,2.0,2023-10-02 08:44:47,3.42,12401,6.84
537001,85123A,WHITE HANGING HEART T-LIGHT HOLDER,3.0,2023-02-18 03:15:19,2.54,12877,7.62
537002,22633,HAND WARMER UNION JACK,2.0,2023-06-30 17:20:30,1.82,12399,3.64
537002,22748,POPPY'S PLAYHOUSE KITCHEN,6.0,2023-06-30 17:20:30,2.11,12399,12.66
537002,22383,LUNCH BAG SUKI DESIGN,1.0,2023-06-30 17:20:30,1.63,12399,1.63
537002,22386,JUMBO BAG PINK POLKADOT,2.0,2023-06-30 17:20:30,1.99,12399,3.98
537002,22745,POPPY'S PLAYHOUSE BEDROOM,2.0,2023-06-30 17:20:30,2.05,12399,4.1
537003,84029E,RED WOOLLY HOTTIE WHITE HEART.,1.0,2023-07-02 08:11:43,3.26,13062,3.26
537003,20728,LUNCH BAG CARS BLUE,2.0,2023-07-02 08:11:43,1.66,13062,3.32
537003,22386,JUMBO BAG PINK POLKADOT,1.0,2023-07-02 08:11:43,1.98,13062,1.98
537004,22384,LUNCH BAG PINK POLKADOT,2.0,2023-08-02 00:01:32,1.6,12757,3.2
537004,20726,LUNCH BAG WOODLAND,4.0,2023-08-02 00:01:32,1.71,12757,6.84
537004,22632,HAND WARMER RED POLKA DOT,2.0,2023-08-02 00:01:32,1.78,12757,3.56
537004,20725,LUNCH BAG RED RETROSPOT,2.0,2023-08-02 00:01:32,1.61,12757,3.22
537004,22386,JUMBO BAG PINK POLKADOT,3.0,2023-08-02 00:01:32,1.87,12757,5.61
537004,84029G,KNITTED UNION FLAG HOT WATER BOTTLE,1.0,2023-08-02 00:01:32,3.26,12757,3.26
537005,22310,IVORY KNITTED MUG COSY,3.0,2023-10-25 01:07:14,1.72,12426,5.16
537005,84969,BOX OF 6 ASSORTED COLOUR TEASPOONS,4.0,2023-10-25 01:07:14,4.05,12426,16.2
537005,22411,JUMBO SHOPPER VINTAGE RED PAISLEY,1.0,2023-10-25 01:07:14,1.92,12426,1.92
537005,22384,LUNCH BAG PINK POLKADOT,4.0,2023-10-25 01:07:14,1.65,12426,6.6
537005,22745,POPPY'S PLAYHOUSE BEDROOM,1.0,2023-10-25 01:07:14,2.04,12426,2.04
537006,21730,GLASS STAR FROSTED T-LIGHT HOLDER,3.0,2023-07-14 16:34:11,4.44,12777,13.32
537006,22745,POPPY'S PLAYHOUSE BEDROOM,1.0,2023-07-14 16:34:11,2.04,12777,2.04
537007,22748,POPPY'S PLAYHOUSE KITCHEN,2.0,2023-05-30 10:00:55,2.14,12877,4.28
537007,84029G,KNITTED UNION FLAG HOT WATER BOTTLE,1.0,2023-05-30 10:00:55,3.43,12877,3.43
537007,22086,PAPER CHAIN KIT 50'S CHRISTMAS,4.0,2023-05-30 10:00:55,2.5,12877,10.0
537007,71053,WHITE METAL LANTERN,2.0,2023-05-30 10:00:55,3.27,12877,6.54
537008,20728,LUNCH BAG CARS BLUE,1.0,2023-06-25 05:23:54,1.7,12659,1.7
537009,22633,HAND WARMER UNION JACK,2.0,2023-09-20 18:20:17,1.85,12358,3.7
537009,71053,WHITE METAL LANTERN,1.0,2023-09-20 18:20:17,3.25,12358,3.25
537009,85099B,JUMBO BAG RED RETROSPOT,3.0,2023-09-20 18:20:17,1.91,12358,5.73
537010,21730,GLASS STAR FROSTED T-LIGHT HOLDER,1.0,2023-09-12 10:33:03,4.22,12887,4.22
537010,20726,LUNCH BAG WOODLAND,6.0,2023-09-12 10:33:03,1.67,12887,10.02
537011,85099F,JUMBO BAG STRAWBERRY,6.0,2023-03-28 20:33:07,1.95,12754,11.7
537011,20726,LUNCH BAG WOODLAND,3.0,2023-03-28 20:33:07,1.57,12754,4.71
537011,22749,POPPY'S PLAYHOUSE LIVINGROOM,2.0,2023-03-28 20:33:07,2.15,12754,4.3
537011,71053,WHITE METAL LANTERN,6.0,2023-03-28 20:33:07,3.37,12754,20.22
537011,47566,PARTY BUNTING,1.0,2023-03-28 20:33:07,4.47,12754,4.47
537012,22086,PAPER CHAIN KIT 50'S CHRISTMAS,1.0,2023-11-24 16:29:10,2.49,12877,2.49
537012,84879,ASSORTED COLOUR BIRD ORNAMENT,1.0,2023-11-24 16:29:10,1.61,12877,1.61
537012,84406B,CREAM CUPID HEARTS COAT HANGER,2.0,2023-11-24 16:29:10,2.87,12877,5.74
537012,22633,HAND WARMER UNION JACK,4.0,2023-11-24 16:29:10,1.86,12877,7.44
537013,85123A,WHITE HANGING HEART T-LIGHT HOLDER,1.0,2023-10-28 09:43:56,2.51,12389,2.51
537013,47566,PARTY BUNTING,2.0,2023-10-28 09:43:56,4.78,12389,9.56
537013,22745,POPPY'S PLAYHOUSE BEDROOM,1.0,2023-10-28 09:43:56,2.1,12389,2.1
537013,22386,JUMBO BAG PINK POLKADOT,1.0,2023-10-28 09:43:56,2.02,12389,2.02
537013,84969,BOX OF 6 ASSORTED COLOUR TEASPOONS,2.0,2023-10-28 09:43:56,4.27,12389,8.54
537014,84029E,RED WOOLLY HOTTIE WHITE HEART.,6.0,2023-07-28 09:39:15,3.3,12397,19.8
537014,22411,JUMBO SHOPPER VINTAGE RED PAISLEY,1.0,2023-07-28 09:39:15,2.01,12397,2.01
537015,85099B,JUMBO BAG RED RETROSPOT,4.0,2023-07-15 09:59:06,1.86,12877,7.44
537015,20726,LUNCH BAG WOODLAND,3.0,2023-07-15 09:59:06,1.65,12877,4.95
537015,22384,LUNCH BAG PINK POLKADOT,6.0,2023-07-15 09:59:06,1.7,12877,10.2
537017,22633,HAND WARMER UNION JACK,1.0,2023-10-19 06:15:35,1.87,12729,1.87
537017,22383,LUNCH BAG SUKI DESIGN,1.0,2023-10-19 06:15:35,1.61,12729,1.61
537017,22382,LUNCH BAG SPACEBOY DESIGN,6.0,2023-10-19 06:15:35,1.62,12729,9.72
537017,22310,IVORY KNITTED MUG COSY,1.0,2023-10-19 06:15:35,1.61,12729,1.61
537018,22386,JUMBO BAG PINK POLKADOT,1.0,2023-08-08 06:36:58,1.87,12777,1.87
537019,20726,LUNCH BAG WOODLAND,3.0,2023-04-19 10:42:12,1.71,13117,5.13
537019,85123A,WHITE HANGING HEART T-LIGHT HOLDER,3.0,2023-04-19 10:42:12,2.45,13117,7.35
537019,22386,JUMBO BAG PINK POLKADOT,6.0,2023-04-19 10:42:12,1.92,13117,11.52
537019,22632,HAND WARMER RED POLKA DOT,4.0,2023-04-19 10:42:12,1.78,13117,7.12
537019,22749,POPPY'S PLAYHOUSE LIVINGROOM,1.0,2023-04-19 10:42:12,2.16,13117,2.16
537019,22310,IVORY KNITTED MUG COSY,3.0,2023-04-19 10:42:12,1.7,13117,5.1
537021,22310,IVORY KNITTED MUG COSY,2.0,2023-06-03 05:27:10,1.66,12507,3.32
537021,22386,JUMBO BAG PINK POLKADOT,2.0,2023-06-03 05:27:10,1.93,12507,3.86
537021,22382,LUNCH BAG SPACEBOY DESIGN,3.0,2023-06-03 05:27:10,1.65,12507,4.95
537021,22633,HAND WARMER UNION JACK,3.0,2023-06-03 05:27:10,1.9,12507,5.7
537021,22411,JUMBO SHOPPER VINTAGE RED PAISLEY,1.0,2023-06-03 05:27:10,1.9,12507,1.9
537021,22748,POPPY'S PLAYHOUSE KITCHEN,4.0,2023-06-03 05:27:10,2.08,12507,8.32
537022,22310,IVORY KNITTED MUG COSY,1.0,2023-04-12 04:26:06,1.59,12500,1.59
537022,85099F,JUMBO BAG STRAWBERRY,1.0,2023-04-12 04:26:06,1.87,12500,1.87
537022,22383,LUNCH BAG SUKI DESIGN,1.0,2023-04-12 04:26:06,1.58,12500,1.58
537022,84029E,RED WOOLLY HOTTIE WHITE HEART.,2.0,2023-04-12 04:26:06,3.37,12500,6.74
537022,85099B,JUMBO BAG RED RETROSPOT,4.0,2023-04-12 04:26:06,1.88,12500,7.52
537022,22411,JUMBO SHOPPER VINTAGE RED PAISLEY,2.0,2023-04-12 04:26:06,2.03,12500,4.06
537023,22745,POPPY'S PLAYHOUSE BEDROOM,4.0,2023-10-02 01:11:59,2.06,12415,8.24
537023,21730,GLASS STAR FROSTED T-LIGHT HOLDER,1.0,2023-10-02 01:11:59,4.3,12415,4.3
537023,22310,IVORY KNITTED MUG COSY,1.0,2023-10-02 01:11:59,1.66,12415,1.66
537025,47566,PARTY BUNTING,6.0,2023-12-05 06:54:59,4.63,12877,27.78
537025,84879,ASSORTED COLOUR BIRD ORNAMENT,2.0,2023-12-05 06:54:59,1.67,12877,3.34
537025,84406B,CREAM CUPID HEARTS COAT HANGER,1.0,2023-12-05 06:54:59,2.62,12877,2.62
537025,20725,LUNCH BAG RED RETROSPOT,1.0,2023-12-05 06:54:59,1.67,12877,1.67
537025,84029E,RED WOOLLY HOTTIE WHITE HEART.,1.0,2023-12-05 06:54:59,3.46,12877,3.46
537027,71053,WHITE METAL LANTERN,1.0,2023-09-14 22:57:28,3.53,12858,3.53
537027,22384,LUNCH BAG PINK POLKADOT,1.0,2023-09-14 22:57:28,1.66,12858,1.66
537028,20725,LUNCH BAG RED RETROSPOT,4.0,2023-11-05 04:00:57,1.72,12877,6.88
537028,22384,LUNCH BAG PINK POLKADOT,2.0,2023-11-05 04:00:57,1.64,12877,3.28
537028,22633,HAND WARMER UNION JACK,2.0,2023-11-05 04:00:57,1.94,12877,3.88
537028,22748,POPPY'S PLAYHOUSE KITCHEN,6.0,2023-11-05 04:00:57,2.17,12877,13.02
537028,21730,GLASS STAR FROSTED T-LIGHT HOLDER,3.0,2023-11-05 04:00:57,4.42,12877,13.26
537029,22310,IVORY KNITTED MUG COSY,3.0,2023-10-02 23:40:46,1.65,12465,4.95
537029,22411,JUMBO SHOPPER VINTAGE RED PAISLEY,2.0,2023-10-02 23:40:46,2.02,12465,4.04
537031,22633,HAND WARMER UNION JACK,6.0,2023-09-27 03:25:19,1.83,12824,10.98
537031,84029E,RED WOOLLY HOTTIE WHITE HEART.,1.0,2023-09-27 03:25:19,3.54,12824,3.54
537031,22383,LUNCH BAG SUKI DESIGN,1.0,2023-09-27 03:25:19,1.63,12824,1.63
537031,47566,PARTY BUNTING,1.0,2023-09-27 03:25:19,4.56,12824,4.56
537031,22386,JUMBO BAG PINK POLKADOT,1.0,2023-09-27 03:25:19,1.92,12824,1.92
537032,22749,POPPY'S PLAYHOUSE LIVINGROOM,3.0,2023-12-02 23:25:38,2.02,13066,6.06
537032,22633,HAND WARMER UNION JACK,4.0,2023-12-02 23:25:38,1.91,13066,7.64
537032,22382,LUNCH BAG SPACEBOY DESIGN,6.0,2023-12-02 23:25:38,1.73,13066,10.38
537032,22384,LUNCH BAG PINK POLKADOT,1.0,2023-12-02 23:25:38,1.66,13066,1.66
537033,22411,JUMBO SHOPPER VINTAGE RED PAISLEY,1.0,2023-10-26 22:27:05,1.95,12877,1.95
537033,20728,LUNCH BAG CARS BLUE,2.0,2023-10-26 22:27:05,1.72,12877,3.44
537033,84406B,CREAM CUPID HEARTS COAT HANGER,2.0,2023-10-26 22:27:05,2.64,12877,5.28
537034,21931,JUMBO STORAGE BAG SUKI,2.0,2023-08-03 18:51:18,1.88,12739,3.76
537034,22748,POPPY'S PLAYHOUSE KITCHEN,3.0,2023-08-03 18:51:18,2.09,12739,6.27
537034,84029E,RED WOOLLY HOTTIE WHITE HEART.,2.0,2023-08-03 18:51:18,3.55,12739,7.1
537034,85099B,JUMBO BAG RED RETROSPOT,2.0,2023-08-03 18:51:18,1.94,12739,3.88
537034,22386,JUMBO BAG PINK POLKADOT,2.0,2023-08-03 18:51:18,1.86,12739,3.72
537034,22749,POPPY'S PLAYHOUSE LIVINGROOM,1.0,2023-08-03 18:51:18,2.1,12739,2.1
537035,22383,LUNCH BAG SUKI DESIGN,1.0,2023-07-02 14:55:39,1.58,12877,1.58
537036,20727,LUNCH BAG BLACK SKULL.,3.0,2023-09-07 08:28:02,1.58,12845,4.74
537037,22632,HAND WARMER RED POLKA DOT,1.0,2023-10-31 01:01:49,1.87,12486,1.87
537037,85123A,WHITE HANGING HEART T-LIGHT HOLDER,1.0,2023-10-31 01:01:49,2.5,12486,2.5
537037,85099F,JUMBO BAG STRAWBERRY,2.0,2023-10-31 01:01:49,1.99,12486,3.98
537037,84879,ASSORTED COLOUR BIRD ORNAMENT,1.0,2023-10-31 01:01:49,1.66,12486,1.66
537038,22632,HAND WARMER RED POLKA DOT,3.0,2023-05-16 02:42:59,1.78,12877,5.34
537038,22633,HAND WARMER UNION JACK,1.0,2023-05-16 02:42:59,1.89,12877,1.89
537039,22748,POPPY'S PLAYHOUSE KITCHEN,3.0,2023-09-25 12:58:25,2.14,12792,6.42
537039,85099B,JUMBO BAG RED RETROSPOT,1.0,2023-09-25 12:58:25,2.04,12792,2.04
537039,22384,LUNCH BAG PINK POLKADOT,1.0,2023-09-25 12:58:25,1.62,12792,1.62
537040,22411,JUMBO SHOPPER VINTAGE RED PAISLEY,2.0,2023-11-07 14:25:31,1.97,12362,3.94
537041,85099B,JUMBO BAG RED RETROSPOT,3.0,2023-04-07 15:09:55,1.88,13115,5.64
537041,22386,JUMBO BAG PINK POLKADOT,3.0,2023-04-07 15:09:55,1.95,13115,5.85
537041,84969,BOX OF 6 ASSORTED COLOUR TEASPOONS,1.0,2023-04-07 15:09:55,4.32,13115,4.32
537041,22411,JUMBO SHOPPER VINTAGE RED PAISLEY,4.0,2023-04-07 15:09:55,1.91,13115,7.64
537042,84406B,CREAM CUPID HEARTS COAT HANGER,1.0,2023-06-13 12:00:24,2.81,13051,2.81
537042,22310,IVORY KNITTED MUG COSY,3.0,2023-06-13 12:00:24,1.61,13051,4.83
537042,22386,JUMBO BAG PINK POLKADOT,3.0,2023-06-13 12:00:24,1.87,13051,5.61
537044,47566,PARTY BUNTING,1.0,2023-07-07 07:57:54,4.76,12877,4.76
537044,22749,POPPY'S PLAYHOUSE LIVINGROOM,2.0,2023-07-07 07:57:54,2.09,12877,4.18
537044,84029E,RED WOOLLY HOTTIE WHITE HEART.,3.0,2023-07-07 07:57:54,3.28,12877,9.84
537045,22632,HAND WARMER RED POLKA DOT,6.0,2023-10-15 00:38:46,1.84,12821,11.04
537045,21931,JUMBO STORAGE BAG SUKI,2.0,2023-10-15 00:38:46,1.89,12821,3.78
537045,20726,LUNCH BAG WOODLAND,3.0,2023-10-15 00:38:46,1.59,12821,4.77
537046,22310,IVORY KNITTED MUG COSY,2.0,2023-08-04 21:57:04,1.71,12704,3.42
537047,71053,WHITE METAL LANTERN,6.0,2023-08-05 02:47:10,3.51,13007,21.06
537047,22310,IVORY KNITTED MUG COSY,1.0,2023-08-05 02:47:10,1.59,13007,1.59
537047,22386,JUMBO BAG PINK POLKADOT,1.0,2023-08-05 02:47:10,1.96,13007,1.96
537048,22745,POPPY'S PLAYHOUSE BEDROOM,2.0,2023-11-01 17:22:41,2.14,12823,4.28
537048,85099F,JUMBO BAG STRAWBERRY,2.0,2023-11-01 17:22:41,1.96,12823,3.92
537048,22411,JUMBO SHOPPER VINTAGE RED PAISLEY,6.0,2023-11-01 17:22:41,1.97,12823,11.82
537048,22384,LUNCH BAG PINK POLKADOT,2.0,2023-11-01 17:22:41,1.71,12823,3.42
537049,22748,POPPY'S PLAYHOUSE KITCHEN,2.0,2023-03-05 22:57:09,2.16,12793,4.32
537049,84969,BOX OF 6 ASSORTED COLOUR TEASPOONS,1.0,2023-03-05 22:57:09,4.17,12793,4.17
537049,22310,IVORY KNITTED MUG COSY,2.0,2023-03-05 22:57:09,1.63,12793,3.26
537050,85099B,JUMBO BAG RED RETROSPOT,2.0,2023-10-02 09:13:33,1.88,12644,3.76
537051,84029E,RED WOOLLY HOTTIE WHITE HEART.,4.0,2023-10-30 01:24:31,3.36,12607,13.44
537051,22411,JUMBO SHOPPER VINTAGE RED PAISLEY,6.0,2023-10-30 01:24:31,2.03,12607,12.18
537052,85123A,WHITE HANGING HEART T-LIGHT HOLDER,6.0,2023-10-26 22:33:10,2.63,12355,15.78
537052,22633,HAND WARMER UNION JACK,2.0,2023-10-26 22:33:10,1.94,12355,3.88
537052,85099F,JUMBO BAG STRAWBERRY,3.0,2023-10-26 22:33:10,2.02,12355,6.06
537053,84406B,CREAM CUPID HEARTS COAT HANGER,3.0,2023-07-23 04:39:05,2.77,12682,8.31
537053,84969,BOX OF 6 ASSORTED COLOUR TEASPOONS,1.0,2023-07-23 04:39:05,4.3,12682,4.3
537054,84406B,CREAM CUPID HEARTS COAT HANGER,1.0,2023-12-07 01:21:46,2.78,12758,2.78
537055,22411,JUMBO SHOPPER VINTAGE RED PAISLEY,4.0,2023-08-07 21:30:42,2.02,12791,8.08
537055,22384,LUNCH BAG PINK POLKADOT,4.0,2023-08-07 21:30:42,1.67,12791,6.68
537055,84879,ASSORTED COLOUR BIRD ORNAMENT,1.0,2023-08-07 21:30:42,1.61,12791,1.61
537055,84029E,RED WOOLLY HOTTIE WHITE HEART.,4.0,2023-08-07 21:30:42,3.56,12791,14.24
537056,84969,BOX OF 6 ASSORTED COLOUR TEASPOONS,1.0,2023-10-13 05:19:30,4.29,12758,4.29
537056,22310,IVORY KNITTED MUG COSY,1.0,2023-10-13 05:19:30,1.61,12758,1.61
537056,84029E,RED WOOLLY HOTTIE WHITE HEART.,4.0,2023-10-13 05:19:30,3.23,12758,12.92
537056,22382,LUNCH BAG SPACEBOY DESIGN,6.0,2023-10-13 05:19:30,1.62,12758,9.72
537056,22632,HAND WARMER RED POLKA DOT,1.0,2023-10-13 05:19:30,1.82,12758,1.82
537057,21931,JUMBO STORAGE BAG SUKI,1.0,2023-09-28 01:01:36,1.91,12877,1.91
537057,20726,LUNCH BAG WOODLAND,6.0,2023-09-28 01:01:36,1.6,12877,9.6
537057,20728,LUNCH BAG CARS BLUE,2.0,2023-09-28 01:01:36,1.71,12877,3.42
537057,20725,LUNCH BAG RED RETROSPOT,2.0,2023-09-28 01:01:36,1.72,12877,3.44
537058,85099F,JUMBO BAG STRAWBERRY,2.0,2023-07-24 16:46:47,2.05,12485,4.1
537058,20725,LUNCH BAG RED RETROSPOT,2.0,2023-07-24 16:46:47,1.58,12485,3.16
537058,85099B,JUMBO BAG RED RETROSPOT,4.0,2023-07-24 16:46:47,2.0,12485,8.0
537059,22633,HAND WARMER UNION JACK,6.0,2023-04-24 00:48:12,1.94,12591,11.64
537059,84029G,KNITTED UNION FLAG HOT WATER BOTTLE,3.0,2023-04-24 00:48:12,3.28,12591,9.84
537059,21931,JUMBO STORAGE BAG SUKI,3.0,2023-04-24 00:48:12,1.94,12591,5.82
537059,47566,PARTY BUNTING,3.0,2023-04-24 00:48:12,4.51,12591,13.53
537059,22632,HAND WARMER RED POLKA DOT,2.0,2023-04-24 00:48:12,1.84,12591,3.68
537059,71053,WHITE METAL LANTERN,6.0,2023-04-24 00:48:12,3.34,12591,20.04
537060,22086,PAPER CHAIN KIT 50'S CHRISTMAS,1.0,2023-09-27 04:15:51,2.59,13021,2.59
537062,22383,LUNCH BAG SUKI DESIGN,3.0,2023-06-22 21:33:33,1.57,12991,4.71
537063,22632,HAND WARMER RED POLKA DOT,2.0,2023-08-10 12:10:55,1.86,12864,3.72
537064,21931,JUMBO STORAGE BAG SUKI,3.0,2023-08-20 07:48:07,1.87,12610,5.61
537064,84879,ASSORTED COLOUR BIRD ORNAMENT,1.0,2023-08-20 07:48:07,1.66,12610,1.66
537064,20727,LUNCH BAG BLACK SKULL.,2.0,2023-08-20 07:48:07,1.63,12610,3.26
537064,22632,HAND WARMER RED POLKA DOT,1.0,2023-08-20 07:48:07,1.79,12610,1.79
537064,84969,BOX OF 6 ASSORTED COLOUR TEASPOONS,2.0,2023-08-20 07:48:07,4.33,12610,8.66
537064,20728,LUNCH BAG CARS BLUE,1.0,2023-08-20 07:48:07,1.68,12610,1.68
537065,84969,BOX OF 6 ASSORTED COLOUR TEASPOONS,4.0,2023-03-30 07:10:15,4.27,12877,17.08
537066,22632,HAND WARMER RED POLKA DOT,1.0,2023-07-07 08:48:34,1.92,13138,1.92
537067,20727,LUNCH BAG BLACK SKULL.,2.0,2023-10-14 06:33:27,1.62,13021,3.24
537068,85099B,JUMBO BAG RED RETROSPOT,1.0,2023-11-12 21:01:40,1.91,12877,1.91
537068,84879,ASSORTED COLOUR BIRD ORNAMENT,1.0,2023-11-12 21:01:40,1.77,12877,1.77
537068,85123A,WHITE HANGING HEART T-LIGHT HOLDER,3.0,2023-11-12 21:01:40,2.65,12877,7.95
537068,22745,POPPY'S PLAYHOUSE BEDROOM,1.0,2023-11-12 21:01:40,2.19,12877,2.19
537068,22632,HAND WARMER RED POLKA DOT,1.0,2023-11-12 21:01:40,1.8,12877,1.8
537069,21730,GLASS STAR FROSTED T-LIGHT HOLDER,6.0,2023-07-07 21:20:28,4.23,12467,25.38
537071,20728,LUNCH BAG CARS BLUE,2.0,2023-07-10 21:33:56,1.6,12964,3.2
537071,21730,GLASS STAR FROSTED T-LIGHT HOLDER,2.0,2023-07-10 21:33:56,4.38,12964,8.76
537071,84029E,RED WOOLLY HOTTIE WHITE HEART.,3.0,2023-07-10 21:33:56,3.3,12964,9.9
537071,22633,HAND WARMER UNION JACK,4.0,2023-07-10 21:33:56,1.78,12964,7.12
537071,21931,JUMBO STORAGE BAG SUKI,4.0,2023-07-10 21:33:56,2.03,12964,8.12
537072,20726,LUNCH BAG WOODLAND,1.0,2023-01-24 15:52:27,1.69,12791,1.69
537072,22386,JUMBO BAG PINK POLKADOT,3.0,2023-01-24 15:52:27,2.01,12791,6.03
537072,84969,BOX OF 6 ASSORTED COLOUR TEASPOONS,1.0,2023-01-24 15:52:27,4.43,12791,4.43
537073,22745,POPPY'S PLAYHOUSE BEDROOM,3.0,2023-08-29 18:37:51,2.2,12415,6.6
537073,22386,JUMBO BAG PINK POLKADOT,2.0,2023-08-29 18:37:51,1.92,12415,3.84
537073,47566,PARTY BUNTING,1.0,2023-08-29 18:37:51,4.73,12415,4.73
537073,20728,LUNCH BAG CARS BLUE,6.0,2023-08-29 18:37:51,1.63,12415,9.78
537074,84969,BOX OF 6 ASSORTED COLOUR TEASPOONS,1.0,2023-10-02 10:06:52,4.18,12528,4.18
537074,22086,PAPER CHAIN KIT 50'S CHRISTMAS,2.0,2023-10-02 10:06:52,2.46,12528,4.92
537074,20727,LUNCH BAG BLACK SKULL.,4.0,2023-10-02 10:06:52,1.73,12528,6.92
537074,84029E,RED WOOLLY HOTTIE WHITE HEART.,1.0,2023-10-02 10:06:52,3.33,12528,3.33
537075,22411,JUMBO SHOPPER VINTAGE RED PAISLEY,3.0,2023-11-26 15:11:04,1.89,12537,5.67
537076,85099F,JUMBO BAG STRAWBERRY,3.0,2023-10-20 03:32:01,2.01,12877,6.03
537076,20726,LUNCH BAG WOODLAND,4.0,2023-10-20 03:32:01,1.59,12877,6.36
537076,85099B,JUMBO BAG RED RETROSPOT,1.0,2023-10-20 03:32:01,2.03,12877,2.03
537077,20728,LUNCH BAG CARS BLUE,2.0,2023-10-27 15:38:43,1.61,12736,3.22
537077,22749,POPPY'S PLAYHOUSE LIVINGROOM,2.0,2023-10-27 15:38:43,2.06,12736,4.12
537078,22383,LUNCH BAG SUKI DESIGN,6.0,2023-03-12 13:19:00,1.57,13106,9.42
537078,84969,BOX OF 6 ASSORTED COLOUR TEASPOONS,2.0,2023-03-12 13:19:00,4.12,13106,8.24
537078,21931,JUMBO STORAGE BAG SUKI,2.0,2023-03-12 13:19:00,1.87,13106,3.74
537078,22086,PAPER CHAIN KIT 50'S CHRISTMAS,2.0,2023-03-12 13:19:00,2.65,13106,5.3
537079,84406B,CREAM CUPID HEARTS COAT HANGER,2.0,2023-07-15 10:04:48,2.7,12379,5.4
537080,22633,HAND WARMER UNION JACK,1.0,2023-12-04 04:34:33,1.84,12616,1.84
537080,20728,LUNCH BAG CARS BLUE,2.0,2023-12-04 04:34:33,1.68,12616,3.36
537080,20727,LUNCH BAG BLACK SKULL.,6.0,2023-12-04 04:34:33,1.72,12616,10.32
537080,22383,LUNCH BAG SUKI DESIGN,2.0,2023-12-04 04:34:33,1.66,12616,3.32
537080,20725,LUNCH BAG RED RETROSPOT,1.0,2023-12-04 04:34:33,1.65,12616,1.65
537080,22384,LUNCH BAG PINK POLKADOT,1.0,2023-12-04 04:34:33,1.7,12616,1.7
537081,84029E,RED WOOLLY HOTTIE WHITE HEART.,6.0,2023-03-25 19:21:24,3.39,12877,20.34
537081,85099F,JUMBO BAG STRAWBERRY,1.0,2023-03-25 19:21:24,1.92,12877,1.92
537081,22086,PAPER CHAIN KIT 50'S CHRISTMAS,4.0,2023-03-25 19:21:24,2.46,12877,9.84
537081,84406B,CREAM CUPID HEARTS COAT HANGER,1.0,2023-03-25 19:21:24,2.77,12877,2.77
537082,22745,POPPY'S PLAYHOUSE BEDROOM,2.0,2023-03-07 04:14:57,2.06,12965,4.12
537082,84969,BOX OF 6 ASSORTED COLOUR TEASPOONS,1.0,2023-03-07 04:14:57,4.22,12965,4.22
537082,22384,LUNCH BAG PINK POLKADOT,2.0,2023-03-07 04:14:57,1.61,12965,3.22
537083,22632,HAND WARMER RED POLKA DOT,3.0,2023-07-12 01:16:59,1.76,12607,5.28
537083,20727,LUNCH BAG BLACK SKULL.,1.0,2023-07-12 01:16:59,1.58,12607,1.58
537083,22745,POPPY'S PLAYHOUSE BEDROOM,4.0,2023-07-12 01:16:59,2.08,12607,8.32
537084,85099F,JUMBO BAG STRAWBERRY,2.0,2023-10-26 08:25:56,2.03,13021,4.06
537085,85099F,JUMBO BAG STRAWBERRY,1.0,2023-04-22 08:25:25,1.94,12734,1.94
537085,22633,HAND WARMER UNION JACK,2.0,2023-04-22 08:25:25,1.82,12734,3.64
537085,84406B,CREAM CUPID HEARTS COAT HANGER,1.0,2023-04-22 08:25:25,2.63,12734,2.63
537085,22383,LUNCH BAG SUKI DESIGN,1.0,2023-04-22 08:25:25,1.6,12734,1.6
537085,84879,ASSORTED COLOUR BIRD ORNAMENT,6.0,2023-04-22 08:25:25,1.76,12734,10.56
537086,71053,WHITE METAL LANTERN,4.0,2023-05-20 18:36:58,3.5,12415,14.0
537086,22310,IVORY KNITTED MUG COSY,1.0,2023-05-20 18:36:58,1.64,12415,1.64
537086,22748,POPPY'S PLAYHOUSE KITCHEN,1.0,2023-05-20 18:36:58,2.12,12415,2.12
537087,22633,HAND WARMER UNION JACK,3.0,2023-10-06 05:24:26,1.84,12773,5.52
537087,22382,LUNCH BAG SPACEBOY DESIGN,6.0,2023-10-06 05:24:26,1.63,12773,9.78
537087,22384,LUNCH BAG PINK POLKADOT,1.0,2023-10-06 05:24:26,1.69,12773,1.69
537087,22632,HAND WARMER RED POLKA DOT,1.0,2023-10-06 05:24:26,1.8,12773,1.8
537087,84029G,KNITTED UNION FLAG HOT WATER BOTTLE,6.0,2023-10-06 05:24:26,3.42,12773,20.52
537087,84029E,RED WOOLLY HOTTIE WHITE HEART.,4.0,2023-10-06 05:24:26,3.36,12773,13.44
537088,84029G,KNITTED UNION FLAG HOT WATER BOTTLE,3.0,2023-10-28 04:00:43,3.44,12877,10.32
537088,22749,POPPY'S PLAYHOUSE LIVINGROOM,3.0,2023-10-28 04:00:43,2.07,12877,6.21
537088,22383,LUNCH BAG SUKI DESIGN,2.0,2023-10-28 04:00:43,1.69,12877,3.38
537088,47566,PARTY BUNTING,1.0,2023-10-28 04:00:43,4.44,12877,4.44
537088,21730,GLASS STAR FROSTED T-LIGHT HOLDER,6.0,2023-10-28 04:00:43,4.34,12877,26.04
537088,22310,IVORY KNITTED MUG COSY,1.0,2023-10-28 04:00:43,1.62,12877,1.62
537089,85099F,JUMBO BAG STRAWBERRY,4.0,2023-08-24 06:44:52,2.02,12557,8.08
537089,84029G,KNITTED UNION FLAG HOT WATER BOTTLE,4.0,2023-08-24 06:44:52,3.45,12557,13.8
537090,84029E,RED WOOLLY HOTTIE WHITE HEART.,1.0,2023-11-20 12:06:28,3.29,12877,3.29
537091,20725,LUNCH BAG RED RETROSPOT,1.0,2023-05-21 18:33:04,1.72,12496,1.72
537092,22386,JUMBO BAG PINK POLKADOT,2.0,2023-05-23 05:53:48,2.04,12754,4.08
537094,84029G,KNITTED UNION FLAG HOT WATER BOTTLE,2.0,2023-06-03 04:51:42,3.52,12485,7.04
537094,84406B,CREAM CUPID HEARTS COAT HANGER,2.0,2023-06-03 04:51:42,2.83,12485,5.66
537094,22745,POPPY'S PLAYHOUSE BEDROOM,3.0,2023-06-03 04:51:42,2.06,12485,6.18
537095,21730,GLASS STAR FROSTED T-LIGHT HOLDER,4.0,2023-09-12 04:19:04,4.23,12413,16.92
537095,22384,LUNCH BAG PINK POLKADOT,4.0,2023-09-12 04:19:04,1.63,12413,6.52
537095,20727,LUNCH BAG BLACK SKULL.,2.0,2023-09-12 04:19:04,1.71,12413,3.42
537095,85099B,JUMBO BAG RED RETROSPOT,1.0,2023-09-12 04:19:04,1.88,12413,1.88
537095,85099F,JUMBO BAG STRAWBERRY,3.0,2023-09-12 04:19:04,1.89,12413,5.67
537097,84029G,KNITTED UNION FLAG HOT WATER BOTTLE,1.0,2023-08-29 19:09:45,3.22,12844,3.22
537097,22382,LUNCH BAG SPACEBOY DESIGN,1.0,2023-08-29 19:09:45,1.59,12844,1.59
537098,21730,GLASS STAR FROSTED T-LIGHT HOLDER,1.0,2023-06-24 02:24:46,4.37,13024,4.37
537099,20726,LUNCH BAG WOODLAND,1.0,2023-09-11 16:09:35,1.71,12529,1.71
537099,22411,JUMBO SHOPPER VINTAGE RED PAISLEY,2.0,2023-09-11 16:09:35,1.89,12529,3.78
537099,20728,LUNCH BAG CARS BLUE,1.0,2023-09-11 16:09:35,1.64,12529,1.64
537100,21931,JUMBO STORAGE BAG SUKI,3.0,2023-10-07 08:30:47,1.91,12472,5.73
537100,22745,POPPY'S PLAYHOUSE BEDROOM,1.0,2023-10-07 08:30:47,2.12,12472,2.12
537101,22411,JUMBO SHOPPER VINTAGE RED PAISLEY,3.0,2023-05-16 20:34:26,1.93,13131,5.79
537101,20725,LUNCH BAG RED RETROSPOT,2.0,2023-05-16 20:34:26,1.67,13131,3.34
537101,21931,JUMBO STORAGE BAG SUKI,1.0,2023-05-16 20:34:26,1.97,13131,1.97
537101,85099B,JUMBO BAG RED RETROSPOT,1.0,2023-05-16 20:34:26,2.02,13131,2.02
537101,84969,BOX OF 6 ASSORTED COLOUR TEASPOONS,2.0,2023-05-16 20:34:26,4.07,13131,8.14
537101,84029G,KNITTED UNION FLAG HOT WATER BOTTLE,1.0,2023-05-16 20:34:26,3.41,13131,3.41
537102,85123A,WHITE HANGING HEART T-LIGHT HOLDER,1.0,2023-05-24 17:44:11,2.45,12380,2.45
537102,22749,POPPY'S PLAYHOUSE LIVINGROOM,1.0,2023-05-24 17:44:11,2.01,12380,2.01
537103,71053,WHITE METAL LANTERN,1.0,2023-06-10 10:16:15,3.45,12877,3.45
537103,20725,LUNCH BAG RED RETROSPOT,1.0,2023-06-10 10:16:15,1.72,12877,1.72
537103,22384,LUNCH BAG PINK POLKADOT,3.0,2023-06-10 10:16:15,1.73,12877,5.19
537104,20726,LUNCH BAG WOODLAND,1.0,2023-04-05 13:55:19,1.65,13077,1.65
537104,84029E,RED WOOLLY HOTTIE WHITE HEART.,1.0,2023-04-05 13:55:19,3.51,13077,3.51
537104,22383,LUNCH BAG SUKI DESIGN,1.0,2023-04-05 13:55:19,1.71,13077,1.71
537104,84969,BOX OF 6 ASSORTED COLOUR TEASPOONS,2.0,2023-04-05 13:55:19,4.39,13077,8.78
537105,22632,HAND WARMER RED POLKA DOT,6.0,2023-11-04 14:41:36,1.78,12877,10.68
537106,20727,LUNCH BAG BLACK SKULL.,3.0,2023-06-12 01:29:58,1.65,12591,4.95
537106,84406B,CREAM CUPID HEARTS COAT HANGER,1.0,2023-06-12 01:29:58,2.68,12591,2.68
537106,85123A,WHITE HANGING HEART T-LIGHT HOLDER,1.0,2023-06-12 01:29:58,2.43,12591,2.43
537107,20728,LUNCH BAG CARS BLUE,2.0,2023-08-24 21:38:32,1.62,13095,3.24
537107,22745,POPPY'S PLAYHOUSE BEDROOM,3.0,2023-08-24 21:38:32,2.14,13095,6.42
537108,85099B,JUMBO BAG RED RETROSPOT,4.0,2023-11-23 00:31:13,1.87,12877,7.48
537108,21730,GLASS STAR FROSTED T-LIGHT HOLDER,2.0,2023-11-23 00:31:13,4.28,12877,8.56
537109,22632,HAND WARMER RED POLKA DOT,6.0,2023-06-30 02:47:42,1.85,13058,11.1
537109,22384,LUNCH BAG PINK POLKADOT,1.0,2023-06-30 02:47:42,1.6,13058,1.6
537110,22384,LUNCH BAG PINK POLKADOT,6.0,2023-10-09 23:09:34,1.69,12353,10.14
537110,22383,LUNCH BAG SUKI DESIGN,1.0,2023-10-09 23:09:34,1.68,12353,1.68
537110,71053,WHITE METAL LANTERN,4.0,2023-10-09 23:09:34,3.41,12353,13.64
537110,84879,ASSORTED COLOUR BIRD ORNAMENT,4.0,2023-10-09 23:09:34,1.65,12353,6.6
537110,21931,JUMBO STORAGE BAG SUKI,2.0,2023-10-09 23:09:34,1.86,12353,3.72
537111,22632,HAND WARMER RED POLKA DOT,6.0,2023-01-20 16:30:17,1.85,13093,11.1
537111,20725,LUNCH BAG RED RETROSPOT,2.0,2023-01-20 16:30:17,1.6,13093,3.2
537111,84029G,KNITTED UNION FLAG HOT WATER BOTTLE,2.0,2023-01-20 16:30:17,3.37,13093,6.74
537111,22384,LUNCH BAG PINK POLKADOT,2.0,2023-01-20 16:30:17,1.72,13093,3.44
537111,85123A,WHITE HANGING HEART T-LIGHT HOLDER,6.0,2023-01-20 16:30:17,2.65,13093,15.9
537112,84406B,CREAM CUPID HEARTS COAT HANGER,4.0,2023-05-05 11:50:31,2.81,12877,11.24
537112,22632,HAND WARMER RED POLKA DOT,4.0,2023-05-05 11:50:31,1.9,12877,7.6
537113,22748,POPPY'S PLAYHOUSE KITCHEN,1.0,2023-09-22 11:27:24,2.07,12854,2.07
537113,22382,LUNCH BAG SPACEBOY DESIGN,6.0,2023-09-22 11:27:24,1.67,12854,10.02
537113,47566,PARTY BUNTING,4.0,2023-09-22 11:27:24,4.78,12854,19.12
537113,21730,GLASS STAR FROSTED T-LIGHT HOLDER,3.0,2023-09-22 11:27:24,4.23,12854,12.69
537113,84969,BOX OF 6 ASSORTED COLOUR TEASPOONS,1.0,2023-09-22 11:27:24,4.11,12854,4.11
537113,84406B,CREAM CUPID HEARTS COAT HANGER,4.0,2023-09-22 11:27:24,2.85,12854,11.4
537114,71053,WHITE METAL LANTERN,4.0,2023-09-28 07:08:42,3.5,12587,14.0
537114,22411,JUMBO SHOPPER VINTAGE RED PAISLEY,4.0,2023-09-28 07:08:42,1.97,12587,7.88
537115,22411,JUMBO SHOPPER VINTAGE RED PAISLEY,2.0,2023-11-08 17:55:16,1.98,12532,3.96
537115,22745,POPPY'S PLAYHOUSE BEDROOM,4.0,2023-11-08 17:55:16,2.05,12532,8.2
537115,22310,IVORY KNITTED MUG COSY,1.0,2023-11-08 17:55:16,1.57,12532,1.57
537115,22384,LUNCH BAG PINK POLKADOT,4.0,2023-11-08 17:55:16,1.57,12532,6.28
537115,22749,POPPY'S PLAYHOUSE LIVINGROOM,1.0,2023-11-08 17:55:16,2.09,12532,2.09
537117,84406B,CREAM CUPID HEARTS COAT HANGER,1.0,2023-03-04 00:55:11,2.81,13051,2.81
537118,22086,PAPER CHAIN KIT 50'S CHRISTMAS,1.0,2023-09-23 02:17:39,2.49,12877,2.49
537119,22749,POPPY'S PLAYHOUSE LIVINGROOM,1.0,2023-02-24 21:28:26,2.02,12877,2.02
537119,84406B,CREAM CUPID HEARTS COAT HANGER,2.0,2023-02-24 21:28:26,2.77,12877,5.54
537120,22086,PAPER CHAIN KIT 50'S CHRISTMAS,3.0,2023-05-16 08:48:48,2.54,12591,7.62
537120,20727,LUNCH BAG BLACK SKULL.,2.0,2023-05-16 08:48:48,1.71,12591,3.42
537120,20728,LUNCH BAG CARS BLUE,1.0,2023-05-16 08:48:48,1.64,12591,1.64
537120,22310,IVORY KNITTED MUG COSY,1.0,2023-05-16 08:48:48,1.58,12591,1.58
537121,20728,LUNCH BAG CARS BLUE,1.0,2023-07-19 15:53:02,1.58,12773,1.58
537121,84029G,KNITTED UNION FLAG HOT WATER BOTTLE,1.0,2023-07-19 15:53:02,3.42,12773,3.42
537121,84029E,RED WOOLLY HOTTIE WHITE HEART.,1.0,2023-07-19 15:53:02,3.25,12773,3.25
537121,22745,POPPY'S PLAYHOUSE BEDROOM,3.0,2023-07-19 15:53:02,2.19,12773,6.57
537122,84029G,KNITTED UNION FLAG HOT WATER BOTTLE,3.0,2023-05-07 04:20:57,3.24,12704,9.72
537122,20727,LUNCH BAG BLACK SKULL.,1.0,2023-05-07 04:20:57,1.65,12704,1.65
537122,22748,POPPY'S PLAYHOUSE KITCHEN,2.0,2023-05-07 04:20:57,2.19,12704,4.38
537122,22749,POPPY'S PLAYHOUSE LIVINGROOM,3.0,2023-05-07 04:20:57,2.04,12704,6.12
537123,85123A,WHITE HANGING HEART T-LIGHT HOLDER,1.0,2023-10-26 08:33:51,2.65,12864,2.65
537124,22633,HAND WARMER UNION JACK,6.0,2023-11-13 01:34:01,1.9,13123,11.4
537124,22310,IVORY KNITTED MUG COSY,1.0,2023-11-13 01:34:01,1.59,13123,1.59
537124,21730,GLASS STAR FROSTED T-LIGHT HOLDER,1.0,2023-11-13 01:34:01,4.23,13123,4.23
537124,22749,POPPY'S PLAYHOUSE LIVINGROOM,4.0,2023-11-13 01:34:01,2.13,13123,8.52
537125,47566,PARTY BUNTING,1.0,2023-08-06 18:10:00,4.66,12408,4.66
537125,20728,LUNCH BAG CARS BLUE,3.0,2023-08-06 18:10:00,1.71,12408,5.13
537127,84029G,KNITTED UNION FLAG HOT WATER BOTTLE,2.0,2023-07-17 15:46:35,3.47,12877,6.94
537127,85099B,JUMBO BAG RED RETROSPOT,2.0,2023-07-17 15:46:35,1.92,12877,3.84
537127,84879,ASSORTED COLOUR BIRD ORNAMENT,3.0,2023-07-17 15:46:35,1.73,12877,5.19
537127,22386,JUMBO BAG PINK POLKADOT,1.0,2023-07-17 15:46:35,2.0,12877,2.0
537130,22745,POPPY'S PLAYHOUSE BEDROOM,2.0,2023-05-25 10:33:59,2.04,12882,4.08
537130,84406B,CREAM CUPID HEARTS COAT HANGER,6.0,2023-05-25 10:33:59,2.88,12882,17.28
537130,85099B,JUMBO BAG RED RETROSPOT,2.0,2023-05-25 10:33:59,2.05,12882,4.1
537130,22411,JUMBO SHOPPER VINTAGE RED PAISLEY,4.0,2023-05-25 10:33:59,2.04,12882,8.16
537130,84969,BOX OF 6 ASSORTED COLOUR TEASPOONS,2.0,2023-05-25 10:33:59,4.46,12882,8.92
537132,22382,LUNCH BAG SPACEBOY DESIGN,2.0,2023-09-15 05:28:21,1.69,13024,3.38
537132,22086,PAPER CHAIN KIT 50'S CHRISTMAS,1.0,2023-09-15 05:28:21,2.51,13024,2.51
537132,22411,JUMBO SHOPPER VINTAGE RED PAISLEY,2.0,2023-09-15 05:28:21,1.87,13024,3.74
537133,22384,LUNCH BAG PINK POLKADOT,1.0,2023-10-13 18:19:34,1.65,12877,1.65
537133,20726,LUNCH BAG WOODLAND,3.0,2023-10-13 18:19:34,1.68,12877,5.04
537133,22383,LUNCH BAG SUKI DESIGN,2.0,2023-10-13 18:19:34,1.69,12877,3.38
537133,21730,GLASS STAR FROSTED T-LIGHT HOLDER,1.0,2023-10-13 18:19:34,4.27,12877,4.27
537133,84029E,RED WOOLLY HOTTIE WHITE HEART.,1.0,2023-10-13 18:19:34,3.36,12877,3.36
537134,85099B,JUMBO BAG RED RETROSPOT,3.0,2023-08-04 03:14:56,2.03,12722,6.09
537134,21730,GLASS STAR FROSTED T-LIGHT HOLDER,1.0,2023-08-04 03:14:56,4.19,12722,4.19
537134,84879,ASSORTED COLOUR BIRD ORNAMENT,2.0,2023-08-04 03:14:56,1.72,12722,3.44
537134,22745,POPPY'S PLAYHOUSE BEDROOM,2.0,2023-08-04 03:14:56,2.15,12722,4.3
537134,84969,BOX OF 6 ASSORTED COLOUR TEASPOONS,2.0,2023-08-04 03:14:56,4.37,12722,8.74
537135,20728,LUNCH BAG CARS BLUE,3.0,2023-05-13 07:27:14,1.6,12624,4.8
537135,20727,LUNCH BAG BLACK SKULL.,1.0,2023-05-13 07:27:14,1.63,12624,1.63
537135,84029G,KNITTED UNION FLAG HOT WATER BOTTLE,6.0,2023-05-13 07:27:14,3.47,12624,20.82
537135,20726,LUNCH BAG WOODLAND,6.0,2023-05-13 07:27:14,1.64,12624,9.84
537135,84406B,CREAM CUPID HEARTS COAT HANGER,3.0,2023-05-13 07:27:14,2.78,12624,8.34
537136,22749,POPPY'S PLAYHOUSE LIVINGROOM,1.0,2023-07-28 13:04:58,2.06,12712,2.06
537137,71053,WHITE METAL LANTERN,2.0,2023-04-10 04:25:45,3.48,13139,6.96
537139,84406B,CREAM CUPID HEARTS COAT HANGER,6.0,2023-05-23 23:26:01,2.7,12751,16.2
537139,22633,HAND WARMER UNION JACK,4.0,2023-05-23 23:26:01,1.79,12751,7.16
537139,22386,JUMBO BAG PINK POLKADOT,1.0,2023-05-23 23:26:01,1.91,12751,1.91
537140,71053,WHITE METAL LANTERN,3.0,2023-05-09 22:43:35,3.41,12878,10.23
537142,20726,LUNCH BAG WOODLAND,1.0,2023-11-21 08:27:57,1.7,12537,1.7
537143,20728,LUNCH BAG CARS BLUE,2.0,2023-05-06 20:00:28,1.71,12627,3.42
537143,20725,LUNCH BAG RED RETROSPOT,3.0,2023-05-06 20:00:28,1.63,12627,4.89
537143,22632,HAND WARMER RED POLKA DOT,3.0,2023-05-06 20:00:28,1.82,12627,5.46
537144,22633,HAND WARMER UNION JACK,2.0,2023-10-02 20:55:53,1.91,12363,3.82
537144,20728,LUNCH BAG CARS BLUE,2.0,2023-10-02 20:55:53,1.69,12363,3.38
537144,22748,POPPY'S PLAYHOUSE KITCHEN,6.0,2023-10-02 20:55:53,2.01,12363,12.06
537146,22411,JUMBO SHOPPER VINTAGE RED PAISLEY,3.0,2023-02-05 04:46:16,1.87,12877,5.61
537146,84029G,KNITTED UNION FLAG HOT WATER BOTTLE,1.0,2023-02-05 04:46:16,3.38,12877,3.38
537147,20725,LUNCH BAG RED RETROSPOT,2.0,2023-10-10 23:46:56,1.65,12619,3.3
537147,21730,GLASS STAR FROSTED T-LIGHT HOLDER,3.0,2023-10-10 23:46:56,4.29,12619,12.87
537147,22383,LUNCH BAG SUKI DESIGN,4.0,2023-10-10 23:46:56,1.64,12619,6.56
537148,84406B,CREAM CUPID HEARTS COAT HANGER,3.0,2023-03-08 21:49:01,2.65,12877,7.95
537148,22411,JUMBO SHOPPER VINTAGE RED PAISLEY,4.0,2023-03-08 21:49:01,1.97,12877,7.88
537148,22384,LUNCH BAG PINK POLKADOT,1.0,2023-03-08 21:49:01,1.7,12877,1.7
537148,20725,LUNCH BAG RED RETROSPOT,3.0,2023-03-08 21:49:01,1.69,12877,5.07
537148,84029G,KNITTED UNION FLAG HOT WATER BOTTLE,1.0,2023-03-08 21:49:01,3.3,12877,3.3
537149,22748,POPPY'S PLAYHOUSE KITCHEN,3.0,2023-05-16 07:43:45,2.02,12538,6.06
537149,22310,IVORY KNITTED MUG COSY,1.0,2023-05-16 07:43:45,1.72,12538,1.72
537149,22749,POPPY'S PLAYHOUSE LIVINGROOM,6.0,2023-05-16 07:43:45,2.15,12538,12.9
537150,84029E,RED WOOLLY HOTTIE WHITE HEART.,2.0,2023-08-18 12:10:52,3.53,13065,7.06
537150,20727,LUNCH BAG BLACK SKULL.,2.0,2023-08-18 12:10:52,1.65,13065,3.3
537150,22386,JUMBO BAG PINK POLKADOT,6.0,2023-08-18 12:10:52,1.99,13065,11.94
537151,22384,LUNCH BAG PINK POLKADOT,4.0,2023-11-15 16:40:29,1.71,12953,6.84
537151,22086,PAPER CHAIN KIT 50'S CHRISTMAS,1.0,2023-11-15 16:40:29,2.68,12953,2.68
537151,22745,POPPY'S PLAYHOUSE BEDROOM,2.0,2023-11-15 16:40:29,2.12,12953,4.24
537151,85099B,JUMBO BAG RED RETROSPOT,6.0,2023-11-15 16:40:29,1.89,12953,11.34
537152,21931,JUMBO STORAGE BAG SUKI,4.0,2023-06-19 11:24:18,2.0,12893,8.0
537152,85099F,JUMBO BAG STRAWBERRY,2.0,2023-06-19 11:24:18,1.86,12893,3.72
537152,21730,GLASS STAR FROSTED T-LIGHT HOLDER,1.0,2023-06-19 11:24:18,4.22,12893,4.22
537154,21931,JUMBO STORAGE BAG SUKI,1.0,2023-03-04 03:55:47,2.01,12485,2.01
537154,85099F,JUMBO BAG STRAWBERRY,6.0,2023-03-04 03:55:47,1.91,12485,11.46
537154,21730,GLASS STAR FROSTED T-LIGHT HOLDER,1.0,2023-03-04 03:55:47,4.33,12485,4.33
537154,22383,LUNCH BAG SUKI DESIGN,1.0,2023-03-04 03:55:47,1.6,12485,1.6
537154,22310,IVORY KNITTED MUG COSY,1.0,2023-03-04 03:55:47,1.62,12485,1.62
537155,22749,POPPY'S PLAYHOUSE LIVINGROOM,3.0,2023-08-26 08:19:56,2.17,12845,6.51
537155,22745,POPPY'S PLAYHOUSE BEDROOM,1.0,2023-08-26 08:19:56,2.0,12845,2.0
537155,21730,GLASS STAR FROSTED T-LIGHT HOLDER,1.0,2023-08-26 08:19:56,4.37,12845,4.37
537156,22384,LUNCH BAG PINK POLKADOT,2.0,2023-10-27 10:41:55,1.59,12728,3.18
537156,47566,PARTY BUNTING,3.0,2023-10-27 10:41:55,4.54,12728,13.62
537156,85123A,WHITE HANGING HEART T-LIGHT HOLDER,3.0,2023-10-27 10:41:55,2.55,12728,7.65
537156,20728,LUNCH BAG CARS BLUE,1.0,2023-10-27 10:41:55,1.58,12728,1.58
537156,85099B,JUMBO BAG RED RETROSPOT,1.0,2023-10-27 10:41:55,2.0,12728,2.0
537156,22086,PAPER CHAIN KIT 50'S CHRISTMAS,1.0,2023-10-27 10:41:55,2.56,12728,2.56
537157,85099F,JUMBO BAG STRAWBERRY,4.0,2023-05-25 09:14:11,1.95,12835,7.8
537157,22749,POPPY'S PLAYHOUSE LIVINGROOM,1.0,2023-05-25 09:14:11,2.11,12835,2.11
537157,20725,LUNCH BAG RED RETROSPOT,1.0,2023-05-25 09:14:11,1.69,12835,1.69
537157,22382,LUNCH BAG SPACEBOY DESIGN,2.0,2023-05-25 09:14:11,1.69,12835,3.38
537157,22384,LUNCH BAG PINK POLKADOT,1.0,2023-05-25 09:14:11,1.67,12835,1.67
537158,22632,HAND WARMER RED POLKA DOT,4.0,2023-10-11 12:24:36,1.81,12877,7.24
537158,85099B,JUMBO BAG RED RETROSPOT,1.0,2023-10-11 12:24:36,1.87,12877,1.87
537158,22384,LUNCH BAG PINK POLKADOT,2.0,2023-10-11 12:24:36,1.69,12877,3.38
537159,47566,PARTY BUNTING,4.0,2023-02-23 20:15:20,4.84,12625,19.36
537159,84879,ASSORTED COLOUR BIRD ORNAMENT,1.0,2023-02-23 20:15:20,1.65,12625,1.65
537160,21730,GLASS STAR FROSTED T-LIGHT HOLDER,2.0,2023-06-30 09:44:17,4.24,12651,8.48
537161,47566,PARTY BUNTING,1.0,2023-03-23 13:00:52,4.49,12358,4.49
537164,22632,HAND WARMER RED POLKA DOT,4.0,2023-05-22 20:24:08,1.9,12398,7.6
537164,20725,LUNCH BAG RED RETROSPOT,6.0,2023-05-22 20:24:08,1.59,12398,9.54
537164,22633,HAND WARMER UNION JACK,2.0,2023-05-22 20:24:08,1.87,12398,3.74
537164,22383,LUNCH BAG SUKI DESIGN,1.0,2023-05-22 20:24:08,1.59,12398,1.59
537165,22748,POPPY'S PLAYHOUSE KITCHEN,1.0,2023-07-05 09:01:21,2.11,13141,2.11
537165,20727,LUNCH BAG BLACK SKULL.,3.0,2023-07-05 09:01:21,1.61,13141,4.83
537165,22633,HAND WARMER UNION JACK,1.0,2023-07-05 09:01:21,1.84,13141,1.84
537165,84879,ASSORTED COLOUR BIRD ORNAMENT,6.0,2023-07-05 09:01:21,1.71,13141,10.26
537166,84969,BOX OF 6 ASSORTED COLOUR TEASPOONS,3.0,2023-05-03 22:48:51,4.41,12696,13.23
537168,22633,HAND WARMER UNION JACK,1.0,2023-11-14 15:16:18,1.86,12586,1.86
537170,22748,POPPY'S PLAYHOUSE KITCHEN,2.0,2023-07-07 15:32:46,2.13,12544,4.26
537170,21931,JUMBO STORAGE BAG SUKI,6.0,2023-07-07 15:32:46,1.87,12544,11.22
537170,22632,HAND WARMER RED POLKA DOT,2.0,2023-07-07 15:32:46,1.8,12544,3.6
537170,85123A,WHITE HANGING HEART T-LIGHT HOLDER,2.0,2023-07-07 15:32:46,2.51,12544,5.02
537170,20726,LUNCH BAG WOODLAND,1.0,2023-07-07 15:32:46,1.62,12544,1.62
537173,71053,WHITE METAL LANTERN,6.0,2023-08-27 00:41:55,3.35,12877,20.1
537173,22632,HAND WARMER RED POLKA DOT,2.0,2023-08-27 00:41:55,1.78,12877,3.56
537173,22382,LUNCH BAG SPACEBOY DESIGN,1.0,2023-08-27 00:41:55,1.6,12877,1.6
537173,84879,ASSORTED COLOUR BIRD ORNAMENT,2.0,2023-08-27 00:41:55,1.74,12877,3.48
537174,22745,POPPY'S PLAYHOUSE BEDROOM,3.0,2023-09-05 02:52:22,2.02,12868,6.06
537174,22748,POPPY'S PLAYHOUSE KITCHEN,6.0,2023-09-05 02:52:22,2.13,12868,12.78
537174,85123A,WHITE HANGING HEART T-LIGHT HOLDER,4.0,2023-09-05 02:52:22,2.68,12868,10.72
537175,21730,GLASS STAR FROSTED T-LIGHT HOLDER,2.0,2023-11-24 23:04:49,4.12,13057,8.24
537176,20725,LUNCH BAG RED RETROSPOT,1.0,2023-10-28 13:19:03,1.65,12877,1.65
537176,22749,POPPY'S PLAYHOUSE LIVINGROOM,1.0,2023-10-28 13:19:03,2.1,12877,2.1
537176,85099F,JUMBO BAG STRAWBERRY,2.0,2023-10-28 13:19:03,1.89,12877,3.78
537179,20726,LUNCH BAG WOODLAND,1.0,2023-11-17 14:52:16,1.59,12877,1.59
537180,85123A,WHITE HANGING HEART T-LIGHT HOLDER,1.0,2023-06-07 08:27:41,2.61,13062,2.61
537180,22382,LUNCH BAG SPACEBOY DESIGN,4.0,2023-06-07 08:27:41,1.59,13062,6.36
537180,22310,IVORY KNITTED MUG COSY,3.0,2023-06-07 08:27:41,1.69,13062,5.07
537180,84406B,CREAM CUPID HEARTS COAT HANGER,3.0,2023-06-07 08:27:41,2.76,13062,8.28
537180,71053,WHITE METAL LANTERN,4.0,2023-06-07 08:27:41,3.34,13062,13.36
537180,20726,LUNCH BAG WOODLAND,2.0,2023-06-07 08:27:41,1.61,13062,3.22
537181,22382,LUNCH BAG SPACEBOY DESIGN,3.0,2023-05-02 04:50:35,1.59,12940,4.77
537181,84406B,CREAM CUPID HEARTS COAT HANGER,2.0,2023-05-02 04:50:35,2.7,12940,5.4
537181,22383,LUNCH BAG SUKI DESIGN,1.0,2023-05-02 04:50:35,1.7,12940,1.7
537181,22748,POPPY'S PLAYHOUSE KITCHEN,1.0,2023-05-02 04:50:35,2.04,12940,2.04
537181,20727,LUNCH BAG BLACK SKULL.,2.0,2023-05-02 04:50:35,1.65,12940,3.3
537182,21931,JUMBO STORAGE BAG SUKI,1.0,2023-06-13 21:09:57,1.91,13051,1.91
537182,22383,LUNCH BAG SUKI DESIGN,1.0,2023-06-13 21:09:57,1.66,13051,1.66
537182,47566,PARTY BUNTING,1.0,2023-06-13 21:09:57,4.71,13051,4.71
537182,22411,JUMBO SHOPPER VINTAGE RED PAISLEY,1.0,2023-06-13 21:09:57,2.02,13051,2.02
537183,22383,LUNCH BAG SUKI DESIGN,1.0,2023-03-10 09:29:53,1.58,12617,1.58
537183,22386,JUMBO BAG PINK POLKADOT,1.0,2023-03-10 09:29:53,1.88,12617,1.88
537185,22310,IVORY KNITTED MUG COSY,1.0,2023-12-07 13:58:22,1.63,12384,1.63
537185,71053,WHITE METAL LANTERN,1.0,2023-12-07 13:58:22,3.56,12384,3.56
537185,21730,GLASS STAR FROSTED T-LIGHT HOLDER,1.0,2023-12-07 13:58:22,4.22,12384,4.22
537186,85123A,WHITE HANGING HEART T-LIGHT HOLDER,3.0,2023-10-08 04:41:55,2.6,12353,7.8
537187,84029G,KNITTED UNION FLAG HOT WATER BOTTLE,6.0,2023-09-14 04:28:33,3.48,12486,20.88
537187,22310,IVORY KNITTED MUG COSY,2.0,2023-09-14 04:28:33,1.6,12486,3.2
537187,21931,JUMBO STORAGE BAG SUKI,1.0,2023-09-14 04:28:33,1.9,12486,1.9
537188,85123A,WHITE HANGING HEART T-LIGHT HOLDER,6.0,2023-11-07 12:19:58,2.6,12877,15.6
537188,21931,JUMBO STORAGE BAG SUKI,1.0,2023-11-07 12:19:58,1.92,12877,1.92
537189,22745,POPPY'S PLAYHOUSE BEDROOM,1.0,2023-04-15 16:24:49,2.11,12877,2.11
537189,47566,PARTY BUNTING,4.0,2023-04-15 16:24:49,4.6,12877,18.4
537189,22086,PAPER CHAIN KIT 50'S CHRISTMAS,1.0,2023-04-15 16:24:49,2.68,12877,2.68
537190,22310,IVORY KNITTED MUG COSY,1.0,2023-09-05 16:18:27,1.59,12736,1.59
537190,21931,JUMBO STORAGE BAG SUKI,4.0,2023-09-05 16:18:27,1.97,12736,7.88
537191,84879,ASSORTED COLOUR BIRD ORNAMENT,4.0,2023-09-23 11:15:40,1.68,12466,6.72
537191,22748,POPPY'S PLAYHOUSE KITCHEN,2.0,2023-09-23 11:15:40,2.08,12466,4.16
537191,21730,GLASS STAR FROSTED T-LIGHT HOLDER,4.0,2023-09-23 11:15:40,4.18,12466,16.72
537191,20725,LUNCH BAG RED RETROSPOT,3.0,2023-09-23 11:15:40,1.71,12466,5.13
537191,84029E,RED WOOLLY HOTTIE WHITE HEART.,1.0,2023-09-23 11:15:40,3.44,12466,3.44
537193,85099B,JUMBO BAG RED RETROSPOT,2.0,2023-09-05 22:33:54,1.96,13038,3.92
537193,84029E,RED WOOLLY HOTTIE WHITE HEART.,2.0,2023-09-05 22:33:54,3.23,13038,6.46
537193,22382,LUNCH BAG SPACEBOY DESIGN,1.0,2023-09-05 22:33:54,1.67,13038,1.67
537193,22386,JUMBO BAG PINK POLKADOT,2.0,2023-09-05 22:33:54,2.04,13038,4.08
537194,21931,JUMBO STORAGE BAG SUKI,4.0,2023-10-06 13:43:42,2.03,12857,8.12
537194,22384,LUNCH BAG PINK POLKADOT,1.0,2023-10-06 13:43:42,1.59,12857,1.59
537194,22310,IVORY KNITTED MUG COSY,3.0,2023-10-06 13:43:42,1.69,12857,5.07
537194,22745,POPPY'S PLAYHOUSE BEDROOM,6.0,2023-10-06 13:43:42,2.12,12857,12.72
537194,22748,POPPY'S PLAYHOUSE KITCHEN,1.0,2023-10-06 13:43:42,2.07,12857,2.07
537195,22411,JUMBO SHOPPER VINTAGE RED PAISLEY,2.0,2023-12-05 15:41:14,2.02,12546,4.04
537196,20726,LUNCH BAG WOODLAND,1.0,2023-07-05 04:20:11,1.69,12543,1.69
537196,22411,JUMBO SHOPPER VINTAGE RED PAISLEY,1.0,2023-07-05 04:20:11,1.92,12543,1.92
537196,22384,LUNCH BAG PINK POLKADOT,1.0,2023-07-05 04:20:11,1.63,12543,1.63
537196,84029G,KNITTED UNION FLAG HOT WATER BOTTLE,4.0,2023-07-05 04:20:11,3.53,12543,14.12
537198,22310,IVORY KNITTED MUG COSY,1.0,2023-08-14 12:22:56,1.66,12647,1.66
537198,22748,POPPY'S PLAYHOUSE KITCHEN,6.0,2023-08-14 12:22:56,2.11,12647,12.66
537198,85099B,JUMBO BAG RED RETROSPOT,2.0,2023-08-14 12:22:56,2.03,12647,4.06
537199,85099F,JUMBO BAG STRAWBERRY,4.0,2023-07-21 07:47:51,1.96,12877,7.84
537199,22411,JUMBO SHOPPER VINTAGE RED PAISLEY,2.0,2023-07-21 07:47:51,2.0,12877,4.0
537199,20727,LUNCH BAG BLACK SKULL.,3.0,2023-07-21 07:47:51,1.7,12877,5.1
537199,84029E,RED WOOLLY HOTTIE WHITE HEART.,4.0,2023-07-21 07:47:51,3.3,12877,13.2
537200,22386,JUMBO BAG PINK POLKADOT,3.0,2023-07-28 11:01:20,1.92,12741,5.76
537202,20727,LUNCH BAG BLACK SKULL.,2.0,2023-08-29 13:48:58,1.64,12531,3.28
537202,22310,IVORY KNITTED MUG COSY,2.0,2023-08-29 13:48:58,1.59,12531,3.18
537202,22745,POPPY'S PLAYHOUSE BEDROOM,3.0,2023-08-29 13:48:58,2.11,12531,6.33
537202,47566,PARTY BUNTING,1.0,2023-08-29 13:48:58,4.57,12531,4.57
537205,22745,POPPY'S PLAYHOUSE BEDROOM,4.0,2023-05-17 11:24:07,2.1,12783,8.4
537205,22310,IVORY KNITTED MUG COSY,2.0,2023-05-17 11:24:07,1.68,12783,3.36
537205,20725,LUNCH BAG RED RETROSPOT,6.0,2023-05-17 11:24:07,1.71,12783,10.26
537206,20727,LUNCH BAG BLACK SKULL.,4.0,2023-04-12 04:59:16,1.57,13024,6.28
537206,85099B,JUMBO BAG RED RETROSPOT,1.0,2023-04-12 04:59:16,1.94,13024,1.94
537206,22382,LUNCH BAG SPACEBOY DESIGN,6.0,2023-04-12 04:59:16,1.73,13024,10.38
537206,84029E,RED WOOLLY HOTTIE WHITE HEART.,6.0,2023-04-12 04:59:16,3.24,13024,19.44
537207,20728,LUNCH BAG CARS BLUE,2.0,2023-07-01 13:51:13,1.67,12704,3.34
537207,21730,GLASS STAR FROSTED T-LIGHT HOLDER,1.0,2023-07-01 13:51:13,4.36,12704,4.36
537207,84029E,RED WOOLLY HOTTIE WHITE HEART.,1.0,2023-07-01 13:51:13,3.48,12704,3.48
537207,22411,JUMBO SHOPPER VINTAGE RED PAISLEY,2.0,2023-07-01 13:51:13,1.91,12704,3.82
537207,22086,PAPER CHAIN KIT 50'S CHRISTMAS,6.0,2023-07-01 13:51:13,2.5,12704,15.0
537208,22086,PAPER CHAIN KIT 50'S CHRISTMAS,3.0,2023-10-07 19:48:38,2.46,12984,7.38
537208,22748,POPPY'S PLAYHOUSE KITCHEN,3.0,2023-10-07 19:48:38,2.07,12984,6.21
537208,22633,HAND WARMER UNION JACK,2.0,2023-10-07 19:48:38,1.76,12984,3.52
537209,20727,LUNCH BAG BLACK SKULL.,6.0,2023-06-26 03:47:00,1.59,12348,9.54
537209,84879,ASSORTED COLOUR BIRD ORNAMENT,1.0,2023-06-26 03:47:00,1.75,12348,1.75
537210,22748,POPPY'S PLAYHOUSE KITCHEN,1.0,2023-09-28 14:45:34,2.07,12572,2.07
537211,22633,HAND WARMER UNION JACK,2.0,2023-10-15 16:11:14,1.9,12878,3.8
537211,21931,JUMBO STORAGE BAG SUKI,4.0,2023-10-15 16:11:14,2.02,12878,8.08
537212,20726,LUNCH BAG WOODLAND,3.0,2023-11-23 22:57:32,1.72,12854,5.16
537213,21730,GLASS STAR FROSTED T-LIGHT HOLDER,3.0,2023-10-06 23:32:47,4.44,12877,13.32
537213,71053,WHITE METAL LANTERN,6.0,2023-10-06 23:32:47,3.34,12877,20.04
537213,20726,LUNCH BAG WOODLAND,1.0,2023-10-06 23:32:47,1.71,12877,1.71
537213,21931,JUMBO STORAGE BAG SUKI,3.0,2023-10-06 23:32:47,1.97,12877,5.91
537213,84879,ASSORTED COLOUR BIRD ORNAMENT,1.0,2023-10-06 23:32:47,1.64,12877,1.64
537213,22386,JUMBO BAG PINK POLKADOT,1.0,2023-10-06 23:32:47,2.04,12877,2.04
537214,85123A,WHITE HANGING HEART T-LIGHT HOLDER,3.0,2023-03-14 06:24:29,2.6,12858,7.8
537214,21730,GLASS STAR FROSTED T-LIGHT HOLDER,1.0,2023-03-14 06:24:29,4.13,12858,4.13
537214,22086,PAPER CHAIN KIT 50'S CHRISTMAS,1.0,2023-03-14 06:24:29,2.52,12858,2.52
537214,22310,IVORY KNITTED MUG COSY,1.0,2023-03-14 06:24:29,1.6,12858,1.6
537214,84029G,KNITTED UNION FLAG HOT WATER BOTTLE,1.0,2023-03-14 06:24:29,3.5,12858,3.5
537214,22383,LUNCH BAG SUKI DESIGN,1.0,2023-03-14 06:24:29,1.71,12858,1.71
537216,85123A,WHITE HANGING HEART T-LIGHT HOLDER,1.0,2023-04-25 15:24:23,2.6,12877,2.6
537216,85099F,JUMBO BAG STRAWBERRY,2.0,2023-04-25 15:24:23,1.93,12877,3.86
537216,84406B,CREAM CUPID HEARTS COAT HANGER,2.0,2023-04-25 15:24:23,2.82,12877,5.64
537217,22086,PAPER CHAIN KIT 50'S CHRISTMAS,1.0,2023-07-22 22:25:38,2.44,12642,2.44
537217,47566,PARTY BUNTING,2.0,2023-07-22 22:25:38,4.53,12642,9.06
537217,22384,LUNCH BAG PINK POLKADOT,3.0,2023-07-22 22:25:38,1.6,12642,4.8
537217,21931,JUMBO STORAGE BAG SUKI,1.0,2023-07-22 22:25:38,1.98,12642,1.98
537217,71053,WHITE METAL LANTERN,2.0,2023-07-22 22:25:38,3.45,12642,6.9
537218,22383,LUNCH BAG SUKI DESIGN,2.0,2023-10-06 02:41:49,1.63,12878,3.26
537218,85099F,JUMBO BAG STRAWBERRY,3.0,2023-10-06 02:41:49,1.96,12878,5.88
537218,22633,HAND WARMER UNION JACK,2.0,2023-10-06 02:41:49,1.89,12878,3.78
537219,84879,ASSORTED COLOUR BIRD ORNAMENT,1.0,2023-08-04 16:18:27,1.73,13051,1.73
537221,20725,LUNCH BAG RED RETROSPOT,6.0,2023-10-19 19:38:01,1.68,12607,10.08
537222,84406B,CREAM CUPID HEARTS COAT HANGER,2.0,2023-06-24 08:34:14,2.85,12773,5.7
537222,22632,HAND WARMER RED POLKA DOT,1.0,2023-06-24 08:34:14,1.85,12773,1.85
537222,22384,LUNCH BAG PINK POLKADOT,2.0,2023-06-24 08:34:14,1.64,12773,3.28
537222,22749,POPPY'S PLAYHOUSE LIVINGROOM,3.0,2023-06-24 08:34:14,2.06,12773,6.18
537222,47566,PARTY BUNTING,3.0,2023-06-24 08:34:14,4.66,12773,13.98
537223,22749,POPPY'S PLAYHOUSE LIVINGROOM,1.0,2023-12-06 18:27:59,2.09,12977,2.09
537223,47566,PARTY BUNTING,1.0,2023-12-06 18:27:59,4.75,12977,4.75
537224,22633,HAND WARMER UNION JACK,1.0,2023-08-13 03:59:01,1.88,12877,1.88
537224,85123A,WHITE HANGING HEART T-LIGHT HOLDER,1.0,2023-08-13 03:59:01,2.55,12877,2.55
537224,85099B,JUMBO BAG RED RETROSPOT,2.0,2023-08-13 03:59:01,1.92,12877,3.84
537224,22086,PAPER CHAIN KIT 50'S CHRISTMAS,6.0,2023-08-13 03:59:01,2.44,12877,14.64
537224,22748,POPPY'S PLAYHOUSE KITCHEN,6.0,2023-08-13 03:59:01,2.1,12877,12.6
537225,47566,PARTY BUNTING,1.0,2023-06-24 14:22:26,4.57,12877,4.57
537227,21931,JUMBO STORAGE BAG SUKI,2.0,2023-07-25 05:19:55,1.88,13017,3.76
537227,85099B,JUMBO BAG RED RETROSPOT,6.0,2023-07-25 05:19:55,1.96,13017,11.76
537228,22632,HAND WARMER RED POLKA DOT,2.0,2023-07-13 05:40:05,1.86,12710,3.72
537228,21730,GLASS STAR FROSTED T-LIGHT HOLDER,4.0,2023-07-13 05:40:05,4.32,12710,17.28
537228,20726,LUNCH BAG WOODLAND,2.0,2023-07-13 05:40:05,1.7,12710,3.4
537228,20728,LUNCH BAG CARS BLUE,2.0,2023-07-13 05:40:05,1.68,12710,3.36
537228,22386,JUMBO BAG PINK POLKADOT,1.0,2023-07-13 05:40:05,1.99,12710,1.99
537229,85099B,JUMBO BAG RED RETROSPOT,1.0,2023-10-15 14:39:24,1.88,12878,1.88
537231,85099F,JUMBO BAG STRAWBERRY,4.0,2023-01-12 17:48:52,2.0,12415,8.0
537231,85099B,JUMBO BAG RED RETROSPOT,4.0,2023-01-12 17:48:52,1.95,12415,7.8
537231,22384,LUNCH BAG PINK POLKADOT,1.0,2023-01-12 17:48:52,1.71,12415,1.71
537231,84029E,RED WOOLLY HOTTIE WHITE HEART.,3.0,2023-01-12 17:48:52,3.41,12415,10.23
537231,22749,POPPY'S PLAYHOUSE LIVINGROOM,2.0,2023-01-12 17:48:52,2.12,12415,4.24
537232,22310,IVORY KNITTED MUG COSY,2.0,2023-11-05 08:11:02,1.68,12999,3.36
537232,22383,LUNCH BAG SUKI DESIGN,1.0,2023-11-05 08:11:02,1.68,12999,1.68
537232,84879,ASSORTED COLOUR BIRD ORNAMENT,4.0,2023-11-05 08:11:02,1.7,12999,6.8
537232,22386,JUMBO BAG PINK POLKADOT,1.0,2023-11-05 08:11:02,1.91,12999,1.91
537232,22086,PAPER CHAIN KIT 50'S CHRISTMAS,6.0,2023-11-05 08:11:02,2.63,12999,15.78
537233,85099B,JUMBO BAG RED RETROSPOT,1.0,2023-09-23 20:48:12,2.02,13057,2.02
537234,20726,LUNCH BAG WOODLAND,2.0,2023-10-10 08:22:44,1.73,12462,3.46
537234,22745,POPPY'S PLAYHOUSE BEDROOM,3.0,2023-10-10 08:22:44,2.04,12462,6.12
537235,22384,LUNCH BAG PINK POLKADOT,2.0,2023-08-12 01:07:18,1.58,12877,3.16
537235,47566,PARTY BUNTING,4.0,2023-08-12 01:07:18,4.78,12877,19.12
537235,22411,JUMBO SHOPPER VINTAGE RED PAISLEY,2.0,2023-08-12 01:07:18,1.88,12877,3.76
537237,22384,LUNCH BAG PINK POLKADOT,1.0,2023-06-26 01:36:31,1.66,12747,1.66
537237,20728,LUNCH BAG CARS BLUE,3.0,2023-06-26 01:36:31,1.58,12747,4.74
537238,21931,JUMBO STORAGE BAG SUKI,2.0,2023-09-28 17:16:11,1.88,13145,3.76
537238,85099B,JUMBO BAG RED RETROSPOT,1.0,2023-09-28 17:16:11,1.99,13145,1.99
537239,20727,LUNCH BAG BLACK SKULL.,3.0,2023-07-15 01:34:41,1.58,12858,4.74
537239,20728,LUNCH BAG CARS BLUE,3.0,2023-07-15 01:34:41,1.64,12858,4.92
537239,22310,IVORY KNITTED MUG COSY,2.0,2023-07-15 01:34:41,1.69,12858,3.38
537239,22382,LUNCH BAG SPACEBOY DESIGN,1.0,2023-07-15 01:34:41,1.7,12858,1.7
537239,22633,HAND WARMER UNION JACK,2.0,2023-07-15 01:34:41,1.85,12858,3.7
537240,84879,ASSORTED COLOUR BIRD ORNAMENT,1.0,2023-07-09 10:49:23,1.73,12817,1.73
537240,22633,HAND WARMER UNION JACK,2.0,2023-07-09 10:49:23,1.8,12817,3.6
537240,22383,LUNCH BAG SUKI DESIGN,2.0,2023-07-09 10:49:23,1.67,12817,3.34
537240,21931,JUMBO STORAGE BAG SUKI,1.0,2023-07-09 10:49:23,1.86,12817,1.86
537241,21730,GLASS STAR FROSTED T-LIGHT HOLDER,3.0,2023-12-06 03:08:08,4.32,12927,12.96
537241,20728,LUNCH BAG CARS BLUE,2.0,2023-12-06 03:08:08,1.64,12927,3.28
537243,22310,IVORY KNITTED MUG COSY,1.0,2023-09-27 01:24:54,1.72,13061,1.72
537244,84406B,CREAM CUPID HEARTS COAT HANGER,2.0,2023-05-20 22:59:36,2.8,12668,5.6
537244,22383,LUNCH BAG SUKI DESIGN,1.0,2023-05-20 22:59:36,1.73,12668,1.73
537245,21730,GLASS STAR FROSTED T-LIGHT HOLDER,2.0,2023-09-17 21:56:23,4.41,12787,8.82
537245,85099B,JUMBO BAG RED RETROSPOT,2.0,2023-09-17 21:56:23,1.88,12787,3.76
537245,20726,LUNCH BAG WOODLAND,2.0,2023-09-17 21:56:23,1.7,12787,3.4
537245,85099F,JUMBO BAG STRAWBERRY,3.0,2023-09-17 21:56:23,2.03,12787,6.09
537245,22310,IVORY KNITTED MUG COSY,2.0,2023-09-17 21:56:23,1.61,12787,3.22
537246,20725,LUNCH BAG RED RETROSPOT,1.0,2023-08-09 16:50:37,1.64,12710,1.64
537246,21931,JUMBO STORAGE BAG SUKI,3.0,2023-08-09 16:50:37,1.89,12710,5.67
537246,22745,POPPY'S PLAYHOUSE BEDROOM,1.0,2023-08-09 16:50:37,2.08,12710,2.08
537246,85099B,JUMBO BAG RED RETROSPOT,1.0,2023-08-09 16:50:37,1.96,12710,1.96
537247,22310,IVORY KNITTED MUG COSY,6.0,2023-04-22 03:50:59,1.64,12877,9.84
537247,71053,WHITE METAL LANTERN,3.0,2023-04-22 03:50:59,3.25,12877,9.75
537247,22383,LUNCH BAG SUKI DESIGN,1.0,2023-04-22 03:50:59,1.59,12877,1.59
537247,84969,BOX OF 6 ASSORTED COLOUR TEASPOONS,1.0,2023-04-22 03:50:59,4.28,12877,4.28
537247,22633,HAND WARMER UNION JACK,2.0,2023-04-22 03:50:59,1.92,12877,3.84
537248,22086,PAPER CHAIN KIT 50'S CHRISTMAS,1.0,2023-10-16 15:59:03,2.51,12796,2.51
537248,22386,JUMBO BAG PINK POLKADOT,3.0,2023-10-16 15:59:03,2.0,12796,6.0
537248,84406B,CREAM CUPID HEARTS COAT HANGER,1.0,2023-10-16 15:59:03,2.69,12796,2.69
537248,20728,LUNCH BAG CARS BLUE,2.0,2023-10-16 15:59:03,1.67,12796,3.34
537249,20725,LUNCH BAG RED RETROSPOT,6.0,2023-10-05 06:07:01,1.66,12877,9.96
537249,22748,POPPY'S PLAYHOUSE KITCHEN,4.0,2023-10-05 06:07:01,2.11,12877,8.44
537249,84969,BOX OF 6 ASSORTED COLOUR TEASPOONS,2.0,2023-10-05 06:07:01,4.33,12877,8.66
537249,84029E,RED WOOLLY HOTTIE WHITE HEART.,3.0,2023-10-05 06:07:01,3.22,12877,9.66
537249,22382,LUNCH BAG SPACEBOY DESIGN,1.0,2023-10-05 06:07:01,1.64,12877,1.64
537250,20727,LUNCH BAG BLACK SKULL.,1.0,2023-10-11 09:33:23,1.7,12705,1.7
537250,21730,GLASS STAR FROSTED T-LIGHT HOLDER,1.0,2023-10-11 09:33:23,4.16,12705,4.16
537250,22383,LUNCH BAG SUKI DESIGN,1.0,2023-10-11 09:33:23,1.69,12705,1.69
537251,22382,LUNCH BAG SPACEBOY DESIGN,1.0,2023-11-03 04:22:17,1.67,12477,1.67
537251,22310,IVORY KNITTED MUG COSY,4.0,2023-11-03 04:22:17,1.71,12477,6.84
537251,84969,BOX OF 6 ASSORTED COLOUR TEASPOONS,2.0,2023-11-03 04:22:17,4.21,12477,8.42
537251,84029E,RED WOOLLY HOTTIE WHITE HEART.,4.0,2023-11-03 04:22:17,3.49,12477,13.96
537251,21931,JUMBO STORAGE BAG SUKI,2.0,2023-11-03 04:22:17,1.98,12477,3.96
537252,22745,POPPY'S PLAYHOUSE BEDROOM,1.0,2023-07-01 14:14:40,2.11,12619,2.11
537252,21931,JUMBO STORAGE BAG SUKI,1.0,2023-07-01 14:14:40,2.02,12619,2.02
537252,20728,LUNCH BAG CARS BLUE,2.0,2023-07-01 14:14:40,1.57,12619,3.14
537253,47566,PARTY BUNTING,4.0,2023-08-15 15:41:41,4.66,13058,18.64
537253,22383,LUNCH BAG SUKI DESIGN,2.0,2023-08-15 15:41:41,1.7,13058,3.4
537253,22749,POPPY'S PLAYHOUSE LIVINGROOM,4.0,2023-08-15 15:41:41,2.08,13058,8.32
537253,22745,POPPY'S PLAYHOUSE BEDROOM,1.0,2023-08-15 15:41:41,2.01,13058,2.01
537254,20725,LUNCH BAG RED RETROSPOT,6.0,2023-11-22 11:15:31,1.61,12878,9.66
537254,22310,IVORY KNITTED MUG COSY,2.0,2023-11-22 11:15:31,1.73,12878,3.46
537254,22745,POPPY'S PLAYHOUSE BEDROOM,1.0,2023-11-22 11:15:31,2.18,12878,2.18
537254,22748,POPPY'S PLAYHOUSE KITCHEN,1.0,2023-11-22 11:15:31,2.13,12878,2.13
537256,84406B,CREAM CUPID HEARTS COAT HANGER,2.0,2023-06-28 08:03:27,2.64,13051,5.28
537256,85099B,JUMBO BAG RED RETROSPOT,1.0,2023-06-28 08:03:27,2.0,13051,2.0
537256,84969,BOX OF 6 ASSORTED COLOUR TEASPOONS,3.0,2023-06-28 08:03:27,4.3,13051,12.9
537257,21730,GLASS STAR FROSTED T-LIGHT HOLDER,2.0,2023-11-03 00:22:21,4.39,12756,8.78
537257,22633,HAND WARMER UNION JACK,2.0,2023-11-03 00:22:21,1.92,12756,3.84
537257,22745,POPPY'S PLAYHOUSE BEDROOM,1.0,2023-11-03 00:22:21,2.14,12756,2.14
537258,47566,PARTY BUNTING,4.0,2023-11-30 10:16:08,4.45,13007,17.8
537258,22382,LUNCH BAG SPACEBOY DESIGN,1.0,2023-11-30 10:16:08,1.63,13007,1.63
537258,84406B,CREAM CUPID HEARTS COAT HANGER,4.0,2023-11-30 10:16:08,2.77,13007,11.08
537258,22748,POPPY'S PLAYHOUSE KITCHEN,1.0,2023-11-30 10:16:08,2.09,13007,2.09
537258,20727,LUNCH BAG BLACK SKULL.,1.0,2023-11-30 10:16:08,1.67,13007,1.67
537259,21730,GLASS STAR FROSTED T-LIGHT HOLDER,3.0,2023-05-11 14:22:24,4.21,12881,12.63
537259,85123A,WHITE HANGING HEART T-LIGHT HOLDER,6.0,2023-05-11 14:22:24,2.52,12881,15.12
537260,85123A,WHITE HANGING HEART T-LIGHT HOLDER,1.0,2023-03-20 02:44:59,2.58,12538,2.58
537260,22382,LUNCH BAG SPACEBOY DESIGN,3.0,2023-03-20 02:44:59,1.67,12538,5.01
537260,22086,PAPER CHAIN KIT 50'S CHRISTMAS,1.0,2023-03-20 02:44:59,2.48,12538,2.48
537260,22748,POPPY'S PLAYHOUSE KITCHEN,4.0,2023-03-20 02:44:59,2.12,12538,8.48
537261,85099F,JUMBO BAG STRAWBERRY,4.0,2023-05-27 03:43:37,1.87,12877,7.48
537261,85099B,JUMBO BAG RED RETROSPOT,2.0,2023-05-27 03:43:37,1.89,12877,3.78
537262,85123A,WHITE HANGING HEART T-LIGHT HOLDER,6.0,2023-06-11 13:08:34,2.47,12649,14.82
537262,22748,POPPY'S PLAYHOUSE KITCHEN,1.0,2023-06-11 13:08:34,2.2,12649,2.2
537262,22086,PAPER CHAIN KIT 50'S CHRISTMAS,2.0,2023-06-11 13:08:34,2.54,12649,5.08
537262,22382,LUNCH BAG SPACEBOY DESIGN,2.0,2023-06-11 13:08:34,1.64,12649,3.28
537262,20728,LUNCH BAG CARS BLUE,4.0,2023-06-11 13:08:34,1.61,12649,6.44
537263,84406B,CREAM CUPID HEARTS COAT HANGER,6.0,2023-08-22 14:06:33,2.81,12712,16.86
537263,22386,JUMBO BAG PINK POLKADOT,1.0,2023-08-22 14:06:33,1.88,12712,1.88
537263,22383,LUNCH BAG SUKI DESIGN,2.0,2023-08-22 14:06:33,1.71,12712,3.42
537263,21931,JUMBO STORAGE BAG SUKI,2.0,2023-08-22 14:06:33,1.92,12712,3.84
537264,22411,JUMBO SHOPPER VINTAGE RED PAISLEY,3.0,2023-07-01 06:07:13,1.9,12877,5.7
537264,84029E,RED WOOLLY HOTTIE WHITE HEART.,4.0,2023-07-01 06:07:13,3.42,12877,13.68
537264,22633,HAND WARMER UNION JACK,2.0,2023-07-01 06:07:13,1.81,12877,3.62
537267,84879,ASSORTED COLOUR BIRD ORNAMENT,1.0,2023-05-22 15:47:58,1.61,12974,1.61
537267,22310,IVORY KNITTED MUG COSY,1.0,2023-05-22 15:47:58,1.57,12974,1.57
537268,85123A,WHITE HANGING HEART T-LIGHT HOLDER,1.0,2023-11-21 22:08:56,2.51,12848,2.51
537268,22384,LUNCH BAG PINK POLKADOT,1.0,2023-11-21 22:08:56,1.67,12848,1.67
537269,85123A,WHITE HANGING HEART T-LIGHT HOLDER,3.0,2023-07-26 02:00:57,2.66,13134,7.98
537269,22748,POPPY'S PLAYHOUSE KITCHEN,2.0,2023-07-26 02:00:57,2.11,13134,4.22
537270,85123A,WHITE HANGING HEART T-LIGHT HOLDER,1.0,2023-10-16 15:40:21,2.6,13007,2.6
537270,22748,POPPY'S PLAYHOUSE KITCHEN,2.0,2023-10-16 15:40:21,2.15,13007,4.3
537270,20725,LUNCH BAG RED RETROSPOT,3.0,2023-10-16 15:40:21,1.7,13007,5.1
537273,47566,PARTY BUNTING,1.0,2023-07-09 08:00:54,4.82,12877,4.82
537273,21730,GLASS STAR FROSTED T-LIGHT HOLDER,1.0,2023-07-09 08:00:54,4.23,12877,4.23
537273,22749,POPPY'S PLAYHOUSE LIVINGROOM,1.0,2023-07-09 08:00:54,2.03,12877,2.03
537273,22384,LUNCH BAG PINK POLKADOT,1.0,2023-07-09 08:00:54,1.61,12877,1.61
537274,20726,LUNCH BAG WOODLAND,2.0,2023-09-29 21:55:35,1.71,13113,3.42
537274,22382,LUNCH BAG SPACEBOY DESIGN,2.0,2023-09-29 21:55:35,1.62,13113,3.24
537274,21931,JUMBO STORAGE BAG SUKI,1.0,2023-09-29 21:55:35,1.94,13113,1.94
537274,22411,JUMBO SHOPPER VINTAGE RED PAISLEY,2.0,2023-09-29 21:55:35,2.0,13113,4.0
537274,22310,IVORY KNITTED MUG COSY,1.0,2023-09-29 21:55:35,1.63,13113,1.63
537275,84029E,RED WOOLLY HOTTIE WHITE HEART.,3.0,2023-07-19 06:00:51,3.43,12977,10.29
537275,21730,GLASS STAR FROSTED T-LIGHT HOLDER,1.0,2023-07-19 06:00:51,4.44,12977,4.44
537276,84029G,KNITTED UNION FLAG HOT WATER BOTTLE,1.0,2023-11-13 11:05:41,3.46,12654,3.46
537276,84969,BOX OF 6 ASSORTED COLOUR TEASPOONS,1.0,2023-11-13 11:05:41,4.2,12654,4.2
537276,22386,JUMBO BAG PINK POLKADOT,2.0,2023-11-13 11:05:41,2.0,12654,4.0
537276,22086,PAPER CHAIN KIT 50'S CHRISTMAS,1.0,2023-11-13 11:05:41,2.64,12654,2.64
537277,22632,HAND WARMER RED POLKA DOT,3.0,2023-08-19 12:53:10,1.85,12496,5.55
537278,20728,LUNCH BAG CARS BLUE,1.0,2023-10-17 03:05:53,1.68,12830,1.68
537279,84969,BOX OF 6 ASSORTED COLOUR TEASPOONS,1.0,2023-04-20 15:17:33,4.42,12749,4.42
537279,20725,LUNCH BAG RED RETROSPOT,2.0,2023-04-20 15:17:33,1.73,12749,3.46
537279,84029E,RED WOOLLY HOTTIE WHITE HEART.,1.0,2023-04-20 15:17:33,3.53,12749,3.53
537280,22086,PAPER CHAIN KIT 50'S CHRISTMAS,1.0,2023-11-21 05:51:35,2.49,12905,2.49
537280,22411,JUMBO SHOPPER VINTAGE RED PAISLEY,1.0,2023-11-21 05:51:35,2.01,12905,2.01
537280,22745,POPPY'S PLAYHOUSE BEDROOM,1.0,2023-11-21 05:51:35,2.07,12905,2.07
537281,21730,GLASS STAR FROSTED T-LIGHT HOLDER,1.0,2023-06-19 21:54:20,4.37,12791,4.37
537281,84029E,RED WOOLLY HOTTIE WHITE HEART.,2.0,2023-06-19 21:54:20,3.42,12791,6.84
537281,71053,WHITE METAL LANTERN,1.0,2023-06-19 21:54:20,3.35,12791,3.35
537281,22411,JUMBO SHOPPER VINTAGE RED PAISLEY,4.0,2023-06-19 21:54:20,2.04,12791,8.16
537281,22749,POPPY'S PLAYHOUSE LIVINGROOM,3.0,2023-06-19 21:54:20,2.08,12791,6.24
537283,47566,PARTY BUNTING,2.0,2023-06-19 01:48:08,4.7,12394,9.4
537284,85099F,JUMBO BAG STRAWBERRY,1.0,2023-09-28 22:14:17,1.95,13094,1.95
537284,20728,LUNCH BAG CARS BLUE,4.0,2023-09-28 22:14:17,1.6,13094,6.4
537284,84879,ASSORTED COLOUR BIRD ORNAMENT,1.0,2023-09-28 22:14:17,1.61,13094,1.61
537284,84969,BOX OF 6 ASSORTED COLOUR TEASPOONS,2.0,2023-09-28 22:14:17,4.46,13094,8.92
537284,85123A,WHITE HANGING HEART T-LIGHT HOLDER,3.0,2023-09-28 22:14:17,2.47,13094,7.41
537285,21730,GLASS STAR FROSTED T-LIGHT HOLDER,6.0,2023-09-19 10:14:28,4.44,12607,26.64
537285,84879,ASSORTED COLOUR BIRD ORNAMENT,3.0,2023-09-19 10:14:28,1.68,12607,5.04
537285,20726,LUNCH BAG WOODLAND,2.0,2023-09-19 10:14:28,1.64,12607,3.28
537286,21730,GLASS STAR FROSTED T-LIGHT HOLDER,3.0,2023-10-17 12:31:23,4.22,12877,12.66
537286,22411,JUMBO SHOPPER VINTAGE RED PAISLEY,1.0,2023-10-17 12:31:23,1.97,12877,1.97
537286,84406B,CREAM CUPID HEARTS COAT HANGER,2.0,2023-10-17 12:31:23,2.83,12877,5.66
537286,22632,HAND WARMER RED POLKA DOT,3.0,2023-10-17 12:31:23,1.78,12877,5.34
537286,20725,LUNCH BAG RED RETROSPOT,1.0,2023-10-17 12:31:23,1.67,12877,1.67
537286,84969,BOX OF 6 ASSORTED COLOUR TEASPOONS,2.0,2023-10-17 12:31:23,4.31,12877,8.62
537287,22386,JUMBO BAG PINK POLKADOT,4.0,2023-06-14 14:42:15,1.97,12740,7.88
537287,22383,LUNCH BAG SUKI DESIGN,3.0,2023-06-14 14:42:15,1.64,12740,4.92
537287,71053,WHITE METAL LANTERN,6.0,2023-06-14 14:42:15,3.55,12740,21.3
537287,84969,BOX OF 6 ASSORTED COLOUR TEASPOONS,2.0,2023-06-14 14:42:15,4.24,12740,8.48
537287,85099B,JUMBO BAG RED RETROSPOT,1.0,2023-06-14 14:42:15,1.96,12740,1.96
537288,20727,LUNCH BAG BLACK SKULL.,4.0,2023-10-02 23:51:00,1.71,12777,6.84
537288,22310,IVORY KNITTED MUG COSY,4.0,2023-10-02 23:51:00,1.62,12777,6.48
537288,84406B,CREAM CUPID HEARTS COAT HANGER,6.0,2023-10-02 23:51:00,2.64,12777,15.84
537289,84406B,CREAM CUPID HEARTS COAT HANGER,3.0,2023-10-06 05:59:49,2.67,12651,8.01
537289,22310,IVORY KNITTED MUG COSY,3.0,2023-10-06 05:59:49,1.72,12651,5.16
537290,71053,WHITE METAL LANTERN,1.0,2023-10-22 04:01:30,3.46,13024,3.46
537290,20727,LUNCH BAG BLACK SKULL.,2.0,2023-10-22 04:01:30,1.68,13024,3.36
537290,22386,JUMBO BAG PINK POLKADOT,1.0,2023-10-22 04:01:30,1.95,13024,1.95
537291,85099B,JUMBO BAG RED RETROSPOT,4.0,2023-05-15 09:51:28,2.01,12831,8.04
537291,22386,JUMBO BAG PINK POLKADOT,1.0,2023-05-15 09:51:28,2.04,12831,2.04
537291,84969,BOX OF 6 ASSORTED COLOUR TEASPOONS,2.0,2023-05-15 09:51:28,4.07,12831,8.14
537291,22383,LUNCH BAG SUKI DESIGN,1.0,2023-05-15 09:51:28,1.66,12831,1.66
537291,21730,GLASS STAR FROSTED T-LIGHT HOLDER,3.0,2023-05-15 09:51:28,4.21,12831,12.63
537292,84969,BOX OF 6 ASSORTED COLOUR TEASPOONS,2.0,2023-08-06 07:28:40,4.17,12485,8.34
537292,22310,IVORY KNITTED MUG COSY,1.0,2023-08-06 07:28:40,1.57,12485,1.57
537292,22383,LUNCH BAG SUKI DESIGN,1.0,2023-08-06 07:28:40,1.65,12485,1.65
537292,71053,WHITE METAL LANTERN,1.0,2023-08-06 07:28:40,3.26,12485,3.26
537292,20728,LUNCH BAG CARS BLUE,1.0,2023-08-06 07:28:40,1.57,12485,1.57
537293,22382,LUNCH BAG SPACEBOY DESIGN,3.0,2023-07-01 21:26:29,1.67,12815,5.01
537293,21730,GLASS STAR FROSTED T-LIGHT HOLDER,2.0,2023-07-01 21:26:29,4.13,12815,8.26
537293,22633,HAND WARMER UNION JACK,2.0,2023-07-01 21:26:29,1.78,12815,3.56
537293,84029E,RED WOOLLY HOTTIE WHITE HEART.,2.0,2023-07-01 21:26:29,3.48,12815,6.96
537293,22383,LUNCH BAG SUKI DESIGN,1.0,2023-07-01 21:26:29,1.6,12815,1.6
537294,22411,JUMBO SHOPPER VINTAGE RED PAISLEY,1.0,2023-08-12 13:14:01,2.03,13111,2.03
537294,84406B,CREAM CUPID HEARTS COAT HANGER,1.0,2023-08-12 13:14:01,2.7,13111,2.7
537296,21931,JUMBO STORAGE BAG SUKI,1.0,2023-09-08 17:40:10,1.93,12899,1.93
537296,71053,WHITE METAL LANTERN,3.0,2023-09-08 17:40:10,3.31,12899,9.93
537298,22745,POPPY'S PLAYHOUSE BEDROOM,1.0,2023-04-17 19:14:40,2.19,13091,2.19
537299,85123A,WHITE HANGING HEART T-LIGHT HOLDER,3.0,2023-08-28 16:05:49,2.45,12878,7.35
537299,84969,BOX OF 6 ASSORTED COLOUR TEASPOONS,2.0,2023-08-28 16:05:49,4.37,12878,8.74
537299,84029E,RED WOOLLY HOTTIE WHITE HEART.,2.0,2023-08-28 16:05:49,3.23,12878,6.46
537300,84969,BOX OF 6 ASSORTED COLOUR TEASPOONS,6.0,2023-05-31 03:01:06,4.29,12817,25.74
537300,21730,GLASS STAR FROSTED T-LIGHT HOLDER,2.0,2023-05-31 03:01:06,4.09,12817,8.18
537300,71053,WHITE METAL LANTERN,1.0,2023-05-31 03:01:06,3.23,12817,3.23
537300,20727,LUNCH BAG BLACK SKULL.,3.0,2023-05-31 03:01:06,1.73,12817,5.19
537301,21931,JUMBO STORAGE BAG SUKI,6.0,2023-07-18 12:42:51,1.9,12877,11.4
537301,22632,HAND WARMER RED POLKA DOT,2.0,2023-07-18 12:42:51,1.87,12877,3.74
537301,22749,POPPY'S PLAYHOUSE LIVINGROOM,4.0,2023-07-18 12:42:51,2.14,12877,8.56
537302,47566,PARTY BUNTING,2.0,2023-11-17 14:32:31,4.44,12845,8.88
537302,22633,HAND WARMER UNION JACK,2.0,2023-11-17 14:32:31,1.86,12845,3.72
537303,20725,LUNCH BAG RED RETROSPOT,4.0,2023-10-18 10:04:27,1.65,13030,6.6
537304,22745,POPPY'S PLAYHOUSE BEDROOM,1.0,2023-06-26 21:50:49,2.09,13101,2.09
537304,85099B,JUMBO BAG RED RETROSPOT,1.0,2023-06-26 21:50:49,1.91,13101,1.91
537304,20726,LUNCH BAG WOODLAND,1.0,2023-06-26 21:50:49,1.68,13101,1.68
537304,85099F,JUMBO BAG STRAWBERRY,3.0,2023-06-26 21:50:49,1.88,13101,5.64
537305,84029E,RED WOOLLY HOTTIE WHITE HEART.,1.0,2023-05-19 16:43:09,3.45,12923,3.45
537305,85099F,JUMBO BAG STRAWBERRY,1.0,2023-05-19 16:43:09,2.03,12923,2.03
537305,22086,PAPER CHAIN KIT 50'S CHRISTMAS,2.0,2023-05-19 16:43:09,2.64,12923,5.28
537305,85099B,JUMBO BAG RED RETROSPOT,4.0,2023-05-19 16:43:09,1.96,12923,7.84
537305,84406B,CREAM CUPID HEARTS COAT HANGER,2.0,2023-05-19 16:43:09,2.77,12923,5.54
537306,20726,LUNCH BAG WOODLAND,1.0,2023-04-11 09:02:50,1.58,13030,1.58
537306,84029E,RED WOOLLY HOTTIE WHITE HEART.,4.0,2023-04-11 09:02:50,3.31,13030,13.24
537306,21931,JUMBO STORAGE BAG SUKI,2.0,2023-04-11 09:02:50,2.04,13030,4.08
537306,22384,LUNCH BAG PINK POLKADOT,1.0,2023-04-11 09:02:50,1.62,13030,1.62
537307,22411,JUMBO SHOPPER VINTAGE RED PAISLEY,4.0,2023-02-07 19:26:56,1.98,12895,7.92
537308,84969,BOX OF 6 ASSORTED COLOUR TEASPOONS,2.0,2023-04-15 01:25:58,4.24,12877,8.48
537310,22748,POPPY'S PLAYHOUSE KITCHEN,1.0,2023-10-13 09:52:06,2.16,12587,2.16
537311,71053,WHITE METAL LANTERN,1.0,2023-08-13 02:31:38,3.52,12563,3.52
537311,85099F,JUMBO BAG STRAWBERRY,2.0,2023-08-13 02:31:38,1.94,12563,3.88
537311,84879,ASSORTED COLOUR BIRD ORNAMENT,3.0,2023-08-13 02:31:38,1.76,12563,5.28
537311,84029E,RED WOOLLY HOTTIE WHITE HEART.,4.0,2023-08-13 02:31:38,3.37,12563,13.48
537311,22382,LUNCH BAG SPACEBOY DESIGN,6.0,2023-08-13 02:31:38,1.62,12563,9.72
537312,22383,LUNCH BAG SUKI DESIGN,1.0,2023-07-01 12:29:07,1.61,12619,1.61
537312,21730,GLASS STAR FROSTED T-LIGHT HOLDER,4.0,2023-07-01 12:29:07,4.11,12619,16.44
537312,22749,POPPY'S PLAYHOUSE LIVINGROOM,1.0,2023-07-01 12:29:07,2.18,12619,2.18
537312,22310,IVORY KNITTED MUG COSY,1.0,2023-07-01 12:29:07,1.72,12619,1.72
537313,20728,LUNCH BAG CARS BLUE,3.0,2023-02-12 22:55:55,1.69,12835,5.07
537313,22382,LUNCH BAG SPACEBOY DESIGN,3.0,2023-02-12 22:55:55,1.67,12835,5.01
537314,21730,GLASS STAR FROSTED T-LIGHT HOLDER,1.0,2023-05-26 18:44:18,4.05,13080,4.05
537314,84969,BOX OF 6 ASSORTED COLOUR TEASPOONS,2.0,2023-05-26 18:44:18,4.09,13080,8.18
537314,22411,JUMBO SHOPPER VINTAGE RED PAISLEY,1.0,2023-05-26 18:44:18,1.98,13080,1.98
537314,84879,ASSORTED COLOUR BIRD ORNAMENT,2.0,2023-05-26 18:44:18,1.68,13080,3.36
537314,84406B,CREAM CUPID HEARTS COAT HANGER,4.0,2023-05-26 18:44:18,2.73,13080,10.92
537315,84029E,RED WOOLLY HOTTIE WHITE HEART.,3.0,2023-10-31 06:26:00,3.25,12825,9.75
537315,85099B,JUMBO BAG RED RETROSPOT,3.0,2023-10-31 06:26:00,1.96,12825,5.88
537316,20727,LUNCH BAG BLACK SKULL.,4.0,2023-11-23 20:15:05,1.73,12736,6.92
537316,85099B,JUMBO BAG RED RETROSPOT,1.0,2023-11-23 20:15:05,1.95,12736,1.95
537319,21931,JUMBO STORAGE BAG SUKI,2.0,2023-08-15 16:58:35,1.89,12787,3.78
537320,20725,LUNCH BAG RED RETROSPOT,3.0,2023-06-23 00:33:00,1.58,12576,4.74
537320,22310,IVORY KNITTED MUG COSY,3.0,2023-06-23 00:33:00,1.71,12576,5.13
537322,20727,LUNCH BAG BLACK SKULL.,4.0,2023-11-27 15:01:10,1.65,12549,6.6
537322,22748,POPPY'S PLAYHOUSE KITCHEN,1.0,2023-11-27 15:01:10,2.05,12549,2.05
537322,22382,LUNCH BAG SPACEBOY DESIGN,1.0,2023-11-27 15:01:10,1.6,12549,1.6
537322,22310,IVORY KNITTED MUG COSY,2.0,2023-11-27 15:01:10,1.59,12549,3.18
537324,22411,JUMBO SHOPPER VINTAGE RED PAISLEY,1.0,2023-08-20 19:49:36,1.96,13128,1.96
537324,22383,LUNCH BAG SUKI DESIGN,1.0,2023-08-20 19:49:36,1.68,13128,1.68
537324,22310,IVORY KNITTED MUG COSY,2.0,2023-08-20 19:49:36,1.67,13128,3.34
537324,21730,GLASS STAR FROSTED T-LIGHT HOLDER,6.0,2023-08-20 19:49:36,4.35,13128,26.1
537325,22749,POPPY'S PLAYHOUSE LIVINGROOM,2.0,2023-04-24 02:56:24,2.09,12441,4.18
537325,84969,BOX OF 6 ASSORTED COLOUR TEASPOONS,1.0,2023-04-24 02:56:24,4.25,12441,4.25
537326,22748,POPPY'S PLAYHOUSE KITCHEN,6.0,2023-07-26 11:17:49,2.1,12670,12.6
537326,84406B,CREAM CUPID HEARTS COAT HANGER,1.0,2023-07-26 11:17:49,2.76,12670,2.76
537328,71053,WHITE METAL LANTERN,6.0,2023-07-25 11:18:29,3.25,12602,19.5
537328,22310,IVORY KNITTED MUG COSY,6.0,2023-07-25 11:18:29,1.62,12602,9.72
537328,85099B,JUMBO BAG RED RETROSPOT,2.0,2023-07-25 11:18:29,1.93,12602,3.86
537329,20727,LUNCH BAG BLACK SKULL.,4.0,2023-06-28 18:03:02,1.7,13007,6.8
537329,22632,HAND WARMER RED POLKA DOT,1.0,2023-06-28 18:03:02,1.91,13007,1.91
537330,22749,POPPY'S PLAYHOUSE LIVINGROOM,2.0,2023-08-17 21:12:21,2.14,12930,4.28
537330,20725,LUNCH BAG RED RETROSPOT,3.0,2023-08-17 21:12:21,1.66,12930,4.98
537331,85123A,WHITE HANGING HEART T-LIGHT HOLDER,1.0,2023-03-15 14:01:46,2.51,12918,2.51
537331,22748,POPPY'S PLAYHOUSE KITCHEN,1.0,2023-03-15 14:01:46,2.08,12918,2.08
537331,84969,BOX OF 6 ASSORTED COLOUR TEASPOONS,6.0,2023-03-15 14:01:46,4.29,12918,25.74
537331,22749,POPPY'S PLAYHOUSE LIVINGROOM,3.0,2023-03-15 14:01:46,2.11,12918,6.33
537332,84969,BOX OF 6 ASSORTED COLOUR TEASPOONS,3.0,2023-07-30 14:09:31,4.42,12821,13.26
537332,22382,LUNCH BAG SPACEBOY DESIGN,2.0,2023-07-30 14:09:31,1.71,12821,3.42
537334,22310,IVORY KNITTED MUG COSY,1.0,2023-08-11 23:36:36,1.58,12741,1.58
537334,84879,ASSORTED COLOUR BIRD ORNAMENT,2.0,2023-08-11 23:36:36,1.63,12741,3.26
537334,20725,LUNCH BAG RED RETROSPOT,1.0,2023-08-11 23:36:36,1.61,12741,1.61
537334,22632,HAND WARMER RED POLKA DOT,1.0,2023-08-11 23:36:36,1.87,12741,1.87
537334,47566,PARTY BUNTING,2.0,2023-08-11 23:36:36,4.74,12741,9.48
537335,84029E,RED WOOLLY HOTTIE WHITE HEART.,3.0,2023-04-27 13:27:29,3.25,12877,9.75
537335,20727,LUNCH BAG BLACK SKULL.,1.0,2023-04-27 13:27:29,1.58,12877,1.58
537336,20725,LUNCH BAG RED RETROSPOT,3.0,2023-08-06 17:31:51,1.72,13143,5.16
537336,21730,GLASS STAR FROSTED T-LIGHT HOLDER,3.0,2023-08-06 17:31:51,4.17,13143,12.51
537336,22383,LUNCH BAG SUKI DESIGN,2.0,2023-08-06 17:31:51,1.57,13143,3.14
537337,22749,POPPY'S PLAYHOUSE LIVINGROOM,2.0,2023-07-28 04:37:58,2.13,12651,4.26
537337,22748,POPPY'S PLAYHOUSE KITCHEN,1.0,2023-07-28 04:37:58,2.16,12651,2.16
537338,85123A,WHITE HANGING HEART T-LIGHT HOLDER,1.0,2023-07-08 03:35:40,2.48,13077,2.48
537339,22310,IVORY KNITTED MUG COSY,2.0,2023-06-09 13:50:27,1.62,12408,3.24
537339,85099F,JUMBO BAG STRAWBERRY,2.0,2023-06-09 13:50:27,1.89,12408,3.78
537339,21931,JUMBO STORAGE BAG SUKI,4.0,2023-06-09 13:50:27,1.94,12408,7.76
537340,71053,WHITE METAL LANTERN,1.0,2023-07-04 10:10:43,3.33,12793,3.33
537340,22086,PAPER CHAIN KIT 50'S CHRISTMAS,2.0,2023-07-04 10:10:43,2.59,12793,5.18
537341,22086,PAPER CHAIN KIT 50'S CHRISTMAS,6.0,2023-01-10 19:26:13,2.54,12927,15.24
537341,84406B,CREAM CUPID HEARTS COAT HANGER,6.0,2023-01-10 19:26:13,2.65,12927,15.9
537341,20726,LUNCH BAG WOODLAND,2.0,2023-01-10 19:26:13,1.59,12927,3.18
537341,22632,HAND WARMER RED POLKA DOT,4.0,2023-01-10 19:26:13,1.88,12927,7.52
537342,22382,LUNCH BAG SPACEBOY DESIGN,2.0,2023-08-09 07:08:34,1.62,12480,3.24
537342,21730,GLASS STAR FROSTED T-LIGHT HOLDER,1.0,2023-08-09 07:08:34,4.06,12480,4.06
537342,84029G,KNITTED UNION FLAG HOT WATER BOTTLE,3.0,2023-08-09 07:08:34,3.34,12480,10.02
537342,20727,LUNCH BAG BLACK SKULL.,1.0,2023-08-09 07:08:34,1.66,12480,1.66
537343,84969,BOX OF 6 ASSORTED COLOUR TEASPOONS,1.0,2023-09-11 17:46:35,4.37,12438,4.37
537343,85099B,JUMBO BAG RED RETROSPOT,4.0,2023-09-11 17:46:35,1.96,12438,7.84
537343,84406B,CREAM CUPID HEARTS COAT HANGER,1.0,2023-09-11 17:46:35,2.65,12438,2.65
537344,85123A,WHITE HANGING HEART T-LIGHT HOLDER,4.0,2023-07-15 08:08:54,2.49,12593,9.96
537344,85099B,JUMBO BAG RED RETROSPOT,3.0,2023-07-15 08:08:54,1.93,12593,5.79
537344,20725,LUNCH BAG RED RETROSPOT,1.0,2023-07-15 08:08:54,1.68,12593,1.68
537345,22748,POPPY'S PLAYHOUSE KITCHEN,2.0,2023-09-28 18:11:04,2.09,12747,4.18
537345,22749,POPPY'S PLAYHOUSE LIVINGROOM,1.0,2023-09-28 18:11:04,2.05,12747,2.05
537345,85123A,WHITE HANGING HEART T-LIGHT HOLDER,1.0,2023-09-28 18:11:04,2.62,12747,2.62
537345,22411,JUMBO SHOPPER VINTAGE RED PAISLEY,2.0,2023-09-28 18:11:04,1.99,12747,3.98
537345,84406B,CREAM CUPID HEARTS COAT HANGER,4.0,2023-09-28 18:11:04,2.67,12747,10.68
537345,71053,WHITE METAL LANTERN,1.0,2023-09-28 18:11:04,3.31,12747,3.31
537346,21730,GLASS STAR FROSTED T-LIGHT HOLDER,3.0,2023-09-26 00:07:19,4.16,12877,12.48
537346,47566,PARTY BUNTING,4.0,2023-09-26 00:07:19,4.85,12877,19.4
537346,22386,JUMBO BAG PINK POLKADOT,1.0,2023-09-26 00:07:19,2.01,12877,2.01
537347,22384,LUNCH BAG PINK POLKADOT,2.0,2023-09-14 04:44:19,1.57,12500,3.14
537347,84879,ASSORTED COLOUR BIRD ORNAMENT,1.0,2023-09-14 04:44:19,1.74,12500,1.74
537347,22386,JUMBO BAG PINK POLKADOT,3.0,2023-09-14 04:44:19,1.97,12500,5.91
537347,21931,JUMBO STORAGE BAG SUKI,1.0,2023-09-14 04:44:19,1.92,12500,1.92
537347,20727,LUNCH BAG BLACK SKULL.,3.0,2023-09-14 04:44:19,1.67,12500,5.01
537348,22310,IVORY KNITTED MUG COSY,1.0,2023-10-01 13:29:01,1.63,12914,1.63
537348,22386,JUMBO BAG PINK POLKADOT,1.0,2023-10-01 13:29:01,2.04,12914,2.04
537348,22382,LUNCH BAG SPACEBOY DESIGN,3.0,2023-10-01 13:29:01,1.66,12914,4.98
537348,20728,LUNCH BAG CARS BLUE,1.0,2023-10-01 13:29:01,1.68,12914,1.68
537348,20726,LUNCH BAG WOODLAND,4.0,2023-10-01 13:29:01,1.71,12914,6.84
537348,84969,BOX OF 6 ASSORTED COLOUR TEASPOONS,1.0,2023-10-01 13:29:01,4.2,12914,4.2
537350,84029E,RED WOOLLY HOTTIE WHITE HEART.,6.0,2023-07-31 08:31:16,3.56,12877,21.36
537350,21730,GLASS STAR FROSTED T-LIGHT HOLDER,1.0,2023-07-31 08:31:16,4.04,12877,4.04
537350,22383,LUNCH BAG SUKI DESIGN,1.0,2023-07-31 08:31:16,1.67,12877,1.67
537350,21931,JUMBO STORAGE BAG SUKI,1.0,2023-07-31 08:31:16,1.88,12877,1.88
537351,22386,JUMBO BAG PINK POLKADOT,2.0,2023-08-29 01:36:23,1.87,12396,3.74
537351,84879,ASSORTED COLOUR BIRD ORNAMENT,6.0,2023-08-29 01:36:23,1.62,12396,9.72
537351,20725,LUNCH BAG RED RETROSPOT,1.0,2023-08-29 01:36:23,1.7,12396,1.7
537351,84029E,RED WOOLLY HOTTIE WHITE HEART.,1.0,2023-08-29 01:36:23,3.52,12396,3.52
537351,22382,LUNCH BAG SPACEBOY DESIGN,4.0,2023-08-29 01:36:23,1.68,12396,6.72
537352,22411,JUMBO SHOPPER VINTAGE RED PAISLEY,2.0,2023-10-09 22:03:51,1.86,12379,3.72
537352,22745,POPPY'S PLAYHOUSE BEDROOM,4.0,2023-10-09 22:03:51,2.02,12379,8.08
537352,85099F,JUMBO BAG STRAWBERRY,1.0,2023-10-09 22:03:51,1.87,12379,1.87
537352,22386,JUMBO BAG PINK POLKADOT,1.0,2023-10-09 22:03:51,1.92,12379,1.92
537352,84406B,CREAM CUPID HEARTS COAT HANGER,3.0,2023-10-09 22:03:51,2.65,12379,7.95
537352,22310,IVORY KNITTED MUG COSY,6.0,2023-10-09 22:03:51,1.73,12379,10.38
537354,71053,WHITE METAL LANTERN,1.0,2023-08-28 06:32:58,3.28,12624,3.28
537354,20727,LUNCH BAG BLACK SKULL.,1.0,2023-08-28 06:32:58,1.64,12624,1.64
537355,22633,HAND WARMER UNION JACK,2.0,2023-06-18 23:39:47,1.85,12878,3.7
537355,21730,GLASS STAR FROSTED T-LIGHT HOLDER,1.0,2023-06-18 23:39:47,4.16,12878,4.16
537357,22384,LUNCH BAG PINK POLKADOT,2.0,2023-04-18 13:54:41,1.6,12397,3.2
537357,22086,PAPER CHAIN KIT 50'S CHRISTMAS,2.0,2023-04-18 13:54:41,2.56,12397,5.12
537357,84029E,RED WOOLLY HOTTIE WHITE HEART.,2.0,2023-04-18 13:54:41,3.23,12397,6.46
537357,22632,HAND WARMER RED POLKA DOT,3.0,2023-04-18 13:54:41,1.86,12397,5.58
537357,85099F,JUMBO BAG STRAWBERRY,6.0,2023-04-18 13:54:41,1.92,12397,11.52
537358,22086,PAPER CHAIN KIT 50'S CHRISTMAS,2.0,2023-11-08 21:19:59,2.53,12415,5.06
537361,21730,GLASS STAR FROSTED T-LIGHT HOLDER,6.0,2023-07-31 11:33:50,4.45,12864,26.7
537362,85123A,WHITE HANGING HEART T-LIGHT HOLDER,4.0,2023-03-06 01:58:34,2.64,12537,10.56
537362,84969,BOX OF 6 ASSORTED COLOUR TEASPOONS,6.0,2023-03-06 01:58:34,4.38,12537,26.28
537362,22411,JUMBO SHOPPER VINTAGE RED PAISLEY,1.0,2023-03-06 01:58:34,1.93,12537,1.93
537362,22384,LUNCH BAG PINK POLKADOT,2.0,2023-03-06 01:58:34,1.65,12537,3.3
537363,21931,JUMBO STORAGE BAG SUKI,3.0,2023-12-06 23:10:29,1.93,12381,5.79
537364,20727,LUNCH BAG BLACK SKULL.,1.0,2023-11-22 08:06:03,1.71,12921,1.71
537364,85099F,JUMBO BAG STRAWBERRY,6.0,2023-11-22 08:06:03,1.99,12921,11.94
537365,22749,POPPY'S PLAYHOUSE LIVINGROOM,2.0,2023-09-05 13:11:56,2.09,12877,4.18
537365,84879,ASSORTED COLOUR BIRD ORNAMENT,2.0,2023-09-05 13:11:56,1.73,12877,3.46
537365,21730,GLASS STAR FROSTED T-LIGHT HOLDER,3.0,2023-09-05 13:11:56,4.26,12877,12.78
537365,85099F,JUMBO BAG STRAWBERRY,1.0,2023-09-05 13:11:56,1.87,12877,1.87
537365,20727,LUNCH BAG BLACK SKULL.,1.0,2023-09-05 13:11:56,1.68,12877,1.68
537365,71053,WHITE METAL LANTERN,1.0,2023-09-05 13:11:56,3.31,12877,3.31
537366,21931,JUMBO STORAGE BAG SUKI,1.0,2023-09-13 08:11:52,1.99,12877,1.99
537366,22748,POPPY'S PLAYHOUSE KITCHEN,1.0,2023-09-13 08:11:52,2.15,12877,2.15
537366,20727,LUNCH BAG BLACK SKULL.,2.0,2023-09-13 08:11:52,1.67,12877,3.34
537367,84879,ASSORTED COLOUR BIRD ORNAMENT,4.0,2023-05-25 01:49:34,1.63,12921,6.52
537367,22632,HAND WARMER RED POLKA DOT,6.0,2023-05-25 01:49:34,1.8,12921,10.8
537368,22384,LUNCH BAG PINK POLKADOT,1.0,2023-07-12 18:53:12,1.68,12380,1.68
537368,22382,LUNCH BAG SPACEBOY DESIGN,2.0,2023-07-12 18:53:12,1.69,12380,3.38
537368,84969,BOX OF 6 ASSORTED COLOUR TEASPOONS,2.0,2023-07-12 18:53:12,4.1,12380,8.2
537368,22748,POPPY'S PLAYHOUSE KITCHEN,6.0,2023-07-12 18:53:12,2.0,12380,12.0
537369,22748,POPPY'S PLAYHOUSE KITCHEN,1.0,2023-09-27 02:32:30,2.09,12877,2.09
537369,22310,IVORY KNITTED MUG COSY,1.0,2023-09-27 02:32:30,1.7,12877,1.7
537369,22386,JUMBO BAG PINK POLKADOT,1.0,2023-09-27 02:32:30,1.89,12877,1.89
537370,22386,JUMBO BAG PINK POLKADOT,6.0,2023-08-06 18:01:06,1.87,12396,11.22
537370,22633,HAND WARMER UNION JACK,1.0,2023-08-06 18:01:06,1.84,12396,1.84
537370,20725,LUNCH BAG RED RETROSPOT,3.0,2023-08-06 18:01:06,1.63,12396,4.89
537371,22411,JUMBO SHOPPER VINTAGE RED PAISLEY,2.0,2023-07-23 17:33:59,1.94,12485,3.88
537371,20725,LUNCH BAG RED RETROSPOT,6.0,2023-07-23 17:33:59,1.62,12485,9.72
537371,22748,POPPY'S PLAYHOUSE KITCHEN,2.0,2023-07-23 17:33:59,2.08,12485,4.16
537371,22749,POPPY'S PLAYHOUSE LIVINGROOM,1.0,2023-07-23 17:33:59,2.0,12485,2.0
537371,22086,PAPER CHAIN KIT 50'S CHRISTMAS,1.0,2023-07-23 17:33:59,2.44,12485,2.44
537372,21730,GLASS STAR FROSTED T-LIGHT HOLDER,3.0,2023-06-27 05:01:31,4.38,12844,13.14
537372,22310,IVORY KNITTED MUG COSY,4.0,2023-06-27 05:01:31,1.62,12844,6.48
537372,85099B,JUMBO BAG RED RETROSPOT,2.0,2023-06-27 05:01:31,2.03,12844,4.06
537372,22632,HAND WARMER RED POLKA DOT,1.0,2023-06-27 05:01:31,1.85,12844,1.85
537373,22748,POPPY'S PLAYHOUSE KITCHEN,2.0,2023-11-08 19:08:55,2.14,12748,4.28
537373,22086,PAPER CHAIN KIT 50'S CHRISTMAS,3.0,2023-11-08 19:08:55,2.53,12748,7.59
537373,71053,WHITE METAL LANTERN,2.0,2023-11-08 19:08:55,3.4,12748,6.8
537373,22632,HAND WARMER RED POLKA DOT,1.0,2023-11-08 19:08:55,1.9,12748,1.9
537374,22386,JUMBO BAG PINK POLKADOT,1.0,2023-08-31 06:48:25,1.88,12792,1.88
537374,84029G,KNITTED UNION FLAG HOT WATER BOTTLE,4.0,2023-08-31 06:48:25,3.34,12792,13.36
537375,21730,GLASS STAR FROSTED T-LIGHT HOLDER,1.0,2023-10-30 13:59:37,4.34,12765,4.34
537375,22086,PAPER CHAIN KIT 50'S CHRISTMAS,2.0,2023-10-30 13:59:37,2.49,12765,4.98
537376,22745,POPPY'S PLAYHOUSE BEDROOM,6.0,2023-08-19 23:21:39,2.18,12964,13.08
537378,47566,PARTY BUNTING,1.0,2023-05-15 02:48:56,4.55,12796,4.55
537378,22382,LUNCH BAG SPACEBOY DESIGN,1.0,2023-05-15 02:48:56,1.7,12796,1.7
537378,84029E,RED WOOLLY HOTTIE WHITE HEART.,2.0,2023-05-15 02:48:56,3.55,12796,7.1
537379,20726,LUNCH BAG WOODLAND,1.0,2023-06-25 12:09:52,1.7,13127,1.7
537380,20728,LUNCH BAG CARS BLUE,1.0,2023-08-13 05:12:46,1.65,12926,1.65
537380,22384,LUNCH BAG PINK POLKADOT,3.0,2023-08-13 05:12:46,1.58,12926,4.74
537380,85099B,JUMBO BAG RED RETROSPOT,1.0,2023-08-13 05:12:46,1.98,12926,1.98
537381,84029G,KNITTED UNION FLAG HOT WATER BOTTLE,2.0,2023-07-22 03:17:41,3.23,12824,6.46
537381,22632,HAND WARMER RED POLKA DOT,2.0,2023-07-22 03:17:41,1.84,12824,3.68
537381,22745,POPPY'S PLAYHOUSE BEDROOM,1.0,2023-07-22 03:17:41,2.08,12824,2.08
537381,47566,PARTY BUNTING,1.0,2023-07-22 03:17:41,4.77,12824,4.77
537381,21931,JUMBO STORAGE BAG SUKI,3.0,2023-07-22 03:17:41,1.99,12824,5.97
537381,20725,LUNCH BAG RED RETROSPOT,3.0,2023-07-22 03:17:41,1.62,12824,4.86
537383,22386,JUMBO BAG PINK POLKADOT,2.0,2023-09-25 15:27:26,1.86,12864,3.72
537383,84879,ASSORTED COLOUR BIRD ORNAMENT,2.0,2023-09-25 15:27:26,1.65,12864,3.3
537384,22310,IVORY KNITTED MUG COSY,1.0,2023-06-29 01:41:51,1.66,13135,1.66
537384,84406B,CREAM CUPID HEARTS COAT HANGER,1.0,2023-06-29 01:41:51,2.62,13135,2.62
537384,84029E,RED WOOLLY HOTTIE WHITE HEART.,1.0,2023-06-29 01:41:51,3.35,13135,3.35
537384,20726,LUNCH BAG WOODLAND,1.0,2023-06-29 01:41:51,1.68,13135,1.68
537385,22748,POPPY'S PLAYHOUSE KITCHEN,1.0,2023-11-13 01:25:27,2.14,12538,2.14
537385,20727,LUNCH BAG BLACK SKULL.,3.0,2023-11-13 01:25:27,1.57,12538,4.71
537385,22411,JUMBO SHOPPER VINTAGE RED PAISLEY,2.0,2023-11-13 01:25:27,2.02,12538,4.04
537385,71053,WHITE METAL LANTERN,2.0,2023-11-13 01:25:27,3.39,12538,6.78
537386,22745,POPPY'S PLAYHOUSE BEDROOM,2.0,2023-07-12 14:54:43,2.07,12647,4.14
537386,22383,LUNCH BAG SUKI DESIGN,2.0,2023-07-12 14:54:43,1.6,12647,3.2
537386,22382,LUNCH BAG SPACEBOY DESIGN,4.0,2023-07-12 14:54:43,1.65,12647,6.6
537386,22384,LUNCH BAG PINK POLKADOT,6.0,2023-07-12 14:54:43,1.65,12647,9.9
537386,22632,HAND WARMER RED POLKA DOT,1.0,2023-07-12 14:54:43,1.8,12647,1.8
537386,21931,JUMBO STORAGE BAG SUKI,2.0,2023-07-12 14:54:43,1.93,12647,3.86
537387,22310,IVORY KNITTED MUG COSY,6.0,2023-02-18 10:34:36,1.72,12434,10.32
537388,71053,WHITE METAL LANTERN,4.0,2023-11-12 08:56:54,3.52,12877,14.08
537388,22383,LUNCH BAG SUKI DESIGN,1.0,2023-11-12 08:56:54,1.57,12877,1.57
537388,21931,JUMBO STORAGE BAG SUKI,2.0,2023-11-12 08:56:54,1.87,12877,3.74
537389,71053,WHITE METAL LANTERN,2.0,2023-11-02 09:40:34,3.38,12821,6.76
537390,22748,POPPY'S PLAYHOUSE KITCHEN,2.0,2023-09-18 14:24:15,2.13,12360,4.26
537390,22632,HAND WARMER RED POLKA DOT,1.0,2023-09-18 14:24:15,1.94,12360,1.94
537393,47566,PARTY BUNTING,2.0,2023-07-26 01:35:30,4.83,12428,9.66
537393,84029G,KNITTED UNION FLAG HOT WATER BOTTLE,2.0,2023-07-26 01:35:30,3.54,12428,7.08
537393,21931,JUMBO STORAGE BAG SUKI,4.0,2023-07-26 01:35:30,1.95,12428,7.8
537393,85099F,JUMBO BAG STRAWBERRY,1.0,2023-07-26 01:35:30,1.91,12428,1.91
537394,22382,LUNCH BAG SPACEBOY DESIGN,1.0,2023-09-26 10:16:26,1.66,13142,1.66
537394,22745,POPPY'S PLAYHOUSE BEDROOM,2.0,2023-09-26 10:16:26,2.0,13142,4.0
537394,84029G,KNITTED UNION FLAG HOT WATER BOTTLE,1.0,2023-09-26 10:16:26,3.32,13142,3.32
537394,22384,LUNCH BAG PINK POLKADOT,2.0,2023-09-26 10:16:26,1.6,13142,3.2
537394,22386,JUMBO BAG PINK POLKADOT,1.0,2023-09-26 10:16:26,1.92,13142,1.92
537395,21730,GLASS STAR FROSTED T-LIGHT HOLDER,3.0,2023-11-11 10:56:12,4.14,12706,12.42
537395,71053,WHITE METAL LANTERN,2.0,2023-11-11 10:56:12,3.33,12706,6.66
537395,20726,LUNCH BAG WOODLAND,4.0,2023-11-11 10:56:12,1.64,12706,6.56
537395,22632,HAND WARMER RED POLKA DOT,2.0,2023-11-11 10:56:12,1.79,12706,3.58
537396,22384,LUNCH BAG PINK POLKADOT,2.0,2023-05-26 14:00:31,1.57,12728,3.14
537396,22386,JUMBO BAG PINK POLKADOT,3.0,2023-05-26 14:00:31,1.9,12728,5.7
537396,71053,WHITE METAL LANTERN,6.0,2023-05-26 14:00:31,3.33,12728,19.98
537397,20728,LUNCH BAG CARS BLUE,2.0,2023-10-20 13:15:00,1.65,12877,3.3
537397,22748,POPPY'S PLAYHOUSE KITCHEN,2.0,2023-10-20 13:15:00,2.08,12877,4.16
537397,22382,LUNCH BAG SPACEBOY DESIGN,1.0,2023-10-20 13:15:00,1.73,12877,1.73
537398,22384,LUNCH BAG PINK POLKADOT,2.0,2023-06-28 10:00:24,1.73,12396,3.46
537398,84406B,CREAM CUPID HEARTS COAT HANGER,2.0,2023-06-28 10:00:24,2.79,12396,5.58
537398,84879,ASSORTED COLOUR BIRD ORNAMENT,3.0,2023-06-28 10:00:24,1.66,12396,4.98
537399,22745,POPPY'S PLAYHOUSE BEDROOM,1.0,2023-12-09 13:06:46,2.2,13021,2.2
537399,20725,LUNCH BAG RED RETROSPOT,4.0,2023-12-09 13:06:46,1.69,13021,6.76
537399,20727,LUNCH BAG BLACK SKULL.,4.0,2023-12-09 13:06:46,1.69,13021,6.76
537399,84406B,CREAM CUPID HEARTS COAT HANGER,1.0,2023-12-09 13:06:46,2.86,13021,2.86
537400,84879,ASSORTED COLOUR BIRD ORNAMENT,4.0,2023-09-20 14:41:19,1.73,12787,6.92
537400,84029G,KNITTED UNION FLAG HOT WATER BOTTLE,1.0,2023-09-20 14:41:19,3.44,12787,3.44
537400,20725,LUNCH BAG RED RETROSPOT,2.0,2023-09-20 14:41:19,1.69,12787,3.38
537401,22745,POPPY'S PLAYHOUSE BEDROOM,2.0,2023-10-25 02:32:39,2.11,12531,4.22
537401,22310,IVORY KNITTED MUG COSY,3.0,2023-10-25 02:32:39,1.66,12531,4.98
537402,22633,HAND WARMER UNION JACK,2.0,2023-09-21 21:30:15,1.85,12472,3.7
537402,20728,LUNCH BAG CARS BLUE,2.0,2023-09-21 21:30:15,1.72,12472,3.44
537402,71053,WHITE METAL LANTERN,1.0,2023-09-21 21:30:15,3.42,12472,3.42
537402,21931,JUMBO STORAGE BAG SUKI,2.0,2023-09-21 21:30:15,2.02,12472,4.04
537402,20727,LUNCH BAG BLACK SKULL.,1.0,2023-09-21 21:30:15,1.65,12472,1.65
537403,84029G,KNITTED UNION FLAG HOT WATER BOTTLE,6.0,2023-03-14 03:31:20,3.46,13051,20.76
537403,71053,WHITE METAL LANTERN,4.0,2023-03-14 03:31:20,3.41,13051,13.64
537403,22384,LUNCH BAG PINK POLKADOT,2.0,2023-03-14 03:31:20,1.72,13051,3.44
537404,84969,BOX OF 6 ASSORTED COLOUR TEASPOONS,2.0,2023-08-11 04:40:08,4.05,12677,8.1
537404,20727,LUNCH BAG BLACK SKULL.,1.0,2023-08-11 04:40:08,1.63,12677,1.63
537404,22386,JUMBO BAG PINK POLKADOT,1.0,2023-08-11 04:40:08,1.91,12677,1.91
537404,21730,GLASS STAR FROSTED T-LIGHT HOLDER,1.0,2023-08-11 04:40:08,4.16,12677,4.16
537406,20727,LUNCH BAG BLACK SKULL.,3.0,2023-06-27 04:33:35,1.66,12884,4.98
537407,47566,PARTY BUNTING,2.0,2023-02-28 06:13:45,4.7,13021,9.4
537407,22386,JUMBO BAG PINK POLKADOT,3.0,2023-02-28 06:13:45,1.88,13021,5.64
537407,22384,LUNCH BAG PINK POLKADOT,1.0,2023-02-28 06:13:45,1.58,13021,1.58
537407,22749,POPPY'S PLAYHOUSE LIVINGROOM,6.0,2023-02-28 06:13:45,2.02,13021,12.12
537407,22310,IVORY KNITTED MUG COSY,1.0,2023-02-28 06:13:45,1.72,13021,1.72
537407,20728,LUNCH BAG CARS BLUE,6.0,2023-02-28 06:13:45,1.72,13021,10.32
537408,85123A,WHITE HANGING HEART T-LIGHT HOLDER,1.0,2023-04-01 14:06:08,2.51,12591,2.51
537408,85099F,JUMBO BAG STRAWBERRY,2.0,2023-04-01 14:06:08,1.95,12591,3.9
537408,22745,POPPY'S PLAYHOUSE BEDROOM,4.0,2023-04-01 14:06:08,2.13,12591,8.52
537408,22748,POPPY'S PLAYHOUSE KITCHEN,1.0,2023-04-01 14:06:08,2.13,12591,2.13
537409,20725,LUNCH BAG RED RETROSPOT,2.0,2023-06-17 15:01:56,1.7,12397,3.4
537410,22382,LUNCH BAG SPACEBOY DESIGN,2.0,2023-07-25 16:48:19,1.73,13063,3.46
537411,71053,WHITE METAL LANTERN,6.0,2023-07-06 20:59:40,3.44,12496,20.64
537412,22310,IVORY KNITTED MUG COSY,3.0,2023-09-07 22:21:38,1.7,12877,5.1
537412,20728,LUNCH BAG CARS BLUE,1.0,2023-09-07 22:21:38,1.69,12877,1.69
537412,47566,PARTY BUNTING,1.0,2023-09-07 22:21:38,4.57,12877,4.57
537413,22749,POPPY'S PLAYHOUSE LIVINGROOM,6.0,2023-09-27 23:31:52,2.13,13051,12.78
537413,22748,POPPY'S PLAYHOUSE KITCHEN,2.0,2023-09-27 23:31:52,2.17,13051,4.34
537413,85099B,JUMBO BAG RED RETROSPOT,1.0,2023-09-27 23:31:52,1.99,13051,1.99
537413,22745,POPPY'S PLAYHOUSE BEDROOM,2.0,2023-09-27 23:31:52,2.0,13051,4.0
537413,20728,LUNCH BAG CARS BLUE,2.0,2023-09-27 23:31:52,1.7,13051,3.4
537414,84406B,CREAM CUPID HEARTS COAT HANGER,6.0,2023-05-14 12:48:07,2.85,12877,17.1
537414,85099B,JUMBO BAG RED RETROSPOT,4.0,2023-05-14 12:48:07,1.91,12877,7.64
537414,20725,LUNCH BAG RED RETROSPOT,1.0,2023-05-14 12:48:07,1.73,12877,1.73
537414,84029G,KNITTED UNION FLAG HOT WATER BOTTLE,3.0,2023-05-14 12:48:07,3.24,12877,9.72
537415,22749,POPPY'S PLAYHOUSE LIVINGROOM,2.0,2023-09-23 16:48:54,2.04,12877,4.08
537415,84879,ASSORTED COLOUR BIRD ORNAMENT,2.0,2023-09-23 16:48:54,1.7,12877,3.4
537415,22632,HAND WARMER RED POLKA DOT,2.0,2023-09-23 16:48:54,1.79,12877,3.58
537415,22386,JUMBO BAG PINK POLKADOT,2.0,2023-09-23 16:48:54,1.86,12877,3.72
537416,84029E,RED WOOLLY HOTTIE WHITE HEART.,2.0,2023-11-09 00:46:39,3.26,12819,6.52
537416,47566,PARTY BUNTING,3.0,2023-11-09 00:46:39,4.45,12819,13.35
537416,20725,LUNCH BAG RED RETROSPOT,1.0,2023-11-09 00:46:39,1.66,12819,1.66
537416,22310,IVORY KNITTED MUG COSY,6.0,2023-11-09 00:46:39,1.62,12819,9.72
537416,22386,JUMBO BAG PINK POLKADOT,1.0,2023-11-09 00:46:39,1.95,12819,1.95
537417,84969,BOX OF 6 ASSORTED COLOUR TEASPOONS,3.0,2023-12-02 07:38:43,4.07,13078,12.21
537417,22386,JUMBO BAG PINK POLKADOT,4.0,2023-12-02 07:38:43,2.02,13078,8.08
537418,22382,LUNCH BAG SPACEBOY DESIGN,4.0,2023-11-17 21:49:26,1.68,12635,6.72
537418,22384,LUNCH BAG PINK POLKADOT,1.0,2023-11-17 21:49:26,1.58,12635,1.58
537418,22310,IVORY KNITTED MUG COSY,2.0,2023-11-17 21:49:26,1.71,12635,3.42
537418,47566,PARTY BUNTING,2.0,2023-11-17 21:49:26,4.85,12635,9.7
537421,84406B,CREAM CUPID HEARTS COAT HANGER,2.0,2023-08-10 14:28:48,2.86,13063,5.72
537421,20726,LUNCH BAG WOODLAND,3.0,2023-08-10 14:28:48,1.63,13063,4.89
537422,85123A,WHITE HANGING HEART T-LIGHT HOLDER,3.0,2023-11-25 10:43:35,2.46,13097,7.38
537422,22633,HAND WARMER UNION JACK,6.0,2023-11-25 10:43:35,1.77,13097,10.62
537422,84969,BOX OF 6 ASSORTED COLOUR TEASPOONS,2.0,2023-11-25 10:43:35,4.23,13097,8.46
537423,84029G,KNITTED UNION FLAG HOT WATER BOTTLE,1.0,2023-04-26 20:25:58,3.38,12651,3.38
537423,71053,WHITE METAL LANTERN,2.0,2023-04-26 20:25:58,3.24,12651,6.48
537423,85099F,JUMBO BAG STRAWBERRY,3.0,2023-04-26 20:25:58,2.0,12651,6.0
537423,22086,PAPER CHAIN KIT 50'S CHRISTMAS,4.0,2023-04-26 20:25:58,2.65,12651,10.6
537425,22086,PAPER CHAIN KIT 50'S CHRISTMAS,2.0,2023-03-15 15:22:16,2.51,12576,5.02
537425,84029E,RED WOOLLY HOTTIE WHITE HEART.,1.0,2023-03-15 15:22:16,3.33,12576,3.33
537425,20726,LUNCH BAG WOODLAND,1.0,2023-03-15 15:22:16,1.64,12576,1.64
537425,71053,WHITE METAL LANTERN,2.0,2023-03-15 15:22:16,3.32,12576,6.64
537426,84406B,CREAM CUPID HEARTS COAT HANGER,1.0,2023-09-07 13:51:16,2.79,12758,2.79
537426,21931,JUMBO STORAGE BAG SUKI,2.0,2023-09-07 13:51:16,1.94,12758,3.88
537426,22633,HAND WARMER UNION JACK,4.0,2023-09-07 13:51:16,1.8,12758,7.2
537426,84029E,RED WOOLLY HOTTIE WHITE HEART.,2.0,2023-09-07 13:51:16,3.52,12758,7.04
537427,20728,LUNCH BAG CARS BLUE,1.0,2023-10-22 06:24:01,1.65,12617,1.65
537428,21931,JUMBO STORAGE BAG SUKI,1.0,2023-10-26 19:12:33,1.97,12877,1.97
537428,85099F,JUMBO BAG STRAWBERRY,3.0,2023-10-26 19:12:33,2.01,12877,6.03
537428,71053,WHITE METAL LANTERN,2.0,2023-10-26 19:12:33,3.46,12877,6.92
537428,84029G,KNITTED UNION FLAG HOT WATER BOTTLE,1.0,2023-10-26 19:12:33,3.33,12877,3.33
537428,47566,PARTY BUNTING,2.0,2023-10-26 19:12:33,4.85,12877,9.7
537429,84406B,CREAM CUPID HEARTS COAT HANGER,3.0,2023-09-29 07:09:25,2.84,12496,8.52
537429,21931,JUMBO STORAGE BAG SUKI,1.0,2023-09-29 07:09:25,1.94,12496,1.94
537429,20725,LUNCH BAG RED RETROSPOT,3.0,2023-09-29 07:09:25,1.63,12496,4.89
537429,22633,HAND WARMER UNION JACK,2.0,2023-09-29 07:09:25,1.82,12496,3.64
537429,71053,WHITE METAL LANTERN,1.0,2023-09-29 07:09:25,3.25,12496,3.25
537430,85099F,JUMBO BAG STRAWBERRY,1.0,2023-10-02 22:59:19,2.01,12877,2.01
537430,22749,POPPY'S PLAYHOUSE LIVINGROOM,3.0,2023-10-02 22:59:19,2.09,12877,6.27
537430,20726,LUNCH BAG WOODLAND,6.0,2023-10-02 22:59:19,1.71,12877,10.26
537431,47566,PARTY BUNTING,1.0,2023-06-15 14:29:15,4.8,12670,4.8
537431,22086,PAPER CHAIN KIT 50'S CHRISTMAS,2.0,2023-06-15 14:29:15,2.43,12670,4.86
537431,84029E,RED WOOLLY HOTTIE WHITE HEART.,4.0,2023-06-15 14:29:15,3.53,12670,14.12
537433,22310,IVORY KNITTED MUG COSY,1.0,2023-08-01 09:11:31,1.72,13024,1.72
537433,47566,PARTY BUNTING,1.0,2023-08-01 09:11:31,4.54,13024,4.54
537433,85099F,JUMBO BAG STRAWBERRY,4.0,2023-08-01 09:11:31,1.87,13024,7.48
537434,22384,LUNCH BAG PINK POLKADOT,1.0,2023-04-07 17:47:33,1.65,12587,1.65
537434,22386,JUMBO BAG PINK POLKADOT,6.0,2023-04-07 17:47:33,2.0,12587,12.0
537435,22386,JUMBO BAG PINK POLKADOT,2.0,2023-10-22 19:41:40,1.87,12695,3.74
537436,22745,POPPY'S PLAYHOUSE BEDROOM,2.0,2023-11-26 20:15:31,2.19,12991,4.38
537436,85123A,WHITE HANGING HEART T-LIGHT HOLDER,6.0,2023-11-26 20:15:31,2.66,12991,15.96
537437,22411,JUMBO SHOPPER VINTAGE RED PAISLEY,1.0,2023-10-22 08:11:57,1.89,13024,1.89
537437,22748,POPPY'S PLAYHOUSE KITCHEN,2.0,2023-10-22 08:11:57,2.01,13024,4.02
537437,22382,LUNCH BAG SPACEBOY DESIGN,2.0,2023-10-22 08:11:57,1.64,13024,3.28
537441,84029E,RED WOOLLY HOTTIE WHITE HEART.,1.0,2023-06-30 17:19:29,3.25,12712,3.25
537441,22633,HAND WARMER UNION JACK,2.0,2023-06-30 17:19:29,1.94,12712,3.88
537442,22748,POPPY'S PLAYHOUSE KITCHEN,3.0,2023-09-29 01:24:34,2.14,12591,6.42
537442,20728,LUNCH BAG CARS BLUE,1.0,2023-09-29 01:24:34,1.68,12591,1.68
537442,22411,JUMBO SHOPPER VINTAGE RED PAISLEY,2.0,2023-09-29 01:24:34,1.92,12591,3.84
537442,84879,ASSORTED COLOUR BIRD ORNAMENT,4.0,2023-09-29 01:24:34,1.67,12591,6.68
537443,85123A,WHITE HANGING HEART T-LIGHT HOLDER,4.0,2023-11-22 10:30:56,2.61,12855,10.44
537443,21931,JUMBO STORAGE BAG SUKI,2.0,2023-11-22 10:30:56,1.94,12855,3.88
537444,20727,LUNCH BAG BLACK SKULL.,1.0,2023-07-22 00:53:04,1.67,12650,1.67
537444,21730,GLASS STAR FROSTED T-LIGHT HOLDER,2.0,2023-07-22 00:53:04,4.19,12650,8.38
537445,22384,LUNCH BAG PINK POLKADOT,1.0,2023-08-20 23:24:34,1.66,12921,1.66
537445,84969,BOX OF 6 ASSORTED COLOUR TEASPOONS,2.0,2023-08-20 23:24:34,4.39,12921,8.78
537445,84029G,KNITTED UNION FLAG HOT WATER BOTTLE,3.0,2023-08-20 23:24:34,3.31,12921,9.93
537445,22749,POPPY'S PLAYHOUSE LIVINGROOM,2.0,2023-08-20 23:24:34,2.18,12921,4.36
537447,71053,WHITE METAL LANTERN,2.0,2023-03-06 01:16:09,3.51,12877,7.02
537447,20727,LUNCH BAG BLACK SKULL.,2.0,2023-03-06 01:16:09,1.65,12877,3.3
537447,22384,LUNCH BAG PINK POLKADOT,4.0,2023-03-06 01:16:09,1.69,12877,6.76
537447,22383,LUNCH BAG SUKI DESIGN,2.0,2023-03-06 01:16:09,1.63,12877,3.26
537448,22384,LUNCH BAG PINK POLKADOT,1.0,2023-08-03 18:25:10,1.61,12458,1.61
537448,21931,JUMBO STORAGE BAG SUKI,2.0,2023-08-03 18:25:10,2.01,12458,4.02
537448,20725,LUNCH BAG RED RETROSPOT,1.0,2023-08-03 18:25:10,1.71,12458,1.71
537448,20728,LUNCH BAG CARS BLUE,1.0,2023-08-03 18:25:10,1.67,12458,1.67
537448,85123A,WHITE HANGING HEART T-LIGHT HOLDER,3.0,2023-08-03 18:25:10,2.63,12458,7.89
537448,22383,LUNCH BAG SUKI DESIGN,1.0,2023-08-03 18:25:10,1.69,12458,1.69
537449,22384,LUNCH BAG PINK POLKADOT,1.0,2023-10-07 11:18:13,1.7,12877,1.7
537449,22632,HAND WARMER RED POLKA DOT,1.0,2023-10-07 11:18:13,1.91,12877,1.91
537450,22086,PAPER CHAIN KIT 50'S CHRISTMAS,4.0,2023-08-07 19:51:55,2.51,12921,10.04
537450,20726,LUNCH BAG WOODLAND,4.0,2023-08-07 19:51:55,1.7,12921,6.8
537450,84029G,KNITTED UNION FLAG HOT WATER BOTTLE,6.0,2023-08-07 19:51:55,3.28,12921,19.68
537450,22632,HAND WARMER RED POLKA DOT,6.0,2023-08-07 19:51:55,1.79,12921,10.74
537451,84879,ASSORTED COLOUR BIRD ORNAMENT,1.0,2023-06-15 17:44:32,1.68,12961,1.68
537451,85123A,WHITE HANGING HEART T-LIGHT HOLDER,4.0,2023-06-15 17:44:32,2.51,12961,10.04
537451,85099F,JUMBO BAG STRAWBERRY,1.0,2023-06-15 17:44:32,2.0,12961,2.0
537451,21730,GLASS STAR FROSTED T-LIGHT HOLDER,3.0,2023-06-15 17:44:32,4.15,12961,12.45
537452,20725,LUNCH BAG RED RETROSPOT,2.0,2023-11-16 16:18:44,1.59,13046,3.18
537452,84969,BOX OF 6 ASSORTED COLOUR TEASPOONS,1.0,2023-11-16 16:18:44,4.12,13046,4.12
537452,22749,POPPY'S PLAYHOUSE LIVINGROOM,3.0,2023-11-16 16:18:44,2.03,13046,6.09
537452,22383,LUNCH BAG SUKI DESIGN,3.0,2023-11-16 16:18:44,1.62,13046,4.86
537452,22411,JUMBO SHOPPER VINTAGE RED PAISLEY,3.0,2023-11-16 16:18:44,1.9,13046,5.7
537452,85123A,WHITE HANGING HEART T-LIGHT HOLDER,2.0,2023-11-16 16:18:44,2.64,13046,5.28
537454,22749,POPPY'S PLAYHOUSE LIVINGROOM,2.0,2023-07-14 13:08:09,2.13,12877,4.26
537454,20725,LUNCH BAG RED RETROSPOT,2.0,2023-07-14 13:08:09,1.68,12877,3.36
537454,22748,POPPY'S PLAYHOUSE KITCHEN,2.0,2023-07-14 13:08:09,2.05,12877,4.1
537455,22384,LUNCH BAG PINK POLKADOT,4.0,2023-11-25 12:13:47,1.68,12577,6.72
537455,21931,JUMBO STORAGE BAG SUKI,1.0,2023-11-25 12:13:47,2.03,12577,2.03
537455,22748,POPPY'S PLAYHOUSE KITCHEN,2.0,2023-11-25 12:13:47,2.17,12577,4.34
537455,47566,PARTY BUNTING,6.0,2023-11-25 12:13:47,4.84,12577,29.04
537455,22411,JUMBO SHOPPER VINTAGE RED PAISLEY,1.0,2023-11-25 12:13:47,1.88,12577,1.88
537456,22748,POPPY'S PLAYHOUSE KITCHEN,2.0,2023-08-16 22:03:06,2.15,12820,4.3
537456,21730,GLASS STAR FROSTED T-LIGHT HOLDER,6.0,2023-08-16 22:03:06,4.16,12820,24.96
537456,84879,ASSORTED COLOUR BIRD ORNAMENT,1.0,2023-08-16 22:03:06,1.64,12820,1.64
537456,20728,LUNCH BAG CARS BLUE,4.0,2023-08-16 22:03:06,1.65,12820,6.6
537457,22384,LUNCH BAG PINK POLKADOT,4.0,2023-09-13 00:35:12,1.68,12374,6.72
537459,84029G,KNITTED UNION FLAG HOT WATER BOTTLE,1.0,2023-08-30 20:42:38,3.41,12817,3.41
537459,84406B,CREAM CUPID HEARTS COAT HANGER,1.0,2023-08-30 20:42:38,2.83,12817,2.83
537459,85099B,JUMBO BAG RED RETROSPOT,2.0,2023-08-30 20:42:38,1.92,12817,3.84
537459,22386,JUMBO BAG PINK POLKADOT,1.0,2023-08-30 20:42:38,1.91,12817,1.91
537460,84029E,RED WOOLLY HOTTIE WHITE HEART.,2.0,2023-12-09 17:21:11,3.47,12877,6.94
537460,22632,HAND WARMER RED POLKA DOT,1.0,2023-12-09 17:21:11,1.78,12877,1.78
537460,84406B,CREAM CUPID HEARTS COAT HANGER,3.0,2023-12-09 17:21:11,2.63,12877,7.89
537460,22745,POPPY'S PLAYHOUSE BEDROOM,3.0,2023-12-09 17:21:11,2.03,12877,6.09
537461,22411,JUMBO SHOPPER VINTAGE RED PAISLEY,4.0,2023-11-21 05:10:01,2.03,12854,8.12
537461,22383,LUNCH BAG SUKI DESIGN,2.0,2023-11-21 05:10:01,1.63,12854,3.26
537461,71053,WHITE METAL LANTERN,6.0,2023-11-21 05:10:01,3.41,12854,20.46
537461,22632,HAND WARMER RED POLKA DOT,2.0,2023-11-21 05:10:01,1.81,12854,3.62
537461,84029G,KNITTED UNION FLAG HOT WATER BOTTLE,1.0,2023-11-21 05:10:01,3.24,12854,3.24
537461,84406B,CREAM CUPID HEARTS COAT HANGER,1.0,2023-11-21 05:10:01,2.64,12854,2.64
537462,22749,POPPY'S PLAYHOUSE LIVINGROOM,4.0,2023-07-16 02:18:04,2.04,13063,8.16
537462,22633,HAND WARMER UNION JACK,1.0,2023-07-16 02:18:04,1.82,13063,1.82
537462,71053,WHITE METAL LANTERN,3.0,2023-07-16 02:18:04,3.55,13063,10.65
537462,22382,LUNCH BAG SPACEBOY DESIGN,4.0,2023-07-16 02:18:04,1.63,13063,6.52
537465,85099F,JUMBO BAG STRAWBERRY,1.0,2023-08-06 03:31:52,1.97,12639,1.97
537466,20728,LUNCH BAG CARS BLUE,4.0,2023-10-09 00:40:35,1.64,13104,6.56
537468,20726,LUNCH BAG WOODLAND,3.0,2023-08-13 10:01:16,1.72,12877,5.16
537469,22411,JUMBO SHOPPER VINTAGE RED PAISLEY,6.0,2023-08-05 22:30:43,1.97,12877,11.82
537469,85123A,WHITE HANGING HEART T-LIGHT HOLDER,6.0,2023-08-05 22:30:43,2.58,12877,15.48
537469,47566,PARTY BUNTING,6.0,2023-08-05 22:30:43,4.8,12877,28.8
537470,22749,POPPY'S PLAYHOUSE LIVINGROOM,3.0,2023-10-05 23:57:26,2.15,12826,6.45
537470,84029E,RED WOOLLY HOTTIE WHITE HEART.,1.0,2023-10-05 23:57:26,3.52,12826,3.52
537470,22310,IVORY KNITTED MUG COSY,4.0,2023-10-05 23:57:26,1.59,12826,6.36
537470,22383,LUNCH BAG SUKI DESIGN,1.0,2023-10-05 23:57:26,1.6,12826,1.6
537471,22386,JUMBO BAG PINK POLKADOT,6.0,2023-08-04 21:58:07,2.04,12574,12.24
537471,21730,GLASS STAR FROSTED T-LIGHT HOLDER,1.0,2023-08-04 21:58:07,4.26,12574,4.26
537471,84879,ASSORTED COLOUR BIRD ORNAMENT,2.0,2023-08-04 21:58:07,1.76,12574,3.52
537472,85099B,JUMBO BAG RED RETROSPOT,6.0,2023-08-27 23:09:55,1.89,12483,11.34
537472,22383,LUNCH BAG SUKI DESIGN,1.0,2023-08-27 23:09:55,1.72,12483,1.72
537474,22749,POPPY'S PLAYHOUSE LIVINGROOM,1.0,2023-05-04 17:25:58,2.19,12830,2.19
537474,84029G,KNITTED UNION FLAG HOT WATER BOTTLE,1.0,2023-05-04 17:25:58,3.23,12830,3.23
537474,22633,HAND WARMER UNION JACK,1.0,2023-05-04 17:25:58,1.81,12830,1.81
537474,20728,LUNCH BAG CARS BLUE,2.0,2023-05-04 17:25:58,1.58,12830,3.16
537474,22411,JUMBO SHOPPER VINTAGE RED PAISLEY,4.0,2023-05-04 17:25:58,1.99,12830,7.96
537475,21931,JUMBO STORAGE BAG SUKI,6.0,2023-09-27 23:46:58,1.97,12961,11.82
537475,22383,LUNCH BAG SUKI DESIGN,1.0,2023-09-27 23:46:58,1.72,12961,1.72
537475,85099F,JUMBO BAG STRAWBERRY,4.0,2023-09-27 23:46:58,2.01,12961,8.04
537475,22745,POPPY'S PLAYHOUSE BEDROOM,1.0,2023-09-27 23:46:58,2.19,12961,2.19
537475,22411,JUMBO SHOPPER VINTAGE RED PAISLEY,2.0,2023-09-27 23:46:58,2.0,12961,4.0
537475,85099B,JUMBO BAG RED RETROSPOT,2.0,2023-09-27 23:46:58,2.04,12961,4.08
537476,84029G,KNITTED UNION FLAG HOT WATER BOTTLE,1.0,2023-03-04 10:31:06,3.27,12472,3.27
537477,21931,JUMBO STORAGE BAG SUKI,1.0,2023-08-23 04:15:19,1.97,12651,1.97
537477,22748,POPPY'S PLAYHOUSE KITCHEN,6.0,2023-08-23 04:15:19,2.06,12651,12.36
537477,20726,LUNCH BAG WOODLAND,2.0,2023-08-23 04:15:19,1.67,12651,3.34
537477,84029G,KNITTED UNION FLAG HOT WATER BOTTLE,1.0,2023-08-23 04:15:19,3.35,12651,3.35
537479,22086,PAPER CHAIN KIT 50'S CHRISTMAS,4.0,2023-09-22 05:10:11,2.51,12900,10.04
537479,21730,GLASS STAR FROSTED T-LIGHT HOLDER,4.0,2023-09-22 05:10:11,4.12,12900,16.48
537481,84029G,KNITTED UNION FLAG HOT WATER BOTTLE,1.0,2023-03-03 21:47:13,3.37,12624,3.37
537481,84406B,CREAM CUPID HEARTS COAT HANGER,2.0,2023-03-03 21:47:13,2.85,12624,5.7
537481,84029E,RED WOOLLY HOTTIE WHITE HEART.,4.0,2023-03-03 21:47:13,3.38,12624,13.52
537481,22748,POPPY'S PLAYHOUSE KITCHEN,1.0,2023-03-03 21:47:13,2.0,12624,2.0
537482,84969,BOX OF 6 ASSORTED COLOUR TEASPOONS,4.0,2023-07-30 15:00:53,4.31,12877,17.24
537483,84406B,CREAM CUPID HEARTS COAT HANGER,1.0,2023-10-29 13:07:09,2.81,12486,2.81
537483,22384,LUNCH BAG PINK POLKADOT,3.0,2023-10-29 13:07:09,1.59,12486,4.77
537483,85099B,JUMBO BAG RED RETROSPOT,3.0,2023-10-29 13:07:09,1.99,12486,5.97
537483,20725,LUNCH BAG RED RETROSPOT,4.0,2023-10-29 13:07:09,1.6,12486,6.4
537484,84406B,CREAM CUPID HEARTS COAT HANGER,2.0,2023-06-16 05:42:31,2.61,12877,5.22
537484,22745,POPPY'S PLAYHOUSE BEDROOM,2.0,2023-06-16 05:42:31,2.06,12877,4.12
537486,85099F,JUMBO BAG STRAWBERRY,2.0,2023-03-16 11:04:44,2.04,12810,4.08
537487,22632,HAND WARMER RED POLKA DOT,2.0,2023-07-25 08:20:08,1.81,12706,3.62
537487,84029E,RED WOOLLY HOTTIE WHITE HEART.,1.0,2023-07-25 08:20:08,3.36,12706,3.36
537487,22633,HAND WARMER UNION JACK,6.0,2023-07-25 08:20:08,1.8,12706,10.8
537487,22748,POPPY'S PLAYHOUSE KITCHEN,6.0,2023-07-25 08:20:08,2.07,12706,12.42
537487,21730,GLASS STAR FROSTED T-LIGHT HOLDER,1.0,2023-07-25 08:20:08,4.34,12706,4.34
537488,20727,LUNCH BAG BLACK SKULL.,4.0,2023-08-20 14:21:38,1.59,12749,6.36
537488,22386,JUMBO BAG PINK POLKADOT,2.0,2023-08-20 14:21:38,2.03,12749,4.06
537488,22633,HAND WARMER UNION JACK,1.0,2023-08-20 14:21:38,1.85,12749,1.85
537488,71053,WHITE METAL LANTERN,3.0,2023-08-20 14:21:38,3.29,12749,9.87
537488,22310,IVORY KNITTED MUG COSY,1.0,2023-08-20 14:21:38,1.62,12749,1.62
537489,20728,LUNCH BAG CARS BLUE,1.0,2023-10-18 03:32:56,1.67,12940,1.67
537489,47566,PARTY BUNTING,4.0,2023-10-18 03:32:56,4.54,12940,18.16
537489,22382,LUNCH BAG SPACEBOY DESIGN,1.0,2023-10-18 03:32:56,1.72,12940,1.72
537489,22411,JUMBO SHOPPER VINTAGE RED PAISLEY,1.0,2023-10-18 03:32:56,1.86,12940,1.86
537489,22386,JUMBO BAG PINK POLKADOT,3.0,2023-10-18 03:32:56,1.92,12940,5.76
537490,22749,POPPY'S PLAYHOUSE LIVINGROOM,2.0,2023-09-19 23:42:31,2.2,13030,4.4
537490,22086,PAPER CHAIN KIT 50'S CHRISTMAS,1.0,2023-09-19 23:42:31,2.56,13030,2.56
537490,84969,BOX OF 6 ASSORTED COLOUR TEASPOONS,3.0,2023-09-19 23:42:31,4.25,13030,12.75
537491,22383,LUNCH BAG SUKI DESIGN,3.0,2023-07-29 07:41:10,1.58,12758,4.74
537491,22748,POPPY'S PLAYHOUSE KITCHEN,6.0,2023-07-29 07:41:10,2.13,12758,12.78
537491,20727,LUNCH BAG BLACK SKULL.,2.0,2023-07-29 07:41:10,1.67,12758,3.34
537491,47566,PARTY BUNTING,1.0,2023-07-29 07:41:10,4.42,12758,4.42
537493,85099F,JUMBO BAG STRAWBERRY,6.0,2023-08-12 02:44:26,2.02,12875,12.12
537493,21931,JUMBO STORAGE BAG SUKI,1.0,2023-08-12 02:44:26,1.9,12875,1.9
537493,20727,LUNCH BAG BLACK SKULL.,4.0,2023-08-12 02:44:26,1.72,12875,6.88
537493,20726,LUNCH BAG WOODLAND,2.0,2023-08-12 02:44:26,1.72,12875,3.44
537493,85123A,WHITE HANGING HEART T-LIGHT HOLDER,2.0,2023-08-12 02:44:26,2.49,12875,4.98
537493,20728,LUNCH BAG CARS BLUE,1.0,2023-08-12 02:44:26,1.65,12875,1.65
537494,22384,LUNCH BAG PINK POLKADOT,1.0,2023-10-07 04:07:41,1.6,12450,1.6
537494,85099B,JUMBO BAG RED RETROSPOT,2.0,2023-10-07 04:07:41,2.03,12450,4.06
537494,22310,IVORY KNITTED MUG COSY,1.0,2023-10-07 04:07:41,1.6,12450,1.6
537494,22382,LUNCH BAG SPACEBOY DESIGN,2.0,2023-10-07 04:07:41,1.57,12450,3.14
537495,22384,LUNCH BAG PINK POLKADOT,2.0,2023-03-22 23:25:22,1.67,12357,3.34
537495,20725,LUNCH BAG RED RETROSPOT,1.0,2023-03-22 23:25:22,1.67,12357,1.67
537497,22383,LUNCH BAG SUKI DESIGN,2.0,2023-02-12 19:57:38,1.58,12855,3.16
537497,20725,LUNCH BAG RED RETROSPOT,2.0,2023-02-12 19:57:38,1.71,12855,3.42
537497,20727,LUNCH BAG BLACK SKULL.,3.0,2023-02-12 19:57:38,1.71,12855,5.13
537498,22633,HAND WARMER UNION JACK,1.0,2023-07-31 06:01:32,1.92,12904,1.92
537498,22749,POPPY'S PLAYHOUSE LIVINGROOM,3.0,2023-07-31 06:01:32,2.01,12904,6.03
537498,22386,JUMBO BAG PINK POLKADOT,1.0,2023-07-31 06:01:32,1.98,12904,1.98
537498,71053,WHITE METAL LANTERN,1.0,2023-07-31 06:01:32,3.54,12904,3.54
537498,22632,HAND WARMER RED POLKA DOT,4.0,2023-07-31 06:01:32,1.89,12904,7.56
537499,20728,LUNCH BAG CARS BLUE,1.0,2023-11-03 16:03:09,1.69,12864,1.69
537499,84029G,KNITTED UNION FLAG HOT WATER BOTTLE,1.0,2023-11-03 16:03:09,3.31,12864,3.31
537499,22748,POPPY'S PLAYHOUSE KITCHEN,2.0,2023-11-03 16:03:09,2.11,12864,4.22
537499,47566,PARTY BUNTING,2.0,2023-11-03 16:03:09,4.51,12864,9.02
537500,84969,BOX OF 6 ASSORTED COLOUR TEASPOONS,3.0,2023-09-14 04:14:48,4.07,12817,12.21
537501,20725,LUNCH BAG RED RETROSPOT,2.0,2023-03-02 10:35:03,1.67,13049,3.34
537501,22633,HAND WARMER UNION JACK,4.0,2023-03-02 10:35:03,1.88,13049,7.52
537501,22086,PAPER CHAIN KIT 50'S CHRISTMAS,6.0,2023-03-02 10:35:03,2.47,13049,14.82
537501,22632,HAND WARMER RED POLKA DOT,2.0,2023-03-02 10:35:03,1.91,13049,3.82
537501,22411,JUMBO SHOPPER VINTAGE RED PAISLEY,1.0,2023-03-02 10:35:03,2.01,13049,2.01
537502,22749,POPPY'S PLAYHOUSE LIVINGROOM,1.0,2023-11-01 16:01:45,2.14,12588,2.14
537502,21730,GLASS STAR FROSTED T-LIGHT HOLDER,6.0,2023-11-01 16:01:45,4.41,12588,26.46
537503,84406B,CREAM CUPID HEARTS COAT HANGER,1.0,2023-10-17 23:59:42,2.75,12927,2.75
537503,84029G,KNITTED UNION FLAG HOT WATER BOTTLE,4.0,2023-10-17 23:59:42,3.26,12927,13.04
537504,22384,LUNCH BAG PINK POLKADOT,6.0,2023-05-16 09:29:55,1.61,12358,9.66
537504,85099B,JUMBO BAG RED RETROSPOT,1.0,2023-05-16 09:29:55,1.91,12358,1.91
537504,84969,BOX OF 6 ASSORTED COLOUR TEASPOONS,2.0,2023-05-16 09:29:55,4.23,12358,8.46
537504,22086,PAPER CHAIN KIT 50'S CHRISTMAS,1.0,2023-05-16 09:29:55,2.55,12358,2.55
537505,22632,HAND WARMER RED POLKA DOT,3.0,2023-07-20 20:58:46,1.81,12940,5.43
537505,22633,HAND WARMER UNION JACK,6.0,2023-07-20 20:58:46,1.76,12940,10.56
537505,22745,POPPY'S PLAYHOUSE BEDROOM,2.0,2023-07-20 20:58:46,2.02,12940,4.04
537505,22086,PAPER CHAIN KIT 50'S CHRISTMAS,3.0,2023-07-20 20:58:46,2.52,12940,7.56
537507,20726,LUNCH BAG WOODLAND,1.0,2023-11-12 01:46:27,1.63,12588,1.63
537507,71053,WHITE METAL LANTERN,6.0,2023-11-12 01:46:27,3.5,12588,21.0
537507,85123A,WHITE HANGING HEART T-LIGHT HOLDER,1.0,2023-11-12 01:46:27,2.47,12588,2.47
537507,84406B,CREAM CUPID HEARTS COAT HANGER,1.0,2023-11-12 01:46:27,2.72,12588,2.72
537508,84029G,KNITTED UNION FLAG HOT WATER BOTTLE,2.0,2023-08-10 04:06:45,3.54,12868,7.08
537508,85099B,JUMBO BAG RED RETROSPOT,1.0,2023-08-10 04:06:45,1.88,12868,1.88
537508,85123A,WHITE HANGING HEART T-LIGHT HOLDER,3.0,2023-08-10 04:06:45,2.49,12868,7.47
537508,22749,POPPY'S PLAYHOUSE LIVINGROOM,6.0,2023-08-10 04:06:45,2.05,12868,12.3
537508,47566,PARTY BUNTING,6.0,2023-08-10 04:06:45,4.64,12868,27.84
537509,22633,HAND WARMER UNION JACK,1.0,2023-11-15 10:30:52,1.76,12877,1.76
537509,22386,JUMBO BAG PINK POLKADOT,1.0,2023-11-15 10:30:52,1.96,12877,1.96
537509,22632,HAND WARMER RED POLKA DOT,1.0,2023-11-15 10:30:52,1.87,12877,1.87
537509,22749,POPPY'S PLAYHOUSE LIVINGROOM,2.0,2023-11-15 10:30:52,2.07,12877,4.14
537509,21730,GLASS STAR FROSTED T-LIGHT HOLDER,1.0,2023-11-15 10:30:52,4.25,12877,4.25
537511,22086,PAPER CHAIN KIT 50'S CHRISTMAS,1.0,2023-04-10 00:18:06,2.59,12607,2.59
537512,47566,PARTY BUNTING,1.0,2023-11-18 18:43:51,4.81,13038,4.81
537512,22386,JUMBO BAG PINK POLKADOT,2.0,2023-11-18 18:43:51,1.86,13038,3.72
537512,84969,BOX OF 6 ASSORTED COLOUR TEASPOONS,4.0,2023-11-18 18:43:51,4.1,13038,16.4
537514,85099B,JUMBO BAG RED RETROSPOT,1.0,2023-10-07 16:18:19,1.9,12878,1.9
537515,22748,POPPY'S PLAYHOUSE KITCHEN,1.0,2023-10-06 05:25:58,2.16,12877,2.16
537515,22632,HAND WARMER RED POLKA DOT,2.0,2023-10-06 05:25:58,1.93,12877,3.86
537515,21931,JUMBO STORAGE BAG SUKI,1.0,2023-10-06 05:25:58,2.01,12877,2.01
537515,85099B,JUMBO BAG RED RETROSPOT,3.0,2023-10-06 05:25:58,1.93,12877,5.79
537516,85123A,WHITE HANGING HEART T-LIGHT HOLDER,1.0,2023-04-07 21:06:20,2.64,12591,2.64
537517,22382,LUNCH BAG SPACEBOY DESIGN,6.0,2023-12-02 18:12:46,1.58,12877,9.48
537517,22632,HAND WARMER RED POLKA DOT,4.0,2023-12-02 18:12:46,1.94,12877,7.76
537517,84969,BOX OF 6 ASSORTED COLOUR TEASPOONS,3.0,2023-12-02 18:12:46,4.45,12877,13.35
537517,47566,PARTY BUNTING,1.0,2023-12-02 18:12:46,4.67,12877,4.67
537518,22386,JUMBO BAG PINK POLKADOT,2.0,2023-07-13 12:09:49,1.87,12729,3.74
537518,22384,LUNCH BAG PINK POLKADOT,4.0,2023-07-13 12:09:49,1.57,12729,6.28
537519,20725,LUNCH BAG RED RETROSPOT,1.0,2023-03-10 02:56:51,1.64,13073,1.64
537519,22086,PAPER CHAIN KIT 50'S CHRISTMAS,2.0,2023-03-10 02:56:51,2.47,13073,4.94
537519,21931,JUMBO STORAGE BAG SUKI,1.0,2023-03-10 02:56:51,2.01,13073,2.01
537519,85099B,JUMBO BAG RED RETROSPOT,2.0,2023-03-10 02:56:51,1.92,13073,3.84
537519,84029E,RED WOOLLY HOTTIE WHITE HEART.,3.0,2023-03-10 02:56:51,3.39,13073,10.17
537521,22386,JUMBO BAG PINK POLKADOT,3.0,2023-11-28 17:43:58,1.94,13142,5.82
537522,84029G,KNITTED UNION FLAG HOT WATER BOTTLE,4.0,2023-08-31 23:50:46,3.56,12792,14.24
537522,20725,LUNCH BAG RED RETROSPOT,3.0,2023-08-31 23:50:46,1.6,12792,4.8
537522,85099F,JUMBO BAG STRAWBERRY,2.0,2023-08-31 23:50:46,1.92,12792,3.84
537522,22382,LUNCH BAG SPACEBOY DESIGN,1.0,2023-08-31 23:50:46,1.61,12792,1.61
537522,20728,LUNCH BAG CARS BLUE,2.0,2023-08-31 23:50:46,1.63,12792,3.26
537522,71053,WHITE METAL LANTERN,4.0,2023-08-31 23:50:46,3.37,12792,13.48
537523,20725,LUNCH BAG RED RETROSPOT,3.0,2023-06-01 02:48:54,1.71,12999,5.13
537524,22411,JUMBO SHOPPER VINTAGE RED PAISLEY,3.0,2023-08-19 21:50:51,1.98,12877,5.94
537524,22382,LUNCH BAG SPACEBOY DESIGN,4.0,2023-08-19 21:50:51,1.71,12877,6.84
537524,85099F,JUMBO BAG STRAWBERRY,2.0,2023-08-19 21:50:51,1.88,12877,3.76
537524,20725,LUNCH BAG RED RETROSPOT,3.0,2023-08-19 21:50:51,1.69,12877,5.07
537526,22749,POPPY'S PLAYHOUSE LIVINGROOM,1.0,2023-12-03 16:17:54,2.17,12877,2.17
537527,22411,JUMBO SHOPPER VINTAGE RED PAISLEY,6.0,2023-06-25 14:31:38,1.97,12562,11.82
537527,22383,LUNCH BAG SUKI DESIGN,3.0,2023-06-25 14:31:38,1.67,12562,5.01
537527,22749,POPPY'S PLAYHOUSE LIVINGROOM,1.0,2023-06-25 14:31:38,2.18,12562,2.18
537527,22382,LUNCH BAG SPACEBOY DESIGN,4.0,2023-06-25 14:31:38,1.59,12562,6.36
537528,20725,LUNCH BAG RED RETROSPOT,1.0,2023-07-10 11:43:24,1.71,12485,1.71
537528,21730,GLASS STAR FROSTED T-LIGHT HOLDER,1.0,2023-07-10 11:43:24,4.17,12485,4.17
537529,22632,HAND WARMER RED POLKA DOT,1.0,2023-03-16 05:14:46,1.94,12877,1.94
537530,21730,GLASS STAR FROSTED T-LIGHT HOLDER,1.0,2023-10-29 09:41:42,4.43,12923,4.43
537530,20726,LUNCH BAG WOODLAND,2.0,2023-10-29 09:41:42,1.59,12923,3.18
537530,84406B,CREAM CUPID HEARTS COAT HANGER,1.0,2023-10-29 09:41:42,2.85,12923,2.85
537530,22633,HAND WARMER UNION JACK,2.0,2023-10-29 09:41:42,1.81,12923,3.62
537530,84029E,RED WOOLLY HOTTIE WHITE HEART.,2.0,2023-10-29 09:41:42,3.29,12923,6.58
537531,47566,PARTY BUNTING,1.0,2023-07-17 21:31:55,4.8,12877,4.8
537531,84969,BOX OF 6 ASSORTED COLOUR TEASPOONS,3.0,2023-07-17 21:31:55,4.09,12877,12.27
537533,85099F,JUMBO BAG STRAWBERRY,1.0,2023-10-17 22:03:06,1.92,12594,1.92
537533,20728,LUNCH BAG CARS BLUE,1.0,2023-10-17 22:03:06,1.72,12594,1.72
537535,84879,ASSORTED COLOUR BIRD ORNAMENT,2.0,2023-10-11 05:08:35,1.72,12877,3.44
537535,47566,PARTY BUNTING,1.0,2023-10-11 05:08:35,4.82,12877,4.82
537535,84029G,KNITTED UNION FLAG HOT WATER BOTTLE,4.0,2023-10-11 05:08:35,3.52,12877,14.08
537535,22633,HAND WARMER UNION JACK,6.0,2023-10-11 05:08:35,1.89,12877,11.34
537536,71053,WHITE METAL LANTERN,4.0,2023-06-10 00:47:03,3.24,12594,12.96
537536,84029G,KNITTED UNION FLAG HOT WATER BOTTLE,6.0,2023-06-10 00:47:03,3.37,12594,20.22
537536,22386,JUMBO BAG PINK POLKADOT,1.0,2023-06-10 00:47:03,2.04,12594,2.04
537537,22382,LUNCH BAG SPACEBOY DESIGN,3.0,2023-06-27 01:44:55,1.66,13063,4.98
537537,47566,PARTY BUNTING,1.0,2023-06-27 01:44:55,4.73,13063,4.73
537537,22384,LUNCH BAG PINK POLKADOT,1.0,2023-06-27 01:44:55,1.71,13063,1.71
537537,71053,WHITE METAL LANTERN,2.0,2023-06-27 01:44:55,3.47,13063,6.94
537538,84029G,KNITTED UNION FLAG HOT WATER BOTTLE,2.0,2023-05-08 18:42:50,3.45,12712,6.9
537538,22310,IVORY KNITTED MUG COSY,1.0,2023-05-08 18:42:50,1.59,12712,1.59
537538,85123A,WHITE HANGING HEART T-LIGHT HOLDER,1.0,2023-05-08 18:42:50,2.44,12712,2.44
537538,21730,GLASS STAR FROSTED T-LIGHT HOLDER,1.0,2023-05-08 18:42:50,4.26,12712,4.26
537539,84406B,CREAM CUPID HEARTS COAT HANGER,2.0,2023-11-02 13:03:44,2.68,12462,5.36
537539,22632,HAND WARMER RED POLKA DOT,2.0,2023-11-02 13:03:44,1.86,12462,3.72
537539,85099F,JUMBO BAG STRAWBERRY,3.0,2023-11-02 13:03:44,1.93,12462,5.79
537539,22386,JUMBO BAG PINK POLKADOT,1.0,2023-11-02 13:03:44,1.99,12462,1.99
537539,85099B,JUMBO BAG RED RETROSPOT,6.0,2023-11-02 13:03:44,1.95,12462,11.7
537540,85099B,JUMBO BAG RED RETROSPOT,1.0,2023-11-19 16:36:09,1.94,12957,1.94
537541,20727,LUNCH BAG BLACK SKULL.,6.0,2023-08-06 04:55:48,1.7,12486,10.2
537541,22086,PAPER CHAIN KIT 50'S CHRISTMAS,1.0,2023-08-06 04:55:48,2.54,12486,2.54
537541,21931,JUMBO STORAGE BAG SUKI,1.0,2023-08-06 04:55:48,1.89,12486,1.89
537541,84406B,CREAM CUPID HEARTS COAT HANGER,1.0,2023-08-06 04:55:48,2.69,12486,2.69
537542,22383,LUNCH BAG SUKI DESIGN,3.0,2023-09-25 05:42:04,1.59,12927,4.77
537543,22382,LUNCH BAG SPACEBOY DESIGN,2.0,2023-07-01 22:27:22,1.73,12886,3.46
537543,84029G,KNITTED UNION FLAG HOT WATER BOTTLE,1.0,2023-07-01 22:27:22,3.44,12886,3.44
537543,85123A,WHITE HANGING HEART T-LIGHT HOLDER,3.0,2023-07-01 22:27:22,2.53,12886,7.59
537543,22386,JUMBO BAG PINK POLKADOT,2.0,2023-07-01 22:27:22,2.02,12886,4.04
537543,84029E,RED WOOLLY HOTTIE WHITE HEART.,3.0,2023-07-01 22:27:22,3.27,12886,9.81
537544,22632,HAND WARMER RED POLKA DOT,6.0,2023-05-30 02:53:49,1.88,12961,11.28
537544,22386,JUMBO BAG PINK POLKADOT,1.0,2023-05-30 02:53:49,1.88,12961,1.88
537544,84406B,CREAM CUPID HEARTS COAT HANGER,4.0,2023-05-30 02:53:49,2.73,12961,10.92
537544,71053,WHITE METAL LANTERN,1.0,2023-05-30 02:53:49,3.29,12961,3.29
537544,22382,LUNCH BAG SPACEBOY DESIGN,3.0,2023-05-30 02:53:49,1.63,12961,4.89
537545,22086,PAPER CHAIN KIT 50'S CHRISTMAS,1.0,2023-11-09 05:14:41,2.43,13113,2.43
537545,20726,LUNCH BAG WOODLAND,4.0,2023-11-09 05:14:41,1.67,13113,6.68
537546,20727,LUNCH BAG BLACK SKULL.,2.0,2023-07-09 20:35:18,1.59,12607,3.18
537546,21730,GLASS STAR FROSTED T-LIGHT HOLDER,1.0,2023-07-09 20:35:18,4.43,12607,4.43
537547,84029E,RED WOOLLY HOTTIE WHITE HEART.,2.0,2023-09-29 15:10:18,3.29,12877,6.58
537547,47566,PARTY BUNTING,3.0,2023-09-29 15:10:18,4.73,12877,14.19
537548,85099F,JUMBO BAG STRAWBERRY,1.0,2023-07-25 21:35:34,2.04,12810,2.04
537549,85099F,JUMBO BAG STRAWBERRY,1.0,2023-04-30 18:33:21,1.91,12824,1.91
537550,22633,HAND WARMER UNION JACK,1.0,2023-11-10 14:00:51,1.88,12855,1.88
537550,20726,LUNCH BAG WOODLAND,4.0,2023-11-10 14:00:51,1.61,12855,6.44
537551,22633,HAND WARMER UNION JACK,4.0,2023-12-08 15:57:45,1.94,13109,7.76
537551,85123A,WHITE HANGING HEART T-LIGHT HOLDER,3.0,2023-12-08 15:57:45,2.6,13109,7.8
537551,22383,LUNCH BAG SUKI DESIGN,3.0,2023-12-08 15:57:45,1.65,13109,4.95
537552,22384,LUNCH BAG PINK POLKADOT,4.0,2023-10-24 00:41:04,1.57,12810,6.28
537552,71053,WHITE METAL LANTERN,4.0,2023-10-24 00:41:04,3.56,12810,14.24
537552,20728,LUNCH BAG CARS BLUE,1.0,2023-10-24 00:41:04,1.68,12810,1.68
537552,22386,JUMBO BAG PINK POLKADOT,1.0,2023-10-24 00:41:04,1.93,12810,1.93
537553,22383,LUNCH BAG SUKI DESIGN,3.0,2023-10-17 18:24:51,1.62,12594,4.86
537553,22411,JUMBO SHOPPER VINTAGE RED PAISLEY,1.0,2023-10-17 18:24:51,1.94,12594,1.94
537553,84406B,CREAM CUPID HEARTS COAT HANGER,1.0,2023-10-17 18:24:51,2.87,12594,2.87
537553,22086,PAPER CHAIN KIT 50'S CHRISTMAS,1.0,2023-10-17 18:24:51,2.67,12594,2.67
537554,85123A,WHITE HANGING HEART T-LIGHT HOLDER,2.0,2023-10-27 22:30:18,2.63,12855,5.26
537554,71053,WHITE METAL LANTERN,4.0,2023-10-27 22:30:18,3.48,12855,13.92
537555,21730,GLASS STAR FROSTED T-LIGHT HOLDER,1.0,2023-10-10 21:07:05,4.07,12877,4.07
537555,22310,IVORY KNITTED MUG COSY,1.0,2023-10-10 21:07:05,1.61,12877,1.61
537555,22633,HAND WARMER UNION JACK,1.0,2023-10-10 21:07:05,1.89,12877,1.89
537556,20726,LUNCH BAG WOODLAND,1.0,2023-07-03 07:29:38,1.63,12859,1.63
537556,84406B,CREAM CUPID HEARTS COAT HANGER,1.0,2023-07-03 07:29:38,2.85,12859,2.85
537556,22386,JUMBO BAG PINK POLKADOT,1.0,2023-07-03 07:29:38,2.0,12859,2.0
537557,22382,LUNCH BAG SPACEBOY DESIGN,6.0,2023-09-09 12:05:17,1.68,13109,10.08
537558,22745,POPPY'S PLAYHOUSE BEDROOM,4.0,2023-10-22 20:48:19,2.19,12613,8.76
537558,22632,HAND WARMER RED POLKA DOT,1.0,2023-10-22 20:48:19,1.89,12613,1.89
537558,22382,LUNCH BAG SPACEBOY DESIGN,1.0,2023-10-22 20:48:19,1.6,12613,1.6
537558,22310,IVORY KNITTED MUG COSY,2.0,2023-10-22 20:48:19,1.63,12613,3.26
537559,21730,GLASS STAR FROSTED T-LIGHT HOLDER,3.0,2023-05-10 16:38:09,4.16,12538,12.48
537559,85099B,JUMBO BAG RED RETROSPOT,2.0,2023-05-10 16:38:09,2.02,12538,4.04
537561,22382,LUNCH BAG SPACEBOY DESIGN,3.0,2023-07-23 21:34:26,1.65,13030,4.95
537561,21931,JUMBO STORAGE BAG SUKI,2.0,2023-07-23 21:34:26,1.85,13030,3.7
537563,22411,JUMBO SHOPPER VINTAGE RED PAISLEY,1.0,2023-05-17 03:25:22,2.02,12747,2.02
537563,22382,LUNCH BAG SPACEBOY DESIGN,3.0,2023-05-17 03:25:22,1.7,12747,5.1
537564,84029E,RED WOOLLY HOTTIE WHITE HEART.,1.0,2023-08-04 20:10:02,3.31,12877,3.31
537565,22411,JUMBO SHOPPER VINTAGE RED PAISLEY,1.0,2023-09-09 14:42:21,2.05,12994,2.05
537565,22086,PAPER CHAIN KIT 50'S CHRISTMAS,4.0,2023-09-09 14:42:21,2.64,12994,10.56
537565,22749,POPPY'S PLAYHOUSE LIVINGROOM,3.0,2023-09-09 14:42:21,2.19,12994,6.57
537566,85099F,JUMBO BAG STRAWBERRY,4.0,2023-04-09 05:15:37,2.0,12610,8.0
537568,22310,IVORY KNITTED MUG COSY,2.0,2023-09-30 22:08:53,1.7,12877,3.4
537568,84406B,CREAM CUPID HEARTS COAT HANGER,1.0,2023-09-30 22:08:53,2.86,12877,2.86
537568,22632,HAND WARMER RED POLKA DOT,6.0,2023-09-30 22:08:53,1.81,12877,10.86
537570,21931,JUMBO STORAGE BAG SUKI,2.0,2023-10-29 09:49:58,2.03,12877,4.06
537570,84969,BOX OF 6 ASSORTED COLOUR TEASPOONS,6.0,2023-10-29 09:49:58,4.07,12877,24.42
537571,22411,JUMBO SHOPPER VINTAGE RED PAISLEY,4.0,2023-04-01 13:09:44,1.86,12940,7.44
537571,84879,ASSORTED COLOUR BIRD ORNAMENT,3.0,2023-04-01 13:09:44,1.71,12940,5.13
537571,84969,BOX OF 6 ASSORTED COLOUR TEASPOONS,2.0,2023-04-01 13:09:44,4.33,12940,8.66
537571,22384,LUNCH BAG PINK POLKADOT,1.0,2023-04-01 13:09:44,1.65,12940,1.65
537571,71053,WHITE METAL LANTERN,3.0,2023-04-01 13:09:44,3.3,12940,9.9
537573,71053,WHITE METAL LANTERN,1.0,2023-05-22 10:22:52,3.49,12593,3.49
537573,22086,PAPER CHAIN KIT 50'S CHRISTMAS,1.0,2023-05-22 10:22:52,2.5,12593,2.5
537573,84029G,KNITTED UNION FLAG HOT WATER BOTTLE,2.0,2023-05-22 10:22:52,3.52,12593,7.04
537573,22386,JUMBO BAG PINK POLKADOT,4.0,2023-05-22 10:22:52,2.03,12593,8.12
537574,22632,HAND WARMER RED POLKA DOT,1.0,2023-12-02 16:15:35,1.89,12845,1.89
537574,20727,LUNCH BAG BLACK SKULL.,4.0,2023-12-02 16:15:35,1.65,12845,6.6
537574,47566,PARTY BUNTING,6.0,2023-12-02 16:15:35,4.54,12845,27.24
537578,84969,BOX OF 6 ASSORTED COLOUR TEASPOONS,6.0,2023-10-23 09:31:24,4.17,12747,25.02
537578,84029G,KNITTED UNION FLAG HOT WATER BOTTLE,1.0,2023-10-23 09:31:24,3.31,12747,3.31
537578,22382,LUNCH BAG SPACEBOY DESIGN,2.0,2023-10-23 09:31:24,1.57,12747,3.14
537579,22086,PAPER CHAIN KIT 50'S CHRISTMAS,3.0,2023-07-05 08:40:33,2.47,12877,7.41
537580,85099F,JUMBO BAG STRAWBERRY,3.0,2023-07-10 10:07:01,2.01,12877,6.03
537581,84029G,KNITTED UNION FLAG HOT WATER BOTTLE,2.0,2023-01-11 00:15:40,3.38,12607,6.76
537581,22384,LUNCH BAG PINK POLKADOT,2.0,2023-01-11 00:15:40,1.61,12607,3.22
537582,21730,GLASS STAR FROSTED T-LIGHT HOLDER,1.0,2023-05-09 08:40:20,4.15,13007,4.15
537582,22386,JUMBO BAG PINK POLKADOT,1.0,2023-05-09 08:40:20,1.88,13007,1.88
537582,22382,LUNCH BAG SPACEBOY DESIGN,2.0,2023-05-09 08:40:20,1.64,13007,3.28
537582,22384,LUNCH BAG PINK POLKADOT,3.0,2023-05-09 08:40:20,1.7,13007,5.1
537582,84879,ASSORTED COLOUR BIRD ORNAMENT,2.0,2023-05-09 08:40:20,1.65,13007,3.3
537583,22086,PAPER CHAIN KIT 50'S CHRISTMAS,1.0,2023-11-05 03:53:51,2.61,12815,2.61
537583,85099B,JUMBO BAG RED RETROSPOT,4.0,2023-11-05 03:53:51,1.95,12815,7.8
537583,22384,LUNCH BAG PINK POLKADOT,1.0,2023-11-05 03:53:51,1.59,12815,1.59
537583,22386,JUMBO BAG PINK POLKADOT,2.0,2023-11-05 03:53:51,1.86,12815,3.72
537583,22310,IVORY KNITTED MUG COSY,4.0,2023-11-05 03:53:51,1.6,12815,6.4
537583,20725,LUNCH BAG RED RETROSPOT,2.0,2023-11-05 03:53:51,1.63,12815,3.26
537584,22383,LUNCH BAG SUKI DESIGN,3.0,2023-03-23 01:27:51,1.6,12821,4.8
537585,71053,WHITE METAL LANTERN,3.0,2023-05-25 03:02:53,3.44,12705,10.32
537587,22411,JUMBO SHOPPER VINTAGE RED PAISLEY,1.0,2023-08-04 23:20:35,1.96,12419,1.96
537588,71053,WHITE METAL LANTERN,2.0,2023-05-22 05:57:19,3.34,12743,6.68
537588,84879,ASSORTED COLOUR BIRD ORNAMENT,1.0,2023-05-22 05:57:19,1.69,12743,1.69
537588,84406B,CREAM CUPID HEARTS COAT HANGER,4.0,2023-05-22 05:57:19,2.74,12743,10.96
537588,20727,LUNCH BAG BLACK SKULL.,3.0,2023-05-22 05:57:19,1.7,12743,5.1
537589,20728,LUNCH BAG CARS BLUE,1.0,2023-10-13 12:59:46,1.7,12742,1.7
537589,85099B,JUMBO BAG RED RETROSPOT,1.0,2023-10-13 12:59:46,1.96,12742,1.96
537590,22633,HAND WARMER UNION JACK,1.0,2023-06-08 21:29:53,1.78,12836,1.78
537590,22748,POPPY'S PLAYHOUSE KITCHEN,2.0,2023-06-08 21:29:53,2.09,12836,4.18
537590,22386,JUMBO BAG PINK POLKADOT,4.0,2023-06-08 21:29:53,1.99,12836,7.96
537590,84969,BOX OF 6 ASSORTED COLOUR TEASPOONS,1.0,2023-06-08 21:29:53,4.38,12836,4.38
537590,21931,JUMBO STORAGE BAG SUKI,1.0,2023-06-08 21:29:53,1.97,12836,1.97
537591,20728,LUNCH BAG CARS BLUE,1.0,2023-10-03 04:22:15,1.59,12722,1.59
537592,22745,POPPY'S PLAYHOUSE BEDROOM,3.0,2023-10-02 17:24:59,2.02,12877,6.06
537593,22310,IVORY KNITTED MUG COSY,4.0,2023-03-27 13:03:19,1.6,12500,6.4
537594,71053,WHITE METAL LANTERN,1.0,2023-06-06 21:41:51,3.5,12845,3.5
537594,22748,POPPY'S PLAYHOUSE KITCHEN,1.0,2023-06-06 21:41:51,2.06,12845,2.06
537594,84029E,RED WOOLLY HOTTIE WHITE HEART.,1.0,2023-06-06 21:41:51,3.41,12845,3.41
537594,85099F,JUMBO BAG STRAWBERRY,3.0,2023-06-06 21:41:51,1.97,12845,5.91
537594,20727,LUNCH BAG BLACK SKULL.,4.0,2023-06-06 21:41:51,1.59,12845,6.36
537594,22310,IVORY KNITTED MUG COSY,2.0,2023-06-06 21:41:51,1.73,12845,3.46
537595,20727,LUNCH BAG BLACK SKULL.,2.0,2023-04-10 12:52:38,1.66,12651,3.32
537595,84969,BOX OF 6 ASSORTED COLOUR TEASPOONS,1.0,2023-04-10 12:52:38,4.43,12651,4.43
537595,21931,JUMBO STORAGE BAG SUKI,1.0,2023-04-10 12:52:38,1.92,12651,1.92
537596,22633,HAND WARMER UNION JACK,1.0,2023-10-24 12:54:01,1.87,13057,1.87
537597,20725,LUNCH BAG RED RETROSPOT,6.0,2023-10-08 11:11:13,1.69,12496,10.14
537597,22086,PAPER CHAIN KIT 50'S CHRISTMAS,3.0,2023-10-08 11:11:13,2.58,12496,7.74
537598,21730,GLASS STAR FROSTED T-LIGHT HOLDER,1.0,2023-11-01 02:33:33,4.13,13144,4.13
537599,22310,IVORY KNITTED MUG COSY,2.0,2023-11-10 00:21:03,1.66,12821,3.32
537599,85123A,WHITE HANGING HEART T-LIGHT HOLDER,4.0,2023-11-10 00:21:03,2.44,12821,9.76
537599,84879,ASSORTED COLOUR BIRD ORNAMENT,3.0,2023-11-10 00:21:03,1.66,12821,4.98
537600,21931,JUMBO STORAGE BAG SUKI,4.0,2023-09-29 20:21:54,1.98,12499,7.92
537600,84969,BOX OF 6 ASSORTED COLOUR TEASPOONS,4.0,2023-09-29 20:21:54,4.22,12499,16.88
537600,22749,POPPY'S PLAYHOUSE LIVINGROOM,1.0,2023-09-29 20:21:54,2.12,12499,2.12
537600,20728,LUNCH BAG CARS BLUE,2.0,2023-09-29 20:21:54,1.59,12499,3.18
537600,22384,LUNCH BAG PINK POLKADOT,6.0,2023-09-29 20:21:54,1.67,12499,10.02
537600,20727,LUNCH BAG BLACK SKULL.,2.0,2023-09-29 20:21:54,1.72,12499,3.44
537602,85099B,JUMBO BAG RED RETROSPOT,2.0,2023-10-13 06:46:20,1.94,12628,3.88
537603,85099F,JUMBO BAG STRAWBERRY,3.0,2023-11-06 20:24:14,1.89,12877,5.67
537603,20725,LUNCH BAG RED RETROSPOT,1.0,2023-11-06 20:24:14,1.57,12877,1.57
537604,22411,JUMBO SHOPPER VINTAGE RED PAISLEY,2.0,2023-12-07 19:31:04,2.03,12877,4.06
537605,22310,IVORY KNITTED MUG COSY,1.0,2023-10-25 22:02:53,1.63,12877,1.63
537605,84879,ASSORTED COLOUR BIRD ORNAMENT,1.0,2023-10-25 22:02:53,1.66,12877,1.66
537605,84029E,RED WOOLLY HOTTIE WHITE HEART.,2.0,2023-10-25 22:02:53,3.42,12877,6.84
537605,22411,JUMBO SHOPPER VINTAGE RED PAISLEY,1.0,2023-10-25 22:02:53,1.87,12877,1.87
537606,22383,LUNCH BAG SUKI DESIGN,6.0,2023-02-27 04:44:25,1.59,12684,9.54
537606,21931,JUMBO STORAGE BAG SUKI,1.0,2023-02-27 04:44:25,1.89,12684,1.89
537606,84406B,CREAM CUPID HEARTS COAT HANGER,1.0,2023-02-27 04:44:25,2.87,12684,2.87
537606,22384,LUNCH BAG PINK POLKADOT,1.0,2023-02-27 04:44:25,1.64,12684,1.64
537607,21931,JUMBO STORAGE BAG SUKI,4.0,2023-04-09 05:08:17,1.9,12927,7.6
537607,22745,POPPY'S PLAYHOUSE BEDROOM,4.0,2023-04-09 05:08:17,2.0,12927,8.0
537607,22384,LUNCH BAG PINK POLKADOT,1.0,2023-04-09 05:08:17,1.7,12927,1.7
537608,85099F,JUMBO BAG STRAWBERRY,2.0,2023-11-19 12:34:24,1.92,13126,3.84
537608,22383,LUNCH BAG SUKI DESIGN,2.0,2023-11-19 12:34:24,1.63,13126,3.26
537608,84879,ASSORTED COLOUR BIRD ORNAMENT,2.0,2023-11-19 12:34:24,1.63,13126,3.26
537608,84969,BOX OF 6 ASSORTED COLOUR TEASPOONS,1.0,2023-11-19 12:34:24,4.41,13126,4.41
537608,21931,JUMBO STORAGE BAG SUKI,2.0,2023-11-19 12:34:24,1.97,13126,3.94
537608,22310,IVORY KNITTED MUG COSY,4.0,2023-11-19 12:34:24,1.7,13126,6.8
537609,20727,LUNCH BAG BLACK SKULL.,2.0,2023-10-17 17:02:02,1.68,12863,3.36
537610,21931,JUMBO STORAGE BAG SUKI,4.0,2023-07-05 01:05:37,1.89,12921,7.56
537610,21730,GLASS STAR FROSTED T-LIGHT HOLDER,1.0,2023-07-05 01:05:37,4.16,12921,4.16
537612,85099B,JUMBO BAG RED RETROSPOT,1.0,2023-10-17 06:59:26,1.87,13017,1.87
537613,22633,HAND WARMER UNION JACK,2.0,2023-06-04 20:16:30,1.83,12821,3.66
537614,21931,JUMBO STORAGE BAG SUKI,4.0,2023-06-01 18:56:39,2.04,13030,8.16
537614,22632,HAND WARMER RED POLKA DOT,2.0,2023-06-01 18:56:39,1.9,13030,3.8
537614,22382,LUNCH BAG SPACEBOY DESIGN,2.0,2023-06-01 18:56:39,1.63,13030,3.26
537614,84029G,KNITTED UNION FLAG HOT WATER BOTTLE,2.0,2023-06-01 18:56:39,3.4,13030,6.8
537614,22749,POPPY'S PLAYHOUSE LIVINGROOM,3.0,2023-06-01 18:56:39,2.14,13030,6.42
537614,22386,JUMBO BAG PINK POLKADOT,1.0,2023-06-01 18:56:39,1.96,13030,1.96
537616,20725,LUNCH BAG RED RETROSPOT,3.0,2023-01-23 21:12:03,1.66,12877,4.98
537616,22745,POPPY'S PLAYHOUSE BEDROOM,4.0,2023-01-23 21:12:03,2.09,12877,8.36
537616,84029G,KNITTED UNION FLAG HOT WATER BOTTLE,2.0,2023-01-23 21:12:03,3.33,12877,6.66
537619,71053,WHITE METAL LANTERN,1.0,2023-09-16 20:56:47,3.25,12825,3.25
537619,22633,HAND WARMER UNION JACK,1.0,2023-09-16 20:56:47,1.83,12825,1.83
537619,85099B,JUMBO BAG RED RETROSPOT,1.0,2023-09-16 20:56:47,1.97,12825,1.97
537620,85099B,JUMBO BAG RED RETROSPOT,3.0,2023-09-01 17:54:52,1.98,12824,5.94
537621,22749,POPPY'S PLAYHOUSE LIVINGROOM,1.0,2023-05-11 07:22:45,2.03,12607,2.03
537622,22382,LUNCH BAG SPACEBOY DESIGN,1.0,2023-09-06 03:05:50,1.65,12792,1.65
537623,22383,LUNCH BAG SUKI DESIGN,1.0,2023-08-30 19:03:37,1.71,12877,1.71
537623,84029E,RED WOOLLY HOTTIE WHITE HEART.,4.0,2023-08-30 19:03:37,3.26,12877,13.04
537623,85099F,JUMBO BAG STRAWBERRY,3.0,2023-08-30 19:03:37,1.94,12877,5.82
537623,22411,JUMBO SHOPPER VINTAGE RED PAISLEY,3.0,2023-08-30 19:03:37,1.96,12877,5.88
537623,22086,PAPER CHAIN KIT 50'S CHRISTMAS,4.0,2023-08-30 19:03:37,2.56,12877,10.24
537623,47566,PARTY BUNTING,1.0,2023-08-30 19:03:37,4.66,12877,4.66
537625,84879,ASSORTED COLOUR BIRD ORNAMENT,1.0,2023-11-03 20:02:51,1.73,12458,1.73
537626,71053,WHITE METAL LANTERN,4.0,2023-07-21 07:32:32,3.22,12598,12.88
537626,84029G,KNITTED UNION FLAG HOT WATER BOTTLE,1.0,2023-07-21 07:32:32,3.42,12598,3.42
537627,71053,WHITE METAL LANTERN,1.0,2023-08-24 02:37:29,3.32,12971,3.32
537627,84029E,RED WOOLLY HOTTIE WHITE HEART.,2.0,2023-08-24 02:37:29,3.4,12971,6.8
537627,22310,IVORY KNITTED MUG COSY,3.0,2023-08-24 02:37:29,1.72,12971,5.16
537627,20727,LUNCH BAG BLACK SKULL.,3.0,2023-08-24 02:37:29,1.63,12971,4.89
537627,85099B,JUMBO BAG RED RETROSPOT,2.0,2023-08-24 02:37:29,1.86,12971,3.72
537627,22749,POPPY'S PLAYHOUSE LIVINGROOM,6.0,2023-08-24 02:37:29,2.16,12971,12.96
537630,22386,JUMBO BAG PINK POLKADOT,2.0,2023-06-18 20:02:30,1.91,12877,3.82
537631,22086,PAPER CHAIN KIT 50'S CHRISTMAS,3.0,2023-12-04 08:04:56,2.61,12741,7.83
537631,85123A,WHITE HANGING HEART T-LIGHT HOLDER,1.0,2023-12-04 08:04:56,2.56,12741,2.56
537631,22748,POPPY'S PLAYHOUSE KITCHEN,1.0,2023-12-04 08:04:56,2.15,12741,2.15
537631,84029G,KNITTED UNION FLAG HOT WATER BOTTLE,3.0,2023-12-04 08:04:56,3.26,12741,9.78
537632,22382,LUNCH BAG SPACEBOY DESIGN,3.0,2023-11-02 06:05:31,1.64,12434,4.92
537632,21931,JUMBO STORAGE BAG SUKI,3.0,2023-11-02 06:05:31,1.97,12434,5.91
537632,84406B,CREAM CUPID HEARTS COAT HANGER,3.0,2023-11-02 06:05:31,2.69,12434,8.07
537632,22411,JUMBO SHOPPER VINTAGE RED PAISLEY,1.0,2023-11-02 06:05:31,1.98,12434,1.98
537632,22384,LUNCH BAG PINK POLKADOT,2.0,2023-11-02 06:05:31,1.6,12434,3.2
537633,22411,JUMBO SHOPPER VINTAGE RED PAISLEY,2.0,2023-08-11 00:31:25,2.03,12586,4.06
537633,22748,POPPY'S PLAYHOUSE KITCHEN,2.0,2023-08-11 00:31:25,2.11,12586,4.22
537633,84406B,CREAM CUPID HEARTS COAT HANGER,1.0,2023-08-11 00:31:25,2.79,12586,2.79
537635,22086,PAPER CHAIN KIT 50'S CHRISTMAS,2.0,2023-09-16 18:26:58,2.6,12877,5.2
537635,22748,POPPY'S PLAYHOUSE KITCHEN,1.0,2023-09-16 18:26:58,2.15,12877,2.15
537635,22383,LUNCH BAG SUKI DESIGN,1.0,2023-09-16 18:26:58,1.58,12877,1.58
537635,20726,LUNCH BAG WOODLAND,3.0,2023-09-16 18:26:58,1.69,12877,5.07
537635,84879,ASSORTED COLOUR BIRD ORNAMENT,1.0,2023-09-16 18:26:58,1.74,12877,1.74
537636,85099B,JUMBO BAG RED RETROSPOT,4.0,2023-05-27 00:46:33,2.0,12659,8.0
537636,22411,JUMBO SHOPPER VINTAGE RED PAISLEY,2.0,2023-05-27 00:46:33,1.93,12659,3.86
537636,85123A,WHITE HANGING HEART T-LIGHT HOLDER,1.0,2023-05-27 00:46:33,2.48,12659,2.48
537636,22086,PAPER CHAIN KIT 50'S CHRISTMAS,3.0,2023-05-27 00:46:33,2.57,12659,7.71
537637,22633,HAND WARMER UNION JACK,4.0,2023-11-19 21:34:05,1.91,12873,7.64
537637,20725,LUNCH BAG RED RETROSPOT,2.0,2023-11-19 21:34:05,1.63,12873,3.26
537638,20727,LUNCH BAG BLACK SKULL.,3.0,2023-10-09 03:35:10,1.63,13063,4.89
537638,21730,GLASS STAR FROSTED T-LIGHT HOLDER,1.0,2023-10-09 03:35:10,4.22,13063,4.22
537638,84969,BOX OF 6 ASSORTED COLOUR TEASPOONS,1.0,2023-10-09 03:35:10,4.41,13063,4.41
537639,22411,JUMBO SHOPPER VINTAGE RED PAISLEY,3.0,2023-06-30 07:25:59,1.98,12847,5.94
537639,84879,ASSORTED COLOUR BIRD ORNAMENT,3.0,2023-06-30 07:25:59,1.77,12847,5.31
537641,20727,LUNCH BAG BLACK SKULL.,2.0,2023-10-01 07:29:34,1.59,12921,3.18
537641,22382,LUNCH BAG SPACEBOY DESIGN,1.0,2023-10-01 07:29:34,1.7,12921,1.7
537641,85099F,JUMBO BAG STRAWBERRY,2.0,2023-10-01 07:29:34,1.99,12921,3.98
537641,84029E,RED WOOLLY HOTTIE WHITE HEART.,4.0,2023-10-01 07:29:34,3.41,12921,13.64
537641,84029G,KNITTED UNION FLAG HOT WATER BOTTLE,4.0,2023-10-01 07:29:34,3.51,12921,14.04
537643,20728,LUNCH BAG CARS BLUE,6.0,2023-05-03 00:01:12,1.69,13113,10.14
537644,47566,PARTY BUNTING,1.0,2023-07-07 15:30:57,4.65,12877,4.65
537644,22383,LUNCH BAG SUKI DESIGN,2.0,2023-07-07 15:30:57,1.7,12877,3.4
537644,22745,POPPY'S PLAYHOUSE BEDROOM,2.0,2023-07-07 15:30:57,2.04,12877,4.08
537644,20727,LUNCH BAG BLACK SKULL.,3.0,2023-07-07 15:30:57,1.62,12877,4.86
537644,84969,BOX OF 6 ASSORTED COLOUR TEASPOONS,2.0,2023-07-07 15:30:57,4.43,12877,8.86
537644,22411,JUMBO SHOPPER VINTAGE RED PAISLEY,2.0,2023-07-07 15:30:57,2.02,12877,4.04
537646,20726,LUNCH BAG WOODLAND,1.0,2023-04-14 10:48:22,1.65,12791,1.65
537647,22383,LUNCH BAG SUKI DESIGN,1.0,2023-10-11 15:26:00,1.65,12496,1.65
537647,22310,IVORY KNITTED MUG COSY,3.0,2023-10-11 15:26:00,1.63,12496,4.89
537647,22633,HAND WARMER UNION JACK,2.0,2023-10-11 15:26:00,1.82,12496,3.64
537647,21730,GLASS STAR FROSTED T-LIGHT HOLDER,1.0,2023-10-11 15:26:00,4.46,12496,4.46
537647,20725,LUNCH BAG RED RETROSPOT,2.0,2023-10-11 15:26:00,1.62,12496,3.24
537649,84879,ASSORTED COLOUR BIRD ORNAMENT,1.0,2023-11-03 02:02:32,1.75,12607,1.75
537650,84406B,CREAM CUPID HEARTS COAT HANGER,1.0,2023-09-05 09:17:42,2.8,12415,2.8
537650,20726,LUNCH BAG WOODLAND,6.0,2023-09-05 09:17:42,1.65,12415,9.9
537650,20727,LUNCH BAG BLACK SKULL.,2.0,2023-09-05 09:17:42,1.69,12415,3.38
537650,22745,POPPY'S PLAYHOUSE BEDROOM,4.0,2023-09-05 09:17:42,2.0,12415,8.0
537650,22382,LUNCH BAG SPACEBOY DESIGN,3.0,2023-09-05 09:17:42,1.59,12415,4.77
537651,84406B,CREAM CUPID HEARTS COAT HANGER,1.0,2023-12-07 05:48:55,2.7,12997,2.7
537651,85099B,JUMBO BAG RED RETROSPOT,4.0,2023-12-07 05:48:55,1.87,12997,7.48
537651,22386,JUMBO BAG PINK POLKADOT,2.0,2023-12-07 05:48:55,1.86,12997,3.72
537651,20727,LUNCH BAG BLACK SKULL.,1.0,2023-12-07 05:48:55,1.72,12997,1.72
537652,71053,WHITE METAL LANTERN,1.0,2023-09-14 17:52:50,3.4,12389,3.4
537652,22745,POPPY'S PLAYHOUSE BEDROOM,3.0,2023-09-14 17:52:50,2.15,12389,6.45
537652,22382,LUNCH BAG SPACEBOY DESIGN,1.0,2023-09-14 17:52:50,1.73,12389,1.73
537652,20728,LUNCH BAG CARS BLUE,1.0,2023-09-14 17:52:50,1.64,12389,1.64
537652,84029E,RED WOOLLY HOTTIE WHITE HEART.,1.0,2023-09-14 17:52:50,3.54,12389,3.54
537653,84969,BOX OF 6 ASSORTED COLOUR TEASPOONS,1.0,2023-11-12 22:23:28,4.28,12588,4.28
537653,20726,LUNCH BAG WOODLAND,1.0,2023-11-12 22:23:28,1.62,12588,1.62
537654,84029G,KNITTED UNION FLAG HOT WATER BOTTLE,4.0,2023-08-07 00:49:58,3.44,12877,13.76
537654,22386,JUMBO BAG PINK POLKADOT,2.0,2023-08-07 00:49:58,1.89,12877,3.78
537654,84879,ASSORTED COLOUR BIRD ORNAMENT,6.0,2023-08-07 00:49:58,1.76,12877,10.56
537654,22384,LUNCH BAG PINK POLKADOT,4.0,2023-08-07 00:49:58,1.64,12877,6.56
537654,22748,POPPY'S PLAYHOUSE KITCHEN,1.0,2023-08-07 00:49:58,2.11,12877,2.11
537654,84969,BOX OF 6 ASSORTED COLOUR TEASPOONS,1.0,2023-08-07 00:49:58,4.18,12877,4.18
537655,84969,BOX OF 6 ASSORTED COLOUR TEASPOONS,6.0,2023-09-07 17:07:55,4.24,12835,25.44
537655,21730,GLASS STAR FROSTED T-LIGHT HOLDER,1.0,2023-09-07 17:07:55,4.44,12835,4.44
537655,85099B,JUMBO BAG RED RETROSPOT,3.0,2023-09-07 17:07:55,1.93,12835,5.79
537655,22633,HAND WARMER UNION JACK,4.0,2023-09-07 17:07:55,1.87,12835,7.48
537658,22748,POPPY'S PLAYHOUSE KITCHEN,3.0,2023-08-16 00:54:46,2.04,12877,6.12
537658,22745,POPPY'S PLAYHOUSE BEDROOM,2.0,2023-08-16 00:54:46,2.09,12877,4.18
537658,21730,GLASS STAR FROSTED T-LIGHT HOLDER,6.0,2023-08-16 00:54:46,4.1,12877,24.6
537658,84029E,RED WOOLLY HOTTIE WHITE HEART.,1.0,2023-08-16 00:54:46,3.49,12877,3.49
537658,22384,LUNCH BAG PINK POLKADOT,1.0,2023-08-16 00:54:46,1.61,12877,1.61
537660,22411,JUMBO SHOPPER VINTAGE RED PAISLEY,2.0,2023-06-02 20:10:22,2.05,13007,4.1
537660,20725,LUNCH BAG RED RETROSPOT,6.0,2023-06-02 20:10:22,1.61,13007,9.66
537661,22748,POPPY'S PLAYHOUSE KITCHEN,2.0,2023-10-16 17:51:49,2.14,12682,4.28
537661,71053,WHITE METAL LANTERN,1.0,2023-10-16 17:51:49,3.22,12682,3.22
537661,84029G,KNITTED UNION FLAG HOT WATER BOTTLE,1.0,2023-10-16 17:51:49,3.25,12682,3.25
537661,85099F,JUMBO BAG STRAWBERRY,2.0,2023-10-16 17:51:49,2.02,12682,4.04
537661,21730,GLASS STAR FROSTED T-LIGHT HOLDER,3.0,2023-10-16 17:51:49,4.06,12682,12.18
537662,85123A,WHITE HANGING HEART T-LIGHT HOLDER,3.0,2023-10-17 20:49:04,2.47,12965,7.41
537662,71053,WHITE METAL LANTERN,2.0,2023-10-17 20:49:04,3.28,12965,6.56
537662,22749,POPPY'S PLAYHOUSE LIVINGROOM,2.0,2023-10-17 20:49:04,2.11,12965,4.22
537663,84406B,CREAM CUPID HEARTS COAT HANGER,1.0,2023-05-17 18:46:50,2.86,12878,2.86
537663,71053,WHITE METAL LANTERN,1.0,2023-05-17 18:46:50,3.27,12878,3.27
537663,22310,IVORY KNITTED MUG COSY,2.0,2023-05-17 18:46:50,1.71,12878,3.42
537663,20728,LUNCH BAG CARS BLUE,3.0,2023-05-17 18:46:50,1.65,12878,4.95
537663,22745,POPPY'S PLAYHOUSE BEDROOM,1.0,2023-05-17 18:46:50,2.04,12878,2.04
537664,47566,PARTY BUNTING,1.0,2023-06-20 11:25:17,4.77,12415,4.77
537664,22411,JUMBO SHOPPER VINTAGE RED PAISLEY,1.0,2023-06-20 11:25:17,1.86,12415,1.86
537664,20725,LUNCH BAG RED RETROSPOT,1.0,2023-06-20 11:25:17,1.6,12415,1.6
537665,22411,JUMBO SHOPPER VINTAGE RED PAISLEY,1.0,2023-07-11 18:42:33,1.97,12464,1.97
537666,20725,LUNCH BAG RED RETROSPOT,2.0,2023-06-13 17:51:34,1.63,12921,3.26
537667,84879,ASSORTED COLOUR BIRD ORNAMENT,2.0,2023-08-03 06:28:46,1.73,12396,3.46
537667,20725,LUNCH BAG RED RETROSPOT,1.0,2023-08-03 06:28:46,1.58,12396,1.58
537667,85099F,JUMBO BAG STRAWBERRY,2.0,2023-08-03 06:28:46,1.89,12396,3.78
537668,71053,WHITE METAL LANTERN,2.0,2023-07-27 19:22:38,3.49,13021,6.98
537668,85099F,JUMBO BAG STRAWBERRY,6.0,2023-07-27 19:22:38,1.98,13021,11.88
537668,22383,LUNCH BAG SUKI DESIGN,1.0,2023-07-27 19:22:38,1.66,13021,1.66
537668,22632,HAND WARMER RED POLKA DOT,4.0,2023-07-27 19:22:38,1.9,13021,7.6
537668,22411,JUMBO SHOPPER VINTAGE RED PAISLEY,1.0,2023-07-27 19:22:38,2.02,13021,2.02
537669,22632,HAND WARMER RED POLKA DOT,2.0,2023-04-25 02:17:54,1.85,12877,3.7
537669,21931,JUMBO STORAGE BAG SUKI,1.0,2023-04-25 02:17:54,1.98,12877,1.98
537669,22633,HAND WARMER UNION JACK,4.0,2023-04-25 02:17:54,1.76,12877,7.04
537670,22386,JUMBO BAG PINK POLKADOT,2.0,2023-08-29 17:04:44,2.02,12529,4.04
537670,22382,LUNCH BAG SPACEBOY DESIGN,2.0,2023-08-29 17:04:44,1.71,12529,3.42
537670,20725,LUNCH BAG RED RETROSPOT,6.0,2023-08-29 17:04:44,1.71,12529,10.26
537670,22745,POPPY'S PLAYHOUSE BEDROOM,1.0,2023-08-29 17:04:44,2.05,12529,2.05
537670,22749,POPPY'S PLAYHOUSE LIVINGROOM,3.0,2023-08-29 17:04:44,2.14,12529,6.42
537670,22383,LUNCH BAG SUKI DESIGN,2.0,2023-08-29 17:04:44,1.71,12529,3.42
537671,85123A,WHITE HANGING HEART T-LIGHT HOLDER,4.0,2023-10-14 18:40:54,2.64,12349,10.56
537671,84969,BOX OF 6 ASSORTED COLOUR TEASPOONS,2.0,2023-10-14 18:40:54,4.36,12349,8.72
537671,85099F,JUMBO BAG STRAWBERRY,2.0,2023-10-14 18:40:54,1.85,12349,3.7
537671,22383,LUNCH BAG SUKI DESIGN,1.0,2023-10-14 18:40:54,1.72,12349,1.72
537671,22745,POPPY'S PLAYHOUSE BEDROOM,1.0,2023-10-14 18:40:54,2.15,12349,2.15
537671,84406B,CREAM CUPID HEARTS COAT HANGER,3.0,2023-10-14 18:40:54,2.69,12349,8.07
537672,47566,PARTY BUNTING,3.0,2023-04-11 14:22:06,4.63,12422,13.89
537672,22632,HAND WARMER RED POLKA DOT,1.0,2023-04-11 14:22:06,1.85,12422,1.85
537673,22633,HAND WARMER UNION JACK,1.0,2023-11-19 22:38:59,1.86,12877,1.86
537674,22383,LUNCH BAG SUKI DESIGN,6.0,2023-06-04 12:19:37,1.68,13067,10.08
537675,21730,GLASS STAR FROSTED T-LIGHT HOLDER,1.0,2023-04-27 22:15:57,4.12,12593,4.12
537675,84029E,RED WOOLLY HOTTIE WHITE HEART.,1.0,2023-04-27 22:15:57,3.28,12593,3.28
537675,71053,WHITE METAL LANTERN,3.0,2023-04-27 22:15:57,3.48,12593,10.44
537675,20727,LUNCH BAG BLACK SKULL.,1.0,2023-04-27 22:15:57,1.72,12593,1.72
537676,22382,LUNCH BAG SPACEBOY DESIGN,2.0,2023-07-08 02:10:18,1.57,12877,3.14
537676,85123A,WHITE HANGING HEART T-LIGHT HOLDER,4.0,2023-07-08 02:10:18,2.65,12877,10.6
537677,84029G,KNITTED UNION FLAG HOT WATER BOTTLE,1.0,2023-09-17 06:00:40,3.38,13078,3.38
537678,22386,JUMBO BAG PINK POLKADOT,2.0,2023-12-08 21:53:22,1.92,12916,3.84
537679,84969,BOX OF 6 ASSORTED COLOUR TEASPOONS,2.0,2023-08-29 16:33:23,4.4,12607,8.8
537679,84879,ASSORTED COLOUR BIRD ORNAMENT,2.0,2023-08-29 16:33:23,1.71,12607,3.42
537679,20727,LUNCH BAG BLACK SKULL.,3.0,2023-08-29 16:33:23,1.63,12607,4.89
537679,20726,LUNCH BAG WOODLAND,3.0,2023-08-29 16:33:23,1.72,12607,5.16
537679,85099F,JUMBO BAG STRAWBERRY,2.0,2023-08-29 16:33:23,1.95,12607,3.9
537679,22749,POPPY'S PLAYHOUSE LIVINGROOM,2.0,2023-08-29 16:33:23,2.15,12607,4.3
537681,22382,LUNCH BAG SPACEBOY DESIGN,3.0,2023-10-31 21:43:03,1.68,12419,5.04
537681,20728,LUNCH BAG CARS BLUE,4.0,2023-10-31 21:43:03,1.7,12419,6.8
537681,71053,WHITE METAL LANTERN,1.0,2023-10-31 21:43:03,3.52,12419,3.52
537681,85123A,WHITE HANGING HEART T-LIGHT HOLDER,2.0,2023-10-31 21:43:03,2.64,12419,5.28
537681,22748,POPPY'S PLAYHOUSE KITCHEN,2.0,2023-10-31 21:43:03,2.04,12419,4.08
537682,22382,LUNCH BAG SPACEBOY DESIGN,3.0,2023-08-07 14:08:05,1.63,12821,4.89
537682,84879,ASSORTED COLOUR BIRD ORNAMENT,2.0,2023-08-07 14:08:05,1.72,12821,3.44
537683,22086,PAPER CHAIN KIT 50'S CHRISTMAS,1.0,2023-06-27 15:35:20,2.48,12612,2.48
537683,22633,HAND WARMER UNION JACK,3.0,2023-06-27 15:35:20,1.86,12612,5.58
537684,20726,LUNCH BAG WOODLAND,1.0,2023-08-30 12:47:36,1.68,12572,1.68
537684,22633,HAND WARMER UNION JACK,6.0,2023-08-30 12:47:36,1.9,12572,11.4
537685,20727,LUNCH BAG BLACK SKULL.,3.0,2023-08-18 21:50:26,1.58,12613,4.74
537685,21931,JUMBO STORAGE BAG SUKI,6.0,2023-08-18 21:50:26,2.03,12613,12.18
537685,22382,LUNCH BAG SPACEBOY DESIGN,2.0,2023-08-18 21:50:26,1.62,12613,3.24
537685,22310,IVORY KNITTED MUG COSY,2.0,2023-08-18 21:50:26,1.67,12613,3.34
537685,20726,LUNCH BAG WOODLAND,3.0,2023-08-18 21:50:26,1.69,12613,5.07
537685,84879,ASSORTED COLOUR BIRD ORNAMENT,4.0,2023-08-18 21:50:26,1.68,12613,6.72
537686,84029G,KNITTED UNION FLAG HOT WATER BOTTLE,1.0,2023-07-08 21:13:27,3.45,12459,3.45
537686,20725,LUNCH BAG RED RETROSPOT,2.0,2023-07-08 21:13:27,1.57,12459,3.14
537686,22382,LUNCH BAG SPACEBOY DESIGN,2.0,2023-07-08 21:13:27,1.57,12459,3.14
537686,22632,HAND WARMER RED POLKA DOT,2.0,2023-07-08 21:13:27,1.8,12459,3.6
537686,84406B,CREAM CUPID HEARTS COAT HANGER,1.0,2023-07-08 21:13:27,2.73,12459,2.73
537687,71053,WHITE METAL LANTERN,2.0,2023-05-09 22:46:41,3.34,12416,6.68
537687,85099F,JUMBO BAG STRAWBERRY,1.0,2023-05-09 22:46:41,2.02,12416,2.02
537687,21931,JUMBO STORAGE BAG SUKI,4.0,2023-05-09 22:46:41,1.91,12416,7.64
537688,22384,LUNCH BAG PINK POLKADOT,1.0,2023-09-01 02:11:17,1.64,12877,1.64
537689,47566,PARTY BUNTING,3.0,2023-01-28 17:51:01,4.45,12877,13.35
537689,20725,LUNCH BAG RED RETROSPOT,2.0,2023-01-28 17:51:01,1.72,12877,3.44
537690,22386,JUMBO BAG PINK POLKADOT,2.0,2023-03-12 08:53:49,1.91,12858,3.82
537690,85099B,JUMBO BAG RED RETROSPOT,4.0,2023-03-12 08:53:49,2.0,12858,8.0
537690,22086,PAPER CHAIN KIT 50'S CHRISTMAS,1.0,2023-03-12 08:53:49,2.47,12858,2.47
537691,22632,HAND WARMER RED POLKA DOT,6.0,2023-08-28 18:50:38,1.79,12544,10.74
537691,47566,PARTY BUNTING,2.0,2023-08-28 18:50:38,4.86,12544,9.72
537695,85099F,JUMBO BAG STRAWBERRY,4.0,2023-09-23 13:10:21,2.04,12415,8.16
537696,22383,LUNCH BAG SUKI DESIGN,1.0,2023-10-20 21:55:14,1.7,12827,1.7
537696,84029E,RED WOOLLY HOTTIE WHITE HEART.,1.0,2023-10-20 21:55:14,3.52,12827,3.52
537696,22749,POPPY'S PLAYHOUSE LIVINGROOM,3.0,2023-10-20 21:55:14,2.13,12827,6.39
537696,85099F,JUMBO BAG STRAWBERRY,3.0,2023-10-20 21:55:14,1.9,12827,5.7
537696,22748,POPPY'S PLAYHOUSE KITCHEN,3.0,2023-10-20 21:55:14,2.16,12827,6.48
537698,20726,LUNCH BAG WOODLAND,4.0,2023-10-19 10:51:52,1.6,12613,6.4
537698,85099B,JUMBO BAG RED RETROSPOT,4.0,2023-10-19 10:51:52,1.91,12613,7.64
537698,85123A,WHITE HANGING HEART T-LIGHT HOLDER,1.0,2023-10-19 10:51:52,2.65,12613,2.65
537699,21730,GLASS STAR FROSTED T-LIGHT HOLDER,1.0,2023-09-17 17:05:59,4.09,12879,4.09
537699,84879,ASSORTED COLOUR BIRD ORNAMENT,1.0,2023-09-17 17:05:59,1.74,12879,1.74
537700,22086,PAPER CHAIN KIT 50'S CHRISTMAS,4.0,2023-10-18 06:10:35,2.47,13084,9.88
537700,22633,HAND WARMER UNION JACK,1.0,2023-10-18 06:10:35,1.9,13084,1.9
537700,20726,LUNCH BAG WOODLAND,1.0,2023-10-18 06:10:35,1.63,13084,1.63
537700,84029G,KNITTED UNION FLAG HOT WATER BOTTLE,1.0,2023-10-18 06:10:35,3.35,13084,3.35
537701,21931,JUMBO STORAGE BAG SUKI,2.0,2023-03-06 04:50:27,1.87,12877,3.74
537701,20725,LUNCH BAG RED RETROSPOT,6.0,2023-03-06 04:50:27,1.6,12877,9.6
537701,22086,PAPER CHAIN KIT 50'S CHRISTMAS,4.0,2023-03-06 04:50:27,2.55,12877,10.2
537702,20726,LUNCH BAG WOODLAND,1.0,2023-07-10 16:53:28,1.72,12878,1.72
537703,22749,POPPY'S PLAYHOUSE LIVINGROOM,3.0,2023-10-06 10:28:23,2.13,13007,6.39
537703,20726,LUNCH BAG WOODLAND,6.0,2023-10-06 10:28:23,1.65,13007,9.9
537704,22748,POPPY'S PLAYHOUSE KITCHEN,1.0,2023-09-21 21:57:38,2.11,12938,2.11
537705,22748,POPPY'S PLAYHOUSE KITCHEN,3.0,2023-09-25 10:49:08,2.05,12878,6.15
537705,85099F,JUMBO BAG STRAWBERRY,1.0,2023-09-25 10:49:08,1.89,12878,1.89
537705,22086,PAPER CHAIN KIT 50'S CHRISTMAS,2.0,2023-09-25 10:49:08,2.52,12878,5.04
537705,84406B,CREAM CUPID HEARTS COAT HANGER,3.0,2023-09-25 10:49:08,2.84,12878,8.52
537705,84879,ASSORTED COLOUR BIRD ORNAMENT,3.0,2023-09-25 10:49:08,1.62,12878,4.86
537706,20727,LUNCH BAG BLACK SKULL.,3.0,2023-03-14 06:10:47,1.67,13024,5.01
537706,20728,LUNCH BAG CARS BLUE,1.0,2023-03-14 06:10:47,1.65,13024,1.65
537706,85123A,WHITE HANGING HEART T-LIGHT HOLDER,1.0,2023-03-14 06:10:47,2.66,13024,2.66
537706,22086,PAPER CHAIN KIT 50'S CHRISTMAS,1.0,2023-03-14 06:10:47,2.48,13024,2.48
537707,84029E,RED WOOLLY HOTTIE WHITE HEART.,1.0,2023-10-03 15:44:17,3.38,12867,3.38
537707,21730,GLASS STAR FROSTED T-LIGHT HOLDER,6.0,2023-10-03 15:44:17,4.26,12867,25.56
537707,22632,HAND WARMER RED POLKA DOT,1.0,2023-10-03 15:44:17,1.76,12867,1.76
537707,71053,WHITE METAL LANTERN,2.0,2023-10-03 15:44:17,3.34,12867,6.68
537707,84879,ASSORTED COLOUR BIRD ORNAMENT,2.0,2023-10-03 15:44:17,1.7,12867,3.4
537709,22749,POPPY'S PLAYHOUSE LIVINGROOM,1.0,2023-11-05 18:27:22,2.13,12821,2.13
537709,85099F,JUMBO BAG STRAWBERRY,1.0,2023-11-05 18:27:22,1.94,12821,1.94
537709,71053,WHITE METAL LANTERN,1.0,2023-11-05 18:27:22,3.4,12821,3.4
537709,22411,JUMBO SHOPPER VINTAGE RED PAISLEY,1.0,2023-11-05 18:27:22,2.03,12821,2.03
537709,85123A,WHITE HANGING HEART T-LIGHT HOLDER,1.0,2023-11-05 18:27:22,2.47,12821,2.47
537710,22749,POPPY'S PLAYHOUSE LIVINGROOM,1.0,2023-04-17 23:21:29,2.04,13081,2.04
537710,22411,JUMBO SHOPPER VINTAGE RED PAISLEY,3.0,2023-04-17 23:21:29,1.91,13081,5.73
537711,21730,GLASS STAR FROSTED T-LIGHT HOLDER,1.0,2023-10-29 07:25:30,4.18,13000,4.18
537711,84879,ASSORTED COLOUR BIRD ORNAMENT,1.0,2023-10-29 07:25:30,1.74,13000,1.74
537711,22633,HAND WARMER UNION JACK,1.0,2023-10-29 07:25:30,1.77,13000,1.77
537711,84029G,KNITTED UNION FLAG HOT WATER BOTTLE,4.0,2023-10-29 07:25:30,3.26,13000,13.04
537711,47566,PARTY BUNTING,1.0,2023-10-29 07:25:30,4.55,13000,4.55
537712,22748,POPPY'S PLAYHOUSE KITCHEN,3.0,2023-08-18 12:10:54,2.0,12538,6.0
537712,22633,HAND WARMER UNION JACK,1.0,2023-08-18 12:10:54,1.79,12538,1.79
537713,20728,LUNCH BAG CARS BLUE,2.0,2023-11-18 00:51:31,1.57,12877,3.14
537713,22749,POPPY'S PLAYHOUSE LIVINGROOM,1.0,2023-11-18 00:51:31,2.11,12877,2.11
537713,47566,PARTY BUNTING,1.0,2023-11-18 00:51:31,4.76,12877,4.76
537713,22383,LUNCH BAG SUKI DESIGN,2.0,2023-11-18 00:51:31,1.61,12877,3.22
537715,22633,HAND WARMER UNION JACK,1.0,2023-09-11 04:47:49,1.93,12787,1.93
537715,84406B,CREAM CUPID HEARTS COAT HANGER,1.0,2023-09-11 04:47:49,2.64,12787,2.64
537715,71053,WHITE METAL LANTERN,1.0,2023-09-11 04:47:49,3.3,12787,3.3
537715,84029G,KNITTED UNION FLAG HOT WATER BOTTLE,2.0,2023-09-11 04:47:49,3.5,12787,7.0
537716,22748,POPPY'S PLAYHOUSE KITCHEN,4.0,2023-10-25 17:04:47,2.19,12877,8.76
537716,20725,LUNCH BAG RED RETROSPOT,3.0,2023-10-25 17:04:47,1.61,12877,4.83
537717,84969,BOX OF 6 ASSORTED COLOUR TEASPOONS,1.0,2023-11-11 06:59:12,4.46,12619,4.46
537718,84879,ASSORTED COLOUR BIRD ORNAMENT,1.0,2023-12-01 11:22:03,1.65,12398,1.65
537718,20725,LUNCH BAG RED RETROSPOT,2.0,2023-12-01 11:22:03,1.58,12398,3.16
537718,22310,IVORY KNITTED MUG COSY,2.0,2023-12-01 11:22:03,1.58,12398,3.16
537718,22745,POPPY'S PLAYHOUSE BEDROOM,6.0,2023-12-01 11:22:03,2.0,12398,12.0
537718,22748,POPPY'S PLAYHOUSE KITCHEN,4.0,2023-12-01 11:22:03,2.07,12398,8.28
537719,22086,PAPER CHAIN KIT 50'S CHRISTMAS,2.0,2023-02-20 05:06:05,2.57,12877,5.14
537719,85123A,WHITE HANGING HEART T-LIGHT HOLDER,1.0,2023-02-20 05:06:05,2.64,12877,2.64
537719,21730,GLASS STAR FROSTED T-LIGHT HOLDER,2.0,2023-02-20 05:06:05,4.22,12877,8.44
537719,71053,WHITE METAL LANTERN,1.0,2023-02-20 05:06:05,3.3,12877,3.3
537719,20726,LUNCH BAG WOODLAND,3.0,2023-02-20 05:06:05,1.57,12877,4.71
537720,22310,IVORY KNITTED MUG COSY,6.0,2023-04-21 12:32:39,1.64,12520,9.84
537720,84969,BOX OF 6 ASSORTED COLOUR TEASPOONS,3.0,2023-04-21 12:32:39,4.27,12520,12.81
537720,22749,POPPY'S PLAYHOUSE LIVINGROOM,2.0,2023-04-21 12:32:39,2.15,12520,4.3
537721,22384,LUNCH BAG PINK POLKADOT,4.0,2023-06-20 08:38:23,1.63,13020,6.52
537721,20727,LUNCH BAG BLACK SKULL.,1.0,2023-06-20 08:38:23,1.59,13020,1.59
537721,20725,LUNCH BAG RED RETROSPOT,6.0,2023-06-20 08:38:23,1.61,13020,9.66
537721,20728,LUNCH BAG CARS BLUE,2.0,2023-06-20 08:38:23,1.66,13020,3.32
537723,22086,PAPER CHAIN KIT 50'S CHRISTMAS,1.0,2023-03-30 06:42:42,2.47,12757,2.47
537723,85099B,JUMBO BAG RED RETROSPOT,1.0,2023-03-30 06:42:42,1.9,12757,1.9
537723,85099F,JUMBO BAG STRAWBERRY,2.0,2023-03-30 06:42:42,2.01,12757,4.02
537724,85099F,JUMBO BAG STRAWBERRY,1.0,2023-04-07 10:43:26,1.87,13142,1.87
537724,20726,LUNCH BAG WOODLAND,4.0,2023-04-07 10:43:26,1.6,13142,6.4
537724,21931,JUMBO STORAGE BAG SUKI,1.0,2023-04-07 10:43:26,1.92,13142,1.92
537724,85123A,WHITE HANGING HEART T-LIGHT HOLDER,1.0,2023-04-07 10:43:26,2.56,13142,2.56
537724,84029G,KNITTED UNION FLAG HOT WATER BOTTLE,2.0,2023-04-07 10:43:26,3.54,13142,7.08
537725,84406B,CREAM CUPID HEARTS COAT HANGER,1.0,2023-09-01 23:44:28,2.63,12877,2.63
537726,84029G,KNITTED UNION FLAG HOT WATER BOTTLE,1.0,2023-08-07 06:20:55,3.31,13057,3.31
537727,22310,IVORY KNITTED MUG COSY,4.0,2023-08-08 05:46:53,1.65,12572,6.6
537727,85123A,WHITE HANGING HEART T-LIGHT HOLDER,6.0,2023-08-08 05:46:53,2.61,12572,15.66
537727,85099F,JUMBO BAG STRAWBERRY,3.0,2023-08-08 05:46:53,2.05,12572,6.15
537728,22386,JUMBO BAG PINK POLKADOT,1.0,2023-09-08 06:21:40,2.0,13083,2.0
537728,20725,LUNCH BAG RED RETROSPOT,4.0,2023-09-08 06:21:40,1.69,13083,6.76
537731,84029E,RED WOOLLY HOTTIE WHITE HEART.,6.0,2023-05-18 14:24:59,3.44,12877,20.64
537732,84406B,CREAM CUPID HEARTS COAT HANGER,6.0,2023-11-24 16:09:37,2.89,12821,17.34
537732,22382,LUNCH BAG SPACEBOY DESIGN,1.0,2023-11-24 16:09:37,1.66,12821,1.66
537732,20727,LUNCH BAG BLACK SKULL.,1.0,2023-11-24 16:09:37,1.65,12821,1.65
537732,20726,LUNCH BAG WOODLAND,1.0,2023-11-24 16:09:37,1.65,12821,1.65
537733,84879,ASSORTED COLOUR BIRD ORNAMENT,1.0,2023-10-14 15:46:22,1.71,12877,1.71
537733,22383,LUNCH BAG SUKI DESIGN,4.0,2023-10-14 15:46:22,1.68,12877,6.72
537733,22632,HAND WARMER RED POLKA DOT,4.0,2023-10-14 15:46:22,1.86,12877,7.44
537734,84029E,RED WOOLLY HOTTIE WHITE HEART.,1.0,2023-11-19 11:18:35,3.24,12877,3.24
537736,20726,LUNCH BAG WOODLAND,1.0,2023-10-18 17:55:39,1.6,12366,1.6
537737,84879,ASSORTED COLOUR BIRD ORNAMENT,1.0,2023-08-13 12:15:01,1.73,12940,1.73
537737,22749,POPPY'S PLAYHOUSE LIVINGROOM,2.0,2023-08-13 12:15:01,2.13,12940,4.26
537737,22748,POPPY'S PLAYHOUSE KITCHEN,1.0,2023-08-13 12:15:01,2.18,12940,2.18
537737,22633,HAND WARMER UNION JACK,1.0,2023-08-13 12:15:01,1.93,12940,1.93
537739,22386,JUMBO BAG PINK POLKADOT,1.0,2023-11-06 01:52:00,1.89,12821,1.89
537739,47566,PARTY BUNTING,3.0,2023-11-06 01:52:00,4.43,12821,13.29
537740,22749,POPPY'S PLAYHOUSE LIVINGROOM,3.0,2023-09-17 23:09:33,2.16,12877,6.48
537740,71053,WHITE METAL LANTERN,1.0,2023-09-17 23:09:33,3.54,12877,3.54
537740,84029G,KNITTED UNION FLAG HOT WATER BOTTLE,4.0,2023-09-17 23:09:33,3.28,12877,13.12
537740,22310,IVORY KNITTED MUG COSY,4.0,2023-09-17 23:09:33,1.62,12877,6.48
537740,20725,LUNCH BAG RED RETROSPOT,1.0,2023-09-17 23:09:33,1.61,12877,1.61
537742,22748,POPPY'S PLAYHOUSE KITCHEN,2.0,2023-11-12 12:50:02,2.19,12638,4.38
537742,22086,PAPER CHAIN KIT 50'S CHRISTMAS,4.0,2023-11-12 12:50:02,2.48,12638,9.92
537742,22745,POPPY'S PLAYHOUSE BEDROOM,3.0,2023-11-12 12:50:02,2.18,12638,6.54
537742,20725,LUNCH BAG RED RETROSPOT,2.0,2023-11-12 12:50:02,1.69,12638,3.38
537742,85123A,WHITE HANGING HEART T-LIGHT HOLDER,2.0,2023-11-12 12:50:02,2.45,12638,4.9
537743,22748,POPPY'S PLAYHOUSE KITCHEN,4.0,2023-07-17 13:01:09,2.19,12877,8.76
537743,84879,ASSORTED COLOUR BIRD ORNAMENT,1.0,2023-07-17 13:01:09,1.76,12877,1.76
537743,22383,LUNCH BAG SUKI DESIGN,2.0,2023-07-17 13:01:09,1.62,12877,3.24
537743,22310,IVORY KNITTED MUG COSY,4.0,2023-07-17 13:01:09,1.62,12877,6.48
537743,22384,LUNCH BAG PINK POLKADOT,2.0,2023-07-17 13:01:09,1.59,12877,3.18
537744,22383,LUNCH BAG SUKI DESIGN,1.0,2023-03-19 18:54:48,1.71,12859,1.71
537744,21931,JUMBO STORAGE BAG SUKI,1.0,2023-03-19 18:54:48,1.97,12859,1.97
537745,22748,POPPY'S PLAYHOUSE KITCHEN,1.0,2023-06-02 05:17:37,2.1,12877,2.1
537745,20728,LUNCH BAG CARS BLUE,1.0,2023-06-02 05:17:37,1.57,12877,1.57
537745,22386,JUMBO BAG PINK POLKADOT,1.0,2023-06-02 05:17:37,1.85,12877,1.85
537745,84406B,CREAM CUPID HEARTS COAT HANGER,2.0,2023-06-02 05:17:37,2.68,12877,5.36
537745,22632,HAND WARMER RED POLKA DOT,1.0,2023-06-02 05:17:37,1.8,12877,1.8
537745,85099F,JUMBO BAG STRAWBERRY,3.0,2023-06-02 05:17:37,1.94,12877,5.82
537746,22310,IVORY KNITTED MUG COSY,1.0,2023-06-02 06:42:56,1.59,12736,1.59
537747,22382,LUNCH BAG SPACEBOY DESIGN,3.0,2023-03-30 07:03:58,1.71,12712,5.13
537747,22749,POPPY'S PLAYHOUSE LIVINGROOM,1.0,2023-03-30 07:03:58,2.02,12712,2.02
537748,22749,POPPY'S PLAYHOUSE LIVINGROOM,2.0,2023-11-17 08:49:52,2.15,12847,4.3
537748,85099F,JUMBO BAG STRAWBERRY,1.0,2023-11-17 08:49:52,1.9,12847,1.9
537748,71053,WHITE METAL LANTERN,1.0,2023-11-17 08:49:52,3.27,12847,3.27
537748,22745,POPPY'S PLAYHOUSE BEDROOM,1.0,2023-11-17 08:49:52,2.1,12847,2.1
537748,85099B,JUMBO BAG RED RETROSPOT,1.0,2023-11-17 08:49:52,2.05,12847,2.05
537748,20727,LUNCH BAG BLACK SKULL.,1.0,2023-11-17 08:49:52,1.64,12847,1.64
537749,22386,JUMBO BAG PINK POLKADOT,2.0,2023-03-04 11:20:16,1.86,12787,3.72
537749,20725,LUNCH BAG RED RETROSPOT,1.0,2023-03-04 11:20:16,1.6,12787,1.6
537749,22748,POPPY'S PLAYHOUSE KITCHEN,1.0,2023-03-04 11:20:16,2.14,12787,2.14
537749,84029E,RED WOOLLY HOTTIE WHITE HEART.,2.0,2023-03-04 11:20:16,3.46,12787,6.92
537750,84029G,KNITTED UNION FLAG HOT WATER BOTTLE,2.0,2023-02-21 18:22:08,3.32,12858,6.64
537750,22745,POPPY'S PLAYHOUSE BEDROOM,3.0,2023-02-21 18:22:08,2.16,12858,6.48
537750,21730,GLASS STAR FROSTED T-LIGHT HOLDER,1.0,2023-02-21 18:22:08,4.13,12858,4.13
537750,47566,PARTY BUNTING,2.0,2023-02-21 18:22:08,4.52,12858,9.04
537750,22633,HAND WARMER UNION JACK,1.0,2023-02-21 18:22:08,1.92,12858,1.92
537751,21931,JUMBO STORAGE BAG SUKI,6.0,2023-03-28 13:06:41,1.93,12558,11.58
537751,71053,WHITE METAL LANTERN,1.0,2023-03-28 13:06:41,3.25,12558,3.25
537752,85123A,WHITE HANGING HEART T-LIGHT HOLDER,6.0,2023-06-21 23:09:55,2.47,12821,14.82
537752,22749,POPPY'S PLAYHOUSE LIVINGROOM,6.0,2023-06-21 23:09:55,2.16,12821,12.96
537755,22749,POPPY'S PLAYHOUSE LIVINGROOM,2.0,2023-07-18 18:43:57,2.01,12882,4.02
537755,20727,LUNCH BAG BLACK SKULL.,3.0,2023-07-18 18:43:57,1.68,12882,5.04
537755,85099B,JUMBO BAG RED RETROSPOT,1.0,2023-07-18 18:43:57,1.89,12882,1.89
537755,22411,JUMBO SHOPPER VINTAGE RED PAISLEY,1.0,2023-07-18 18:43:57,1.93,12882,1.93
537756,22633,HAND WARMER UNION JACK,4.0,2023-07-28 00:17:26,1.86,12895,7.44
537756,22749,POPPY'S PLAYHOUSE LIVINGROOM,2.0,2023-07-28 00:17:26,2.14,12895,4.28
537757,22633,HAND WARMER UNION JACK,1.0,2023-03-17 11:17:55,1.86,12591,1.86
537757,22411,JUMBO SHOPPER VINTAGE RED PAISLEY,1.0,2023-03-17 11:17:55,1.93,12591,1.93
537758,21931,JUMBO STORAGE BAG SUKI,6.0,2023-09-15 08:01:26,1.9,12878,11.4
537758,21730,GLASS STAR FROSTED T-LIGHT HOLDER,3.0,2023-09-15 08:01:26,4.39,12878,13.17
537758,84879,ASSORTED COLOUR BIRD ORNAMENT,1.0,2023-09-15 08:01:26,1.74,12878,1.74
537758,22383,LUNCH BAG SUKI DESIGN,1.0,2023-09-15 08:01:26,1.73,12878,1.73
537760,22745,POPPY'S PLAYHOUSE BEDROOM,1.0,2023-05-23 16:28:55,2.12,12844,2.12
537760,85123A,WHITE HANGING HEART T-LIGHT HOLDER,1.0,2023-05-23 16:28:55,2.42,12844,2.42
537760,22748,POPPY'S PLAYHOUSE KITCHEN,2.0,2023-05-23 16:28:55,2.18,12844,4.36
537762,84969,BOX OF 6 ASSORTED COLOUR TEASPOONS,4.0,2023-10-12 14:25:26,4.43,13024,17.72
537763,71053,WHITE METAL LANTERN,2.0,2023-03-30 01:33:09,3.49,12877,6.98
537763,21730,GLASS STAR FROSTED T-LIGHT HOLDER,1.0,2023-03-30 01:33:09,4.12,12877,4.12
537763,84969,BOX OF 6 ASSORTED COLOUR TEASPOONS,6.0,2023-03-30 01:33:09,4.1,12877,24.6
537763,84029E,RED WOOLLY HOTTIE WHITE HEART.,1.0,2023-03-30 01:33:09,3.25,12877,3.25
537764,47566,PARTY BUNTING,1.0,2023-11-14 02:05:30,4.63,12690,4.63
537764,20725,LUNCH BAG RED RETROSPOT,4.0,2023-11-14 02:05:30,1.63,12690,6.52
537764,20726,LUNCH BAG WOODLAND,1.0,2023-11-14 02:05:30,1.73,12690,1.73
537764,22748,POPPY'S PLAYHOUSE KITCHEN,1.0,2023-11-14 02:05:30,2.17,12690,2.17
537765,84969,BOX OF 6 ASSORTED COLOUR TEASPOONS,2.0,2023-11-25 02:22:42,4.09,12877,8.18
537765,85123A,WHITE HANGING HEART T-LIGHT HOLDER,1.0,2023-11-25 02:22:42,2.43,12877,2.43
537765,84879,ASSORTED COLOUR BIRD ORNAMENT,2.0,2023-11-25 02:22:42,1.64,12877,3.28
537767,22382,LUNCH BAG SPACEBOY DESIGN,4.0,2023-03-10 02:39:05,1.69,13134,6.76
537767,84029G,KNITTED UNION FLAG HOT WATER BOTTLE,2.0,2023-03-10 02:39:05,3.36,13134,6.72
537767,71053,WHITE METAL LANTERN,4.0,2023-03-10 02:39:05,3.43,13134,13.72
537767,21730,GLASS STAR FROSTED T-LIGHT HOLDER,2.0,2023-03-10 02:39:05,4.46,13134,8.92
537771,21730,GLASS STAR FROSTED T-LIGHT HOLDER,4.0,2023-12-06 09:36:11,4.12,12827,16.48
537771,84029G,KNITTED UNION FLAG HOT WATER BOTTLE,2.0,2023-12-06 09:36:11,3.43,12827,6.86
537771,84969,BOX OF 6 ASSORTED COLOUR TEASPOONS,3.0,2023-12-06 09:36:11,4.22,12827,12.66
537771,84879,ASSORTED COLOUR BIRD ORNAMENT,1.0,2023-12-06 09:36:11,1.71,12827,1.71
537773,84029E,RED WOOLLY HOTTIE WHITE HEART.,2.0,2023-10-06 07:31:34,3.28,12878,6.56
537773,22633,HAND WARMER UNION JACK,2.0,2023-10-06 07:31:34,1.8,12878,3.6
537773,22748,POPPY'S PLAYHOUSE KITCHEN,4.0,2023-10-06 07:31:34,2.0,12878,8.0
537773,84879,ASSORTED COLOUR BIRD ORNAMENT,1.0,2023-10-06 07:31:34,1.77,12878,1.77
537774,84029E,RED WOOLLY HOTTIE WHITE HEART.,2.0,2023-07-17 11:10:15,3.45,12852,6.9
537774,84029G,KNITTED UNION FLAG HOT WATER BOTTLE,2.0,2023-07-17 11:10:15,3.28,12852,6.56
537774,22748,POPPY'S PLAYHOUSE KITCHEN,6.0,2023-07-17 11:10:15,2.16,12852,12.96
537774,84406B,CREAM CUPID HEARTS COAT HANGER,4.0,2023-07-17 11:10:15,2.77,12852,11.08
537775,22633,HAND WARMER UNION JACK,3.0,2023-10-24 02:18:27,1.84,12398,5.52
537775,85099F,JUMBO BAG STRAWBERRY,1.0,2023-10-24 02:18:27,1.89,12398,1.89
537776,22384,LUNCH BAG PINK POLKADOT,4.0,2023-02-12 12:16:35,1.58,12877,6.32
537776,21931,JUMBO STORAGE BAG SUKI,2.0,2023-02-12 12:16:35,1.93,12877,3.86
537776,84406B,CREAM CUPID HEARTS COAT HANGER,2.0,2023-02-12 12:16:35,2.78,12877,5.56
537776,22086,PAPER CHAIN KIT 50'S CHRISTMAS,1.0,2023-02-12 12:16:35,2.57,12877,2.57
537776,84029E,RED WOOLLY HOTTIE WHITE HEART.,3.0,2023-02-12 12:16:35,3.44,12877,10.32
537777,47566,PARTY BUNTING,2.0,2023-10-16 20:51:25,4.47,12485,8.94
537777,85099F,JUMBO BAG STRAWBERRY,1.0,2023-10-16 20:51:25,1.93,12485,1.93
537777,84029E,RED WOOLLY HOTTIE WHITE HEART.,1.0,2023-10-16 20:51:25,3.27,12485,3.27
537777,21730,GLASS STAR FROSTED T-LIGHT HOLDER,1.0,2023-10-16 20:51:25,4.24,12485,4.24
537777,84879,ASSORTED COLOUR BIRD ORNAMENT,2.0,2023-10-16 20:51:25,1.75,12485,3.5
537777,85123A,WHITE HANGING HEART T-LIGHT HOLDER,3.0,2023-10-16 20:51:25,2.47,12485,7.41
537778,22383,LUNCH BAG SUKI DESIGN,2.0,2023-04-24 12:13:16,1.71,13144,3.42
537779,84029G,KNITTED UNION FLAG HOT WATER BOTTLE,4.0,2023-11-05 01:20:56,3.32,12713,13.28
537779,22633,HAND WARMER UNION JACK,1.0,2023-11-05 01:20:56,1.91,12713,1.91
537779,22748,POPPY'S PLAYHOUSE KITCHEN,1.0,2023-11-05 01:20:56,2.18,12713,2.18
537780,22749,POPPY'S PLAYHOUSE LIVINGROOM,1.0,2023-07-25 05:25:57,2.05,12587,2.05
537781,22633,HAND WARMER UNION JACK,4.0,2023-09-26 03:38:22,1.87,12529,7.48
537781,20728,LUNCH BAG CARS BLUE,3.0,2023-09-26 03:38:22,1.73,12529,5.19
537784,20725,LUNCH BAG RED RETROSPOT,2.0,2023-12-04 13:38:15,1.65,12757,3.3
537784,84029E,RED WOOLLY HOTTIE WHITE HEART.,1.0,2023-12-04 13:38:15,3.31,12757,3.31
537784,22633,HAND WARMER UNION JACK,1.0,2023-12-04 13:38:15,1.77,12757,1.77
537784,85099F,JUMBO BAG STRAWBERRY,2.0,2023-12-04 13:38:15,1.99,12757,3.98
537784,84029G,KNITTED UNION FLAG HOT WATER BOTTLE,4.0,2023-12-04 13:38:15,3.35,12757,13.4
537785,71053,WHITE METAL LANTERN,1.0,2023-02-03 04:25:39,3.56,12881,3.56
537786,84406B,CREAM CUPID HEARTS COAT HANGER,2.0,2023-11-23 11:17:34,2.72,12593,5.44
537786,20726,LUNCH BAG WOODLAND,2.0,2023-11-23 11:17:34,1.63,12593,3.26
537786,22745,POPPY'S PLAYHOUSE BEDROOM,3.0,2023-11-23 11:17:34,2.14,12593,6.42
537786,22384,LUNCH BAG PINK POLKADOT,2.0,2023-11-23 11:17:34,1.67,12593,3.34
537786,21730,GLASS STAR FROSTED T-LIGHT HOLDER,4.0,2023-11-23 11:17:34,4.4,12593,17.6
537787,21931,JUMBO STORAGE BAG SUKI,2.0,2023-11-03 20:31:18,1.92,12791,3.84
537787,85123A,WHITE HANGING HEART T-LIGHT HOLDER,6.0,2023-11-03 20:31:18,2.5,12791,15.0
537787,20728,LUNCH BAG CARS BLUE,6.0,2023-11-03 20:31:18,1.58,12791,9.48
537788,84029G,KNITTED UNION FLAG HOT WATER BOTTLE,2.0,2023-08-25 13:48:23,3.44,13105,6.88
537789,85123A,WHITE HANGING HEART T-LIGHT HOLDER,1.0,2023-03-06 11:10:43,2.63,12500,2.63
537789,20727,LUNCH BAG BLACK SKULL.,1.0,2023-03-06 11:10:43,1.69,12500,1.69
537790,84029E,RED WOOLLY HOTTIE WHITE HEART.,4.0,2023-10-16 09:58:21,3.53,13069,14.12
537792,84029G,KNITTED UNION FLAG HOT WATER BOTTLE,1.0,2023-06-25 06:23:17,3.28,12504,3.28
537792,22748,POPPY'S PLAYHOUSE KITCHEN,2.0,2023-06-25 06:23:17,2.09,12504,4.18
537792,22086,PAPER CHAIN KIT 50'S CHRISTMAS,1.0,2023-06-25 06:23:17,2.46,12504,2.46
537792,85099B,JUMBO BAG RED RETROSPOT,1.0,2023-06-25 06:23:17,1.93,12504,1.93
537792,22411,JUMBO SHOPPER VINTAGE RED PAISLEY,2.0,2023-06-25 06:23:17,2.02,12504,4.04
537792,84879,ASSORTED COLOUR BIRD ORNAMENT,1.0,2023-06-25 06:23:17,1.64,12504,1.64
537793,84029G,KNITTED UNION FLAG HOT WATER BOTTLE,4.0,2023-08-14 14:06:34,3.28,12850,13.12
537793,22748,POPPY'S PLAYHOUSE KITCHEN,1.0,2023-08-14 14:06:34,2.15,12850,2.15
537793,22086,PAPER CHAIN KIT 50'S CHRISTMAS,1.0,2023-08-14 14:06:34,2.55,12850,2.55
537793,85123A,WHITE HANGING HEART T-LIGHT HOLDER,2.0,2023-08-14 14:06:34,2.51,12850,5.02
537793,22310,IVORY KNITTED MUG COSY,4.0,2023-08-14 14:06:34,1.65,12850,6.6
537794,22745,POPPY'S PLAYHOUSE BEDROOM,6.0,2023-08-24 14:14:45,2.11,12821,12.66
537794,85123A,WHITE HANGING HEART T-LIGHT HOLDER,1.0,2023-08-24 14:14:45,2.52,12821,2.52
537794,84969,BOX OF 6 ASSORTED COLOUR TEASPOONS,6.0,2023-08-24 14:14:45,4.34,12821,26.04
537794,21931,JUMBO STORAGE BAG SUKI,4.0,2023-08-24 14:14:45,1.9,12821,7.6
537794,22633,HAND WARMER UNION JACK,3.0,2023-08-24 14:14:45,1.83,12821,5.49
537796,22382,LUNCH BAG SPACEBOY DESIGN,6.0,2023-05-22 15:05:11,1.62,12610,9.72
537796,21931,JUMBO STORAGE BAG SUKI,3.0,2023-05-22 15:05:11,1.94,12610,5.82
537796,85099B,JUMBO BAG RED RETROSPOT,1.0,2023-05-22 15:05:11,1.93,12610,1.93
537797,22310,IVORY KNITTED MUG COSY,1.0,2023-09-05 13:48:21,1.64,12881,1.64
537797,85099F,JUMBO BAG STRAWBERRY,2.0,2023-09-05 13:48:21,1.9,12881,3.8
537798,22633,HAND WARMER UNION JACK,1.0,2023-03-21 10:19:21,1.94,12610,1.94
537800,84406B,CREAM CUPID HEARTS COAT HANGER,1.0,2023-09-28 15:11:38,2.69,12347,2.69
537800,84029E,RED WOOLLY HOTTIE WHITE HEART.,1.0,2023-09-28 15:11:38,3.42,12347,3.42
537800,20726,LUNCH BAG WOODLAND,1.0,2023-09-28 15:11:38,1.63,12347,1.63
537800,85099B,JUMBO BAG RED RETROSPOT,3.0,2023-09-28 15:11:38,1.98,12347,5.94
537801,85123A,WHITE HANGING HEART T-LIGHT HOLDER,1.0,2023-10-26 16:07:46,2.56,12991,2.56
537801,22383,LUNCH BAG SUKI DESIGN,1.0,2023-10-26 16:07:46,1.69,12991,1.69
537801,20727,LUNCH BAG BLACK SKULL.,1.0,2023-10-26 16:07:46,1.62,12991,1.62
537802,84969,BOX OF 6 ASSORTED COLOUR TEASPOONS,4.0,2023-12-02 03:20:13,4.06,12972,16.24
537803,71053,WHITE METAL LANTERN,2.0,2023-10-01 06:53:31,3.35,12844,6.7
537805,22633,HAND WARMER UNION JACK,2.0,2023-09-27 04:46:25,1.9,12877,3.8
537806,22086,PAPER CHAIN KIT 50'S CHRISTMAS,4.0,2023-04-26 14:46:20,2.54,12739,10.16
537806,22386,JUMBO BAG PINK POLKADOT,2.0,2023-04-26 14:46:20,2.02,12739,4.04
537806,22310,IVORY KNITTED MUG COSY,2.0,2023-04-26 14:46:20,1.66,12739,3.32
537806,85123A,WHITE HANGING HEART T-LIGHT HOLDER,1.0,2023-04-26 14:46:20,2.49,12739,2.49
537808,22086,PAPER CHAIN KIT 50'S CHRISTMAS,2.0,2023-07-20 22:53:43,2.56,12921,5.12
537808,84879,ASSORTED COLOUR BIRD ORNAMENT,6.0,2023-07-20 22:53:43,1.63,12921,9.78
537808,71053,WHITE METAL LANTERN,1.0,2023-07-20 22:53:43,3.48,12921,3.48
537808,85099B,JUMBO BAG RED RETROSPOT,6.0,2023-07-20 22:53:43,2.03,12921,12.18
537809,22749,POPPY'S PLAYHOUSE LIVINGROOM,1.0,2023-06-30 07:49:26,2.1,12485,2.1
537810,84029G,KNITTED UNION FLAG HOT WATER BOTTLE,1.0,2023-08-03 14:01:05,3.29,12416,3.29
537810,84969,BOX OF 6 ASSORTED COLOUR TEASPOONS,1.0,2023-08-03 14:01:05,4.07,12416,4.07
537810,84879,ASSORTED COLOUR BIRD ORNAMENT,1.0,2023-08-03 14:01:05,1.72,12416,1.72
537811,21730,GLASS STAR FROSTED T-LIGHT HOLDER,1.0,2023-02-21 21:04:10,4.33,13104,4.33
537811,84879,ASSORTED COLOUR BIRD ORNAMENT,1.0,2023-02-21 21:04:10,1.65,13104,1.65
537811,21931,JUMBO STORAGE BAG SUKI,1.0,2023-02-21 21:04:10,2.05,13104,2.05
537811,22086,PAPER CHAIN KIT 50'S CHRISTMAS,2.0,2023-02-21 21:04:10,2.44,13104,4.88
537811,22411,JUMBO SHOPPER VINTAGE RED PAISLEY,4.0,2023-02-21 21:04:10,1.85,13104,7.4
537811,84029E,RED WOOLLY HOTTIE WHITE HEART.,1.0,2023-02-21 21:04:10,3.43,13104,3.43
537812,84969,BOX OF 6 ASSORTED COLOUR TEASPOONS,1.0,2023-12-06 08:21:53,4.45,13135,4.45
537812,22383,LUNCH BAG SUKI DESIGN,3.0,2023-12-06 08:21:53,1.57,13135,4.71
537813,22632,HAND WARMER RED POLKA DOT,2.0,2023-09-28 00:02:52,1.8,13066,3.6
537813,20727,LUNCH BAG BLACK SKULL.,2.0,2023-09-28 00:02:52,1.7,13066,3.4
537813,84969,BOX OF 6 ASSORTED COLOUR TEASPOONS,1.0,2023-09-28 00:02:52,4.27,13066,4.27
537813,22749,POPPY'S PLAYHOUSE LIVINGROOM,3.0,2023-09-28 00:02:52,2.13,13066,6.39
537813,85099F,JUMBO BAG STRAWBERRY,1.0,2023-09-28 00:02:52,2.04,13066,2.04
537814,20727,LUNCH BAG BLACK SKULL.,2.0,2023-10-31 19:48:05,1.59,12765,3.18
537814,85099F,JUMBO BAG STRAWBERRY,2.0,2023-10-31 19:48:05,2.04,12765,4.08
537815,20726,LUNCH BAG WOODLAND,2.0,2023-11-09 07:02:12,1.65,13111,3.3
537815,85099F,JUMBO BAG STRAWBERRY,3.0,2023-11-09 07:02:12,2.05,13111,6.15
537815,84969,BOX OF 6 ASSORTED COLOUR TEASPOONS,1.0,2023-11-09 07:02:12,4.1,13111,4.1
537815,22633,HAND WARMER UNION JACK,1.0,2023-11-09 07:02:12,1.77,13111,1.77
537815,22386,JUMBO BAG PINK POLKADOT,6.0,2023-11-09 07:02:12,1.94,13111,11.64
537816,71053,WHITE METAL LANTERN,1.0,2023-07-22 00:38:03,3.55,12877,3.55
537817,22383,LUNCH BAG SUKI DESIGN,2.0,2023-04-10 10:44:19,1.66,12845,3.32
537817,20727,LUNCH BAG BLACK SKULL.,1.0,2023-04-10 10:44:19,1.69,12845,1.69
537817,85123A,WHITE HANGING HEART T-LIGHT HOLDER,3.0,2023-04-10 10:44:19,2.52,12845,7.56
537818,47566,PARTY BUNTING,3.0,2023-06-20 08:30:44,4.59,12415,13.77
537819,84029G,KNITTED UNION FLAG HOT WATER BOTTLE,2.0,2023-02-23 02:23:30,3.39,12742,6.78
537819,22745,POPPY'S PLAYHOUSE BEDROOM,4.0,2023-02-23 02:23:30,2.17,12742,8.68
537819,22086,PAPER CHAIN KIT 50'S CHRISTMAS,2.0,2023-02-23 02:23:30,2.48,12742,4.96
537819,84029E,RED WOOLLY HOTTIE WHITE HEART.,1.0,2023-02-23 02:23:30,3.54,12742,3.54
537820,22745,POPPY'S PLAYHOUSE BEDROOM,4.0,2023-09-30 05:41:55,2.03,12774,8.12
537820,71053,WHITE METAL LANTERN,1.0,2023-09-30 05:41:55,3.43,12774,3.43
537821,22086,PAPER CHAIN KIT 50'S CHRISTMAS,4.0,2023-11-29 03:01:55,2.52,12877,10.08
537821,20728,LUNCH BAG CARS BLUE,2.0,2023-11-29 03:01:55,1.67,12877,3.34
537822,22411,JUMBO SHOPPER VINTAGE RED PAISLEY,2.0,2023-11-21 09:52:54,1.95,13071,3.9
537822,47566,PARTY BUNTING,1.0,2023-11-21 09:52:54,4.76,13071,4.76
537822,20725,LUNCH BAG RED RETROSPOT,3.0,2023-11-21 09:52:54,1.6,13071,4.8
537823,21730,GLASS STAR FROSTED T-LIGHT HOLDER,1.0,2023-06-23 01:17:39,4.39,12643,4.39
537824,22411,JUMBO SHOPPER VINTAGE RED PAISLEY,3.0,2023-04-03 14:31:37,1.98,13024,5.94
537825,22383,LUNCH BAG SUKI DESIGN,6.0,2023-11-05 00:53:39,1.7,12877,10.2
537825,84969,BOX OF 6 ASSORTED COLOUR TEASPOONS,2.0,2023-11-05 00:53:39,4.46,12877,8.92
537826,84029E,RED WOOLLY HOTTIE WHITE HEART.,2.0,2023-08-28 15:28:07,3.4,12792,6.8
537826,22411,JUMBO SHOPPER VINTAGE RED PAISLEY,6.0,2023-08-28 15:28:07,1.91,12792,11.46
537827,84406B,CREAM CUPID HEARTS COAT HANGER,1.0,2023-04-02 06:50:56,2.63,13057,2.63
537828,20727,LUNCH BAG BLACK SKULL.,1.0,2023-06-02 19:53:43,1.57,12659,1.57
537828,85099F,JUMBO BAG STRAWBERRY,3.0,2023-06-02 19:53:43,1.88,12659,5.64
537828,22386,JUMBO BAG PINK POLKADOT,2.0,2023-06-02 19:53:43,1.96,12659,3.92
537828,21931,JUMBO STORAGE BAG SUKI,2.0,2023-06-02 19:53:43,2.04,12659,4.08
537828,84029E,RED WOOLLY HOTTIE WHITE HEART.,4.0,2023-06-02 19:53:43,3.33,12659,13.32
537828,22745,POPPY'S PLAYHOUSE BEDROOM,2.0,2023-06-02 19:53:43,2.19,12659,4.38
537829,22411,JUMBO SHOPPER VINTAGE RED PAISLEY,6.0,2023-10-20 06:07:27,1.89,12704,11.34
537829,22384,LUNCH BAG PINK POLKADOT,2.0,2023-10-20 06:07:27,1.69,12704,3.38
537830,47566,PARTY BUNTING,1.0,2023-06-16 07:48:13,4.64,12515,4.64
537830,22383,LUNCH BAG SUKI DESIGN,1.0,2023-06-16 07:48:13,1.71,12515,1.71
537830,84406B,CREAM CUPID HEARTS COAT HANGER,2.0,2023-06-16 07:48:13,2.84,12515,5.68
537832,22386,JUMBO BAG PINK POLKADOT,2.0,2023-02-15 06:52:08,1.94,12821,3.88
537832,22633,HAND WARMER UNION JACK,1.0,2023-02-15 06:52:08,1.83,12821,1.83
537832,84969,BOX OF 6 ASSORTED COLOUR TEASPOONS,3.0,2023-02-15 06:52:08,4.2,12821,12.6
537832,84879,ASSORTED COLOUR BIRD ORNAMENT,1.0,2023-02-15 06:52:08,1.63,12821,1.63
537833,22382,LUNCH BAG SPACEBOY DESIGN,1.0,2023-10-30 02:21:34,1.57,12379,1.57
537833,22386,JUMBO BAG PINK POLKADOT,3.0,2023-10-30 02:21:34,1.99,12379,5.97
537834,85123A,WHITE HANGING HEART T-LIGHT HOLDER,2.0,2023-02-24 04:34:29,2.56,12709,5.12
537834,85099F,JUMBO BAG STRAWBERRY,6.0,2023-02-24 04:34:29,1.93,12709,11.58
537834,22086,PAPER CHAIN KIT 50'S CHRISTMAS,1.0,2023-02-24 04:34:29,2.58,12709,2.58
537835,84879,ASSORTED COLOUR BIRD ORNAMENT,1.0,2023-08-23 06:24:16,1.76,12877,1.76
537836,20727,LUNCH BAG BLACK SKULL.,1.0,2023-06-20 02:47:39,1.57,12358,1.57
537836,85123A,WHITE HANGING HEART T-LIGHT HOLDER,2.0,2023-06-20 02:47:39,2.45,12358,4.9
537836,22086,PAPER CHAIN KIT 50'S CHRISTMAS,4.0,2023-06-20 02:47:39,2.56,12358,10.24
537836,22745,POPPY'S PLAYHOUSE BEDROOM,6.0,2023-06-20 02:47:39,2.0,12358,12.0
537836,84969,BOX OF 6 ASSORTED COLOUR TEASPOONS,2.0,2023-06-20 02:47:39,4.38,12358,8.76
537837,47566,PARTY BUNTING,1.0,2023-05-16 09:29:16,4.52,12877,4.52
537837,85123A,WHITE HANGING HEART T-LIGHT HOLDER,1.0,2023-05-16 09:29:16,2.45,12877,2.45
537838,85099F,JUMBO BAG STRAWBERRY,3.0,2023-09-20 05:09:21,1.99,12396,5.97
537838,22632,HAND WARMER RED POLKA DOT,3.0,2023-09-20 05:09:21,1.92,12396,5.76
537838,84879,ASSORTED COLOUR BIRD ORNAMENT,2.0,2023-09-20 05:09:21,1.69,12396,3.38
537839,84879,ASSORTED COLOUR BIRD ORNAMENT,1.0,2023-07-29 03:00:58,1.61,12784,1.61
537840,20726,LUNCH BAG WOODLAND,2.0,2023-07-25 23:44:39,1.6,12877,3.2
537840,47566,PARTY BUNTING,1.0,2023-07-25 23:44:39,4.58,12877,4.58
537840,22745,POPPY'S PLAYHOUSE BEDROOM,2.0,2023-07-25 23:44:39,2.14,12877,4.28
537840,85099B,JUMBO BAG RED RETROSPOT,1.0,2023-07-25 23:44:39,1.98,12877,1.98
537841,85099F,JUMBO BAG STRAWBERRY,6.0,2023-06-30 02:47:32,1.96,12621,11.76
537841,85099B,JUMBO BAG RED RETROSPOT,1.0,2023-06-30 02:47:32,1.97,12621,1.97
537841,22411,JUMBO SHOPPER VINTAGE RED PAISLEY,1.0,2023-06-30 02:47:32,2.02,12621,2.02
537841,84406B,CREAM CUPID HEARTS COAT HANGER,3.0,2023-06-30 02:47:32,2.69,12621,8.07
537844,22632,HAND WARMER RED POLKA DOT,2.0,2023-08-28 20:03:54,1.84,12415,3.68
537844,21730,GLASS STAR FROSTED T-LIGHT HOLDER,1.0,2023-08-28 20:03:54,4.38,12415,4.38
537844,22749,POPPY'S PLAYHOUSE LIVINGROOM,1.0,2023-08-28 20:03:54,2.14,12415,2.14
537845,22384,LUNCH BAG PINK POLKADOT,1.0,2023-12-07 10:36:52,1.65,13030,1.65
537845,85099F,JUMBO BAG STRAWBERRY,1.0,2023-12-07 10:36:52,2.0,13030,2.0
537845,84879,ASSORTED COLOUR BIRD ORNAMENT,1.0,2023-12-07 10:36:52,1.63,13030,1.63
537845,71053,WHITE METAL LANTERN,1.0,2023-12-07 10:36:52,3.37,13030,3.37
537845,22745,POPPY'S PLAYHOUSE BEDROOM,4.0,2023-12-07 10:36:52,2.1,13030,8.4
537846,22411,JUMBO SHOPPER VINTAGE RED PAISLEY,2.0,2023-08-07 06:09:44,1.89,12486,3.78
537846,22383,LUNCH BAG SUKI DESIGN,1.0,2023-08-07 06:09:44,1.71,12486,1.71
537847,21931,JUMBO STORAGE BAG SUKI,2.0,2023-11-01 03:49:25,1.99,12682,3.98
537847,21730,GLASS STAR FROSTED T-LIGHT HOLDER,1.0,2023-11-01 03:49:25,4.22,12682,4.22
537847,84029E,RED WOOLLY HOTTIE WHITE HEART.,4.0,2023-11-01 03:49:25,3.24,12682,12.96
537848,22411,JUMBO SHOPPER VINTAGE RED PAISLEY,2.0,2023-05-30 22:37:36,1.98,12868,3.96
537848,85099F,JUMBO BAG STRAWBERRY,4.0,2023-05-30 22:37:36,1.93,12868,7.72
537848,85123A,WHITE HANGING HEART T-LIGHT HOLDER,1.0,2023-05-30 22:37:36,2.59,12868,2.59
537848,20727,LUNCH BAG BLACK SKULL.,3.0,2023-05-30 22:37:36,1.69,12868,5.07
537849,22384,LUNCH BAG PINK POLKADOT,3.0,2023-08-13 08:39:45,1.63,12886,4.89
537849,22745,POPPY'S PLAYHOUSE BEDROOM,1.0,2023-08-13 08:39:45,2.11,12886,2.11
537849,21730,GLASS STAR FROSTED T-LIGHT HOLDER,1.0,2023-08-13 08:39:45,4.28,12886,4.28
537852,85099B,JUMBO BAG RED RETROSPOT,1.0,2023-05-28 14:38:53,1.94,12398,1.94
537852,21730,GLASS STAR FROSTED T-LIGHT HOLDER,1.0,2023-05-28 14:38:53,4.39,12398,4.39
537853,20726,LUNCH BAG WOODLAND,1.0,2023-05-16 10:21:26,1.72,12620,1.72
537853,84406B,CREAM CUPID HEARTS COAT HANGER,1.0,2023-05-16 10:21:26,2.8,12620,2.8
537854,85099F,JUMBO BAG STRAWBERRY,3.0,2023-06-01 17:39:47,2.05,12591,6.15
537854,22383,LUNCH BAG SUKI DESIGN,1.0,2023-06-01 17:39:47,1.61,12591,1.61
537854,84029E,RED WOOLLY HOTTIE WHITE HEART.,1.0,2023-06-01 17:39:47,3.33,12591,3.33
537854,22382,LUNCH BAG SPACEBOY DESIGN,3.0,2023-06-01 17:39:47,1.73,12591,5.19
537854,85099B,JUMBO BAG RED RETROSPOT,2.0,2023-06-01 17:39:47,1.98,12591,3.96
537855,47566,PARTY BUNTING,1.0,2023-09-07 08:31:14,4.55,12758,4.55
537855,22633,HAND WARMER UNION JACK,3.0,2023-09-07 08:31:14,1.78,12758,5.34
537855,71053,WHITE METAL LANTERN,1.0,2023-09-07 08:31:14,3.42,12758,3.42
537855,22086,PAPER CHAIN KIT 50'S CHRISTMAS,6.0,2023-09-07 08:31:14,2.52,12758,15.12
537855,85123A,WHITE HANGING HEART T-LIGHT HOLDER,2.0,2023-09-07 08:31:14,2.57,12758,5.14
537855,85099B,JUMBO BAG RED RETROSPOT,2.0,2023-09-07 08:31:14,2.04,12758,4.08
537856,22633,HAND WARMER UNION JACK,6.0,2023-10-23 05:08:52,1.87,12927,11.22
537856,22086,PAPER CHAIN KIT 50'S CHRISTMAS,6.0,2023-10-23 05:08:52,2.47,12927,14.82
537856,84029E,RED WOOLLY HOTTIE WHITE HEART.,3.0,2023-10-23 05:08:52,3.24,12927,9.72
537856,20727,LUNCH BAG BLACK SKULL.,1.0,2023-10-23 05:08:52,1.72,12927,1.72
537857,22310,IVORY KNITTED MUG COSY,2.0,2023-11-04 19:16:27,1.69,12486,3.38
537857,22748,POPPY'S PLAYHOUSE KITCHEN,2.0,2023-11-04 19:16:27,2.0,12486,4.0
537857,47566,PARTY BUNTING,4.0,2023-11-04 19:16:27,4.5,12486,18.0
537858,22383,LUNCH BAG SUKI DESIGN,1.0,2023-03-07 09:00:22,1.62,12863,1.62
537858,20725,LUNCH BAG RED RETROSPOT,1.0,2023-03-07 09:00:22,1.71,12863,1.71
537858,20727,LUNCH BAG BLACK SKULL.,4.0,2023-03-07 09:00:22,1.72,12863,6.88
537858,21730,GLASS STAR FROSTED T-LIGHT HOLDER,4.0,2023-03-07 09:00:22,4.24,12863,16.96
537858,22382,LUNCH BAG SPACEBOY DESIGN,1.0,2023-03-07 09:00:22,1.65,12863,1.65
537859,84029E,RED WOOLLY HOTTIE WHITE HEART.,6.0,2023-09-21 15:42:17,3.26,12877,19.56
537859,22383,LUNCH BAG SUKI DESIGN,2.0,2023-09-21 15:42:17,1.73,12877,3.46
537860,22748,POPPY'S PLAYHOUSE KITCHEN,2.0,2023-07-26 05:38:57,2.19,12651,4.38
537860,22633,HAND WARMER UNION JACK,1.0,2023-07-26 05:38:57,1.8,12651,1.8
537862,21730,GLASS STAR FROSTED T-LIGHT HOLDER,1.0,2023-12-10 00:56:36,4.38,12870,4.38
537863,22386,JUMBO BAG PINK POLKADOT,1.0,2023-11-13 09:51:31,1.92,12604,1.92
537863,21730,GLASS STAR FROSTED T-LIGHT HOLDER,2.0,2023-11-13 09:51:31,4.16,12604,8.32
537863,84029E,RED WOOLLY HOTTIE WHITE HEART.,1.0,2023-11-13 09:51:31,3.37,12604,3.37
537863,47566,PARTY BUNTING,2.0,2023-11-13 09:51:31,4.79,12604,9.58
537863,20727,LUNCH BAG BLACK SKULL.,1.0,2023-11-13 09:51:31,1.73,12604,1.73
537864,22383,LUNCH BAG SUKI DESIGN,6.0,2023-06-07 04:40:04,1.66,12415,9.96
537864,22748,POPPY'S PLAYHOUSE KITCHEN,2.0,2023-06-07 04:40:04,2.04,12415,4.08
537864,84029E,RED WOOLLY HOTTIE WHITE HEART.,2.0,2023-06-07 04:40:04,3.28,12415,6.56
537864,84969,BOX OF 6 ASSORTED COLOUR TEASPOONS,3.0,2023-06-07 04:40:04,4.27,12415,12.81
537864,22633,HAND WARMER UNION JACK,4.0,2023-06-07 04:40:04,1.78,12415,7.12
537865,22632,HAND WARMER RED POLKA DOT,1.0,2023-06-13 07:00:44,1.78,12648,1.78
537865,85099F,JUMBO BAG STRAWBERRY,1.0,2023-06-13 07:00:44,1.97,12648,1.97
537865,71053,WHITE METAL LANTERN,1.0,2023-06-13 07:00:44,3.45,12648,3.45
537866,22411,JUMBO SHOPPER VINTAGE RED PAISLEY,2.0,2023-02-05 10:30:48,1.87,13082,3.74
537867,22382,LUNCH BAG SPACEBOY DESIGN,4.0,2023-10-18 18:00:57,1.69,12850,6.76
537867,20725,LUNCH BAG RED RETROSPOT,1.0,2023-10-18 18:00:57,1.6,12850,1.6
537867,20728,LUNCH BAG CARS BLUE,6.0,2023-10-18 18:00:57,1.72,12850,10.32
537867,22748,POPPY'S PLAYHOUSE KITCHEN,6.0,2023-10-18 18:00:57,2.16,12850,12.96
537868,22745,POPPY'S PLAYHOUSE BEDROOM,4.0,2023-04-13 23:36:44,2.01,12607,8.04
537868,84406B,CREAM CUPID HEARTS COAT HANGER,2.0,2023-04-13 23:36:44,2.85,12607,5.7
537869,22382,LUNCH BAG SPACEBOY DESIGN,2.0,2023-07-31 23:12:31,1.62,12927,3.24
537869,22386,JUMBO BAG PINK POLKADOT,1.0,2023-07-31 23:12:31,1.96,12927,1.96
537869,84406B,CREAM CUPID HEARTS COAT HANGER,3.0,2023-07-31 23:12:31,2.78,12927,8.34
537869,20728,LUNCH BAG CARS BLUE,6.0,2023-07-31 23:12:31,1.69,12927,10.14
537870,85123A,WHITE HANGING HEART T-LIGHT HOLDER,1.0,2023-06-12 18:39:36,2.62,12648,2.62
537870,84969,BOX OF 6 ASSORTED COLOUR TEASPOONS,1.0,2023-06-12 18:39:36,4.45,12648,4.45
537870,20725,LUNCH BAG RED RETROSPOT,4.0,2023-06-12 18:39:36,1.7,12648,6.8
537870,84406B,CREAM CUPID HEARTS COAT HANGER,3.0,2023-06-12 18:39:36,2.87,12648,8.61
537871,22633,HAND WARMER UNION JACK,2.0,2023-06-15 07:10:32,1.76,12736,3.52
537871,22411,JUMBO SHOPPER VINTAGE RED PAISLEY,2.0,2023-06-15 07:10:32,1.97,12736,3.94
537871,71053,WHITE METAL LANTERN,1.0,2023-06-15 07:10:32,3.48,12736,3.48
537871,22384,LUNCH BAG PINK POLKADOT,2.0,2023-06-15 07:10:32,1.61,12736,3.22
537872,22749,POPPY'S PLAYHOUSE LIVINGROOM,1.0,2023-03-16 01:03:22,2.18,12767,2.18
537872,22632,HAND WARMER RED POLKA DOT,1.0,2023-03-16 01:03:22,1.84,12767,1.84
537873,22383,LUNCH BAG SUKI DESIGN,3.0,2023-10-22 09:28:24,1.57,12877,4.71
537873,84879,ASSORTED COLOUR BIRD ORNAMENT,2.0,2023-10-22 09:28:24,1.73,12877,3.46
537873,20726,LUNCH BAG WOODLAND,1.0,2023-10-22 09:28:24,1.72,12877,1.72
537874,85123A,WHITE HANGING HEART T-LIGHT HOLDER,1.0,2023-11-22 00:44:28,2.49,12500,2.49
537874,47566,PARTY BUNTING,1.0,2023-11-22 00:44:28,4.83,12500,4.83
537874,21730,GLASS STAR FROSTED T-LIGHT HOLDER,2.0,2023-11-22 00:44:28,4.07,12500,8.14
537874,22633,HAND WARMER UNION JACK,1.0,2023-11-22 00:44:28,1.77,12500,1.77
537875,84879,ASSORTED COLOUR BIRD ORNAMENT,3.0,2023-08-24 02:25:00,1.76,12398,5.28
537875,22310,IVORY KNITTED MUG COSY,4.0,2023-08-24 02:25:00,1.63,12398,6.52
537875,20728,LUNCH BAG CARS BLUE,1.0,2023-08-24 02:25:00,1.7,12398,1.7
537875,20725,LUNCH BAG RED RETROSPOT,6.0,2023-08-24 02:25:00,1.66,12398,9.96
537875,22411,JUMBO SHOPPER VINTAGE RED PAISLEY,1.0,2023-08-24 02:25:00,1.97,12398,1.97
537875,47566,PARTY BUNTING,1.0,2023-08-24 02:25:00,4.53,12398,4.53
537876,22411,JUMBO SHOPPER VINTAGE RED PAISLEY,3.0,2023-04-29 21:45:49,2.0,12515,6.0
537876,22086,PAPER CHAIN KIT 50'S CHRISTMAS,1.0,2023-04-29 21:45:49,2.62,12515,2.62
537876,22386,JUMBO BAG PINK POLKADOT,2.0,2023-04-29 21:45:49,1.98,12515,3.96
537876,22748,POPPY'S PLAYHOUSE KITCHEN,4.0,2023-04-29 21:45:49,2.11,12515,8.44
537878,22633,HAND WARMER UNION JACK,6.0,2023-09-07 09:19:42,1.91,13131,11.46
537879,20726,LUNCH BAG WOODLAND,4.0,2023-03-14 05:47:21,1.62,13098,6.48
537880,84029E,RED WOOLLY HOTTIE WHITE HEART.,4.0,2023-07-14 23:38:44,3.33,12639,13.32
537883,22749,POPPY'S PLAYHOUSE LIVINGROOM,1.0,2023-08-16 13:33:31,2.12,12878,2.12
537883,85099F,JUMBO BAG STRAWBERRY,6.0,2023-08-16 13:33:31,1.89,12878,11.34
537883,22632,HAND WARMER RED POLKA DOT,3.0,2023-08-16 13:33:31,1.84,12878,5.52
537883,20727,LUNCH BAG BLACK SKULL.,1.0,2023-08-16 13:33:31,1.65,12878,1.65
537883,47566,PARTY BUNTING,1.0,2023-08-16 13:33:31,4.64,12878,4.64
537884,21730,GLASS STAR FROSTED T-LIGHT HOLDER,3.0,2023-04-07 12:49:42,4.07,13069,12.21
537884,22633,HAND WARMER UNION JACK,3.0,2023-04-07 12:49:42,1.9,13069,5.7
537887,85099F,JUMBO BAG STRAWBERRY,1.0,2023-05-01 01:53:48,1.86,12682,1.86
537888,22632,HAND WARMER RED POLKA DOT,1.0,2023-07-15 07:40:38,1.81,12877,1.81
537888,20725,LUNCH BAG RED RETROSPOT,1.0,2023-07-15 07:40:38,1.58,12877,1.58
537888,22310,IVORY KNITTED MUG COSY,1.0,2023-07-15 07:40:38,1.73,12877,1.73
537888,20726,LUNCH BAG WOODLAND,2.0,2023-07-15 07:40:38,1.59,12877,3.18
537889,21730,GLASS STAR FROSTED T-LIGHT HOLDER,1.0,2023-05-27 07:03:56,4.37,12991,4.37
537889,22632,HAND WARMER RED POLKA DOT,2.0,2023-05-27 07:03:56,1.82,12991,3.64
537889,22382,LUNCH BAG SPACEBOY DESIGN,3.0,2023-05-27 07:03:56,1.59,12991,4.77
537891,22310,IVORY KNITTED MUG COSY,1.0,2023-05-28 19:24:46,1.66,12486,1.66
537891,22383,LUNCH BAG SUKI DESIGN,2.0,2023-05-28 19:24:46,1.59,12486,3.18
537891,71053,WHITE METAL LANTERN,1.0,2023-05-28 19:24:46,3.43,12486,3.43
537891,85099F,JUMBO BAG STRAWBERRY,4.0,2023-05-28 19:24:46,1.99,12486,7.96
537891,84029G,KNITTED UNION FLAG HOT WATER BOTTLE,2.0,2023-05-28 19:24:46,3.51,12486,7.02
537892,22632,HAND WARMER RED POLKA DOT,2.0,2023-06-08 16:37:20,1.8,13024,3.6
537892,22382,LUNCH BAG SPACEBOY DESIGN,3.0,2023-06-08 16:37:20,1.64,13024,4.92
537892,22086,PAPER CHAIN KIT 50'S CHRISTMAS,2.0,2023-06-08 16:37:20,2.67,13024,5.34
537892,22633,HAND WARMER UNION JACK,1.0,2023-06-08 16:37:20,1.92,13024,1.92
537892,85099F,JUMBO BAG STRAWBERRY,1.0,2023-06-08 16:37:20,1.98,13024,1.98
537892,21931,JUMBO STORAGE BAG SUKI,6.0,2023-06-08 16:37:20,1.92,13024,11.52
537893,22386,JUMBO BAG PINK POLKADOT,1.0,2023-07-16 20:10:11,1.95,12878,1.95
537893,84029E,RED WOOLLY HOTTIE WHITE HEART.,6.0,2023-07-16 20:10:11,3.51,12878,21.06
537893,22633,HAND WARMER UNION JACK,1.0,2023-07-16 20:10:11,1.84,12878,1.84
537893,22382,LUNCH BAG SPACEBOY DESIGN,2.0,2023-07-16 20:10:11,1.59,12878,3.18
537895,22748,POPPY'S PLAYHOUSE KITCHEN,1.0,2023-12-01 04:24:42,2.11,12877,2.11
537895,22749,POPPY'S PLAYHOUSE LIVINGROOM,2.0,2023-12-01 04:24:42,2.11,12877,4.22
537895,22386,JUMBO BAG PINK POLKADOT,6.0,2023-12-01 04:24:42,1.89,12877,11.34
537895,20726,LUNCH BAG WOODLAND,2.0,2023-12-01 04:24:42,1.67,12877,3.34
537895,85099F,JUMBO BAG STRAWBERRY,1.0,2023-12-01 04:24:42,1.99,12877,1.99
537896,20726,LUNCH BAG WOODLAND,4.0,2023-07-24 07:43:10,1.73,12477,6.92
537896,22633,HAND WARMER UNION JACK,2.0,2023-07-24 07:43:10,1.76,12477,3.52
537897,22411,JUMBO SHOPPER VINTAGE RED PAISLEY,1.0,2023-07-03 10:44:50,1.94,13104,1.94
537897,22632,HAND WARMER RED POLKA DOT,1.0,2023-07-03 10:44:50,1.79,13104,1.79
537897,21931,JUMBO STORAGE BAG SUKI,1.0,2023-07-03 10:44:50,1.9,13104,1.9
537898,22748,POPPY'S PLAYHOUSE KITCHEN,6.0,2023-03-03 10:12:18,2.15,12844,12.9
537898,20725,LUNCH BAG RED RETROSPOT,2.0,2023-03-03 10:12:18,1.67,12844,3.34
537899,84029E,RED WOOLLY HOTTIE WHITE HEART.,1.0,2023-09-22 06:21:58,3.31,12538,3.31
537899,22086,PAPER CHAIN KIT 50'S CHRISTMAS,3.0,2023-09-22 06:21:58,2.54,12538,7.62
537899,22633,HAND WARMER UNION JACK,1.0,2023-09-22 06:21:58,1.93,12538,1.93
537900,84969,BOX OF 6 ASSORTED COLOUR TEASPOONS,2.0,2023-03-27 00:29:28,4.07,12877,8.14
537900,22632,HAND WARMER RED POLKA DOT,3.0,2023-03-27 00:29:28,1.85,12877,5.55
537900,22386,JUMBO BAG PINK POLKADOT,1.0,2023-03-27 00:29:28,1.97,12877,1.97
537900,22310,IVORY KNITTED MUG COSY,2.0,2023-03-27 00:29:28,1.63,12877,3.26
537900,21730,GLASS STAR FROSTED T-LIGHT HOLDER,1.0,2023-03-27 00:29:28,4.26,12877,4.26
537902,22633,HAND WARMER UNION JACK,4.0,2023-10-31 01:19:49,1.83,13063,7.32
537902,20727,LUNCH BAG BLACK SKULL.,6.0,2023-10-31 01:19:49,1.64,13063,9.84
537902,22386,JUMBO BAG PINK POLKADOT,2.0,2023-10-31 01:19:49,1.91,13063,3.82
537902,71053,WHITE METAL LANTERN,6.0,2023-10-31 01:19:49,3.41,13063,20.46
537903,22382,LUNCH BAG SPACEBOY DESIGN,1.0,2023-04-25 03:41:21,1.7,12500,1.7
537904,21730,GLASS STAR FROSTED T-LIGHT HOLDER,1.0,2023-05-29 00:15:42,4.25,12878,4.25
537904,22632,HAND WARMER RED POLKA DOT,1.0,2023-05-29 00:15:42,1.87,12878,1.87
537904,22411,JUMBO SHOPPER VINTAGE RED PAISLEY,2.0,2023-05-29 00:15:42,1.99,12878,3.98
537904,84879,ASSORTED COLOUR BIRD ORNAMENT,2.0,2023-05-29 00:15:42,1.71,12878,3.42
537904,84406B,CREAM CUPID HEARTS COAT HANGER,2.0,2023-05-29 00:15:42,2.88,12878,5.76
537904,22386,JUMBO BAG PINK POLKADOT,4.0,2023-05-29 00:15:42,1.94,12878,7.76
537905,20728,LUNCH BAG CARS BLUE,1.0,2023-04-10 16:58:33,1.66,12878,1.66
537905,22411,JUMBO SHOPPER VINTAGE RED PAISLEY,1.0,2023-04-10 16:58:33,1.99,12878,1.99
537905,22748,POPPY'S PLAYHOUSE KITCHEN,1.0,2023-04-10 16:58:33,2.01,12878,2.01
537905,21931,JUMBO STORAGE BAG SUKI,2.0,2023-04-10 16:58:33,1.92,12878,3.84
537906,20728,LUNCH BAG CARS BLUE,2.0,2023-09-23 10:24:16,1.63,12434,3.26
537906,21931,JUMBO STORAGE BAG SUKI,2.0,2023-09-23 10:24:16,1.98,12434,3.96
537906,84969,BOX OF 6 ASSORTED COLOUR TEASPOONS,2.0,2023-09-23 10:24:16,4.43,12434,8.86
537906,22749,POPPY'S PLAYHOUSE LIVINGROOM,1.0,2023-09-23 10:24:16,2.05,12434,2.05
537906,84406B,CREAM CUPID HEARTS COAT HANGER,2.0,2023-09-23 10:24:16,2.81,12434,5.62
537907,20725,LUNCH BAG RED RETROSPOT,2.0,2023-02-20 02:02:20,1.6,12607,3.2
537907,20728,LUNCH BAG CARS BLUE,2.0,2023-02-20 02:02:20,1.62,12607,3.24
537907,21730,GLASS STAR FROSTED T-LIGHT HOLDER,3.0,2023-02-20 02:02:20,4.25,12607,12.75
537907,84879,ASSORTED COLOUR BIRD ORNAMENT,1.0,2023-02-20 02:02:20,1.75,12607,1.75
537907,85099F,JUMBO BAG STRAWBERRY,2.0,2023-02-20 02:02:20,2.0,12607,4.0
537908,84406B,CREAM CUPID HEARTS COAT HANGER,1.0,2023-05-19 01:56:06,2.69,13051,2.69
537909,20726,LUNCH BAG WOODLAND,3.0,2023-10-30 15:26:38,1.62,12659,4.86
537909,20728,LUNCH BAG CARS BLUE,4.0,2023-10-30 15:26:38,1.7,12659,6.8
537909,22632,HAND WARMER RED POLKA DOT,6.0,2023-10-30 15:26:38,1.82,12659,10.92
537911,21931,JUMBO STORAGE BAG SUKI,3.0,2023-06-25 05:24:05,1.99,12927,5.97
537911,22386,JUMBO BAG PINK POLKADOT,4.0,2023-06-25 05:24:05,1.98,12927,7.92
537911,85123A,WHITE HANGING HEART T-LIGHT HOLDER,2.0,2023-06-25 05:24:05,2.53,12927,5.06
537917,22745,POPPY'S PLAYHOUSE BEDROOM,1.0,2023-06-06 17:08:11,2.18,12877,2.18
537918,84406B,CREAM CUPID HEARTS COAT HANGER,3.0,2023-02-03 02:54:14,2.69,12821,8.07
537918,20727,LUNCH BAG BLACK SKULL.,2.0,2023-02-03 02:54:14,1.72,12821,3.44
537918,22086,PAPER CHAIN KIT 50'S CHRISTMAS,6.0,2023-02-03 02:54:14,2.61,12821,15.66
537918,20726,LUNCH BAG WOODLAND,4.0,2023-02-03 02:54:14,1.65,12821,6.6
537918,84969,BOX OF 6 ASSORTED COLOUR TEASPOONS,2.0,2023-02-03 02:54:14,4.44,12821,8.88
537919,22382,LUNCH BAG SPACEBOY DESIGN,1.0,2023-06-21 10:13:17,1.68,12845,1.68
537919,21931,JUMBO STORAGE BAG SUKI,1.0,2023-06-21 10:13:17,2.0,12845,2.0
537919,20728,LUNCH BAG CARS BLUE,2.0,2023-06-21 10:13:17,1.63,12845,3.26
537919,84406B,CREAM CUPID HEARTS COAT HANGER,4.0,2023-06-21 10:13:17,2.71,12845,10.84
537919,84029E,RED WOOLLY HOTTIE WHITE HEART.,3.0,2023-06-21 10:13:17,3.22,12845,9.66
537921,21730,GLASS STAR FROSTED T-LIGHT HOLDER,2.0,2023-09-21 15:17:59,4.45,12882,8.9
537921,22382,LUNCH BAG SPACEBOY DESIGN,2.0,2023-09-21 15:17:59,1.57,12882,3.14
537921,22384,LUNCH BAG PINK POLKADOT,1.0,2023-09-21 15:17:59,1.58,12882,1.58
537922,85099F,JUMBO BAG STRAWBERRY,1.0,2023-09-10 07:03:29,1.89,12877,1.89
537922,20726,LUNCH BAG WOODLAND,6.0,2023-09-10 07:03:29,1.7,12877,10.2
537922,22386,JUMBO BAG PINK POLKADOT,1.0,2023-09-10 07:03:29,1.95,12877,1.95
537922,22748,POPPY'S PLAYHOUSE KITCHEN,1.0,2023-09-10 07:03:29,2.11,12877,2.11
537923,21931,JUMBO STORAGE BAG SUKI,1.0,2023-12-05 08:16:05,1.96,12923,1.96
537923,22633,HAND WARMER UNION JACK,6.0,2023-12-05 08:16:05,1.9,12923,11.4
537924,20726,LUNCH BAG WOODLAND,1.0,2023-05-10 11:57:19,1.59,12845,1.59
537924,22745,POPPY'S PLAYHOUSE BEDROOM,4.0,2023-05-10 11:57:19,2.05,12845,8.2
537924,20727,LUNCH BAG BLACK SKULL.,1.0,2023-05-10 11:57:19,1.58,12845,1.58
537924,71053,WHITE METAL LANTERN,6.0,2023-05-10 11:57:19,3.38,12845,20.28
537924,22411,JUMBO SHOPPER VINTAGE RED PAISLEY,1.0,2023-05-10 11:57:19,1.87,12845,1.87
537926,84029G,KNITTED UNION FLAG HOT WATER BOTTLE,1.0,2023-10-20 22:26:21,3.36,12651,3.36
537929,85099F,JUMBO BAG STRAWBERRY,4.0,2023-09-10 16:24:51,2.03,12878,8.12
537929,22382,LUNCH BAG SPACEBOY DESIGN,2.0,2023-09-10 16:24:51,1.73,12878,3.46
537929,47566,PARTY BUNTING,1.0,2023-09-10 16:24:51,4.46,12878,4.46
537929,22310,IVORY KNITTED MUG COSY,2.0,2023-09-10 16:24:51,1.69,12878,3.38
537930,22748,POPPY'S PLAYHOUSE KITCHEN,2.0,2023-01-18 01:37:26,2.08,12877,4.16
537930,22383,LUNCH BAG SUKI DESIGN,1.0,2023-01-18 01:37:26,1.69,12877,1.69
537930,84879,ASSORTED COLOUR BIRD ORNAMENT,2.0,2023-01-18 01:37:26,1.69,12877,3.38
537930,84969,BOX OF 6 ASSORTED COLOUR TEASPOONS,2.0,2023-01-18 01:37:26,4.24,12877,8.48
537930,20726,LUNCH BAG WOODLAND,3.0,2023-01-18 01:37:26,1.62,12877,4.86
537931,22632,HAND WARMER RED POLKA DOT,3.0,2023-07-06 04:28:15,1.86,12877,5.58
537932,85123A,WHITE HANGING HEART T-LIGHT HOLDER,4.0,2023-04-15 21:41:06,2.44,12537,9.76
537932,84969,BOX OF 6 ASSORTED COLOUR TEASPOONS,1.0,2023-04-15 21:41:06,4.18,12537,4.18
537932,85099F,JUMBO BAG STRAWBERRY,2.0,2023-04-15 21:41:06,1.95,12537,3.9
537932,47566,PARTY BUNTING,1.0,2023-04-15 21:41:06,4.72,12537,4.72
537932,21931,JUMBO STORAGE BAG SUKI,3.0,2023-04-15 21:41:06,1.86,12537,5.58
537932,20728,LUNCH BAG CARS BLUE,3.0,2023-04-15 21:41:06,1.6,12537,4.8
537933,22386,JUMBO BAG PINK POLKADOT,1.0,2023-11-13 03:57:27,2.0,12923,2.0
537933,22310,IVORY KNITTED MUG COSY,2.0,2023-11-13 03:57:27,1.7,12923,3.4
537933,22633,HAND WARMER UNION JACK,1.0,2023-11-13 03:57:27,1.88,12923,1.88
537933,84879,ASSORTED COLOUR BIRD ORNAMENT,1.0,2023-11-13 03:57:27,1.74,12923,1.74
537934,84406B,CREAM CUPID HEARTS COAT HANGER,2.0,2023-10-27 04:19:24,2.62,12704,5.24
537934,22384,LUNCH BAG PINK POLKADOT,4.0,2023-10-27 04:19:24,1.64,12704,6.56
537934,20725,LUNCH BAG RED RETROSPOT,4.0,2023-10-27 04:19:24,1.66,12704,6.64
537934,85123A,WHITE HANGING HEART T-LIGHT HOLDER,2.0,2023-10-27 04:19:24,2.56,12704,5.12
537934,22748,POPPY'S PLAYHOUSE KITCHEN,1.0,2023-10-27 04:19:24,2.04,12704,2.04
537935,84969,BOX OF 6 ASSORTED COLOUR TEASPOONS,1.0,2023-05-26 23:19:02,4.11,12877,4.11
537935,21931,JUMBO STORAGE BAG SUKI,3.0,2023-05-26 23:19:02,1.94,12877,5.82
537935,22745,POPPY'S PLAYHOUSE BEDROOM,4.0,2023-05-26 23:19:02,2.12,12877,8.48
537935,22310,IVORY KNITTED MUG COSY,2.0,2023-05-26 23:19:02,1.65,12877,3.3
537935,85123A,WHITE HANGING HEART T-LIGHT HOLDER,4.0,2023-05-26 23:19:02,2.65,12877,10.6
537935,71053,WHITE METAL LANTERN,4.0,2023-05-26 23:19:02,3.25,12877,13.0
537936,20726,LUNCH BAG WOODLAND,1.0,2023-10-28 06:22:02,1.58,12653,1.58
537936,20728,LUNCH BAG CARS BLUE,1.0,2023-10-28 06:22:02,1.69,12653,1.69
537936,22411,JUMBO SHOPPER VINTAGE RED PAISLEY,4.0,2023-10-28 06:22:02,1.97,12653,7.88
537936,85123A,WHITE HANGING HEART T-LIGHT HOLDER,2.0,2023-10-28 06:22:02,2.58,12653,5.16
537936,22748,POPPY'S PLAYHOUSE KITCHEN,2.0,2023-10-28 06:22:02,2.08,12653,4.16
537937,85123A,WHITE HANGING HEART T-LIGHT HOLDER,1.0,2023-03-05 03:35:32,2.59,12877,2.59
537937,47566,PARTY BUNTING,1.0,2023-03-05 03:35:32,4.7,12877,4.7
537938,22411,JUMBO SHOPPER VINTAGE RED PAISLEY,6.0,2023-05-06 21:28:02,2.02,12475,12.12
537938,85123A,WHITE HANGING HEART T-LIGHT HOLDER,1.0,2023-05-06 21:28:02,2.49,12475,2.49
537938,84029E,RED WOOLLY HOTTIE WHITE HEART.,3.0,2023-05-06 21:28:02,3.4,12475,10.2
537938,22383,LUNCH BAG SUKI DESIGN,2.0,2023-05-06 21:28:02,1.58,12475,3.16
537938,71053,WHITE METAL LANTERN,2.0,2023-05-06 21:28:02,3.37,12475,6.74
537939,22086,PAPER CHAIN KIT 50'S CHRISTMAS,6.0,2023-08-31 08:16:18,2.51,13007,15.06
537940,22633,HAND WARMER UNION JACK,2.0,2023-09-25 10:51:06,1.77,12808,3.54
537940,22632,HAND WARMER RED POLKA DOT,1.0,2023-09-25 10:51:06,1.82,12808,1.82
537940,84969,BOX OF 6 ASSORTED COLOUR TEASPOONS,2.0,2023-09-25 10:51:06,4.46,12808,8.92
537940,71053,WHITE METAL LANTERN,3.0,2023-09-25 10:51:06,3.31,12808,9.93
537940,20725,LUNCH BAG RED RETROSPOT,3.0,2023-09-25 10:51:06,1.67,12808,5.01
537941,20726,LUNCH BAG WOODLAND,6.0,2023-11-12 07:58:00,1.71,12927,10.26
537941,84029G,KNITTED UNION FLAG HOT WATER BOTTLE,2.0,2023-11-12 07:58:00,3.25,12927,6.5
537941,22749,POPPY'S PLAYHOUSE LIVINGROOM,2.0,2023-11-12 07:58:00,2.06,12927,4.12
537941,47566,PARTY BUNTING,3.0,2023-11-12 07:58:00,4.56,12927,13.68
537941,22384,LUNCH BAG PINK POLKADOT,2.0,2023-11-12 07:58:00,1.64,12927,3.28
537941,22745,POPPY'S PLAYHOUSE BEDROOM,2.0,2023-11-12 07:58:00,2.02,12927,4.04
537942,22086,PAPER CHAIN KIT 50'S CHRISTMAS,2.0,2023-10-18 17:12:07,2.59,12877,5.18
537942,20728,LUNCH BAG CARS BLUE,6.0,2023-10-18 17:12:07,1.72,12877,10.32
537942,22386,JUMBO BAG PINK POLKADOT,1.0,2023-10-18 17:12:07,1.89,12877,1.89
537942,84029G,KNITTED UNION FLAG HOT WATER BOTTLE,2.0,2023-10-18 17:12:07,3.55,12877,7.1
537942,84406B,CREAM CUPID HEARTS COAT HANGER,4.0,2023-10-18 17:12:07,2.63,12877,10.52
537942,84969,BOX OF 6 ASSORTED COLOUR TEASPOONS,6.0,2023-10-18 17:12:07,4.15,12877,24.9
537945,22386,JUMBO BAG PINK POLKADOT,2.0,2023-06-06 03:53:14,1.96,13017,3.92
537945,21730,GLASS STAR FROSTED T-LIGHT HOLDER,2.0,2023-06-06 03:53:14,4.3,13017,8.6
537945,22382,LUNCH BAG SPACEBOY DESIGN,3.0,2023-06-06 03:53:14,1.63,13017,4.89
537945,47566,PARTY BUNTING,1.0,2023-06-06 03:53:14,4.48,13017,4.48
537945,22633,HAND WARMER UNION JACK,3.0,2023-06-06 03:53:14,1.9,13017,5.7
537946,20728,LUNCH BAG CARS BLUE,2.0,2023-11-04 11:11:16,1.58,13007,3.16
537946,71053,WHITE METAL LANTERN,2.0,2023-11-04 11:11:16,3.31,13007,6.62
537946,20727,LUNCH BAG BLACK SKULL.,6.0,2023-11-04 11:11:16,1.72,13007,10.32
537947,84406B,CREAM CUPID HEARTS COAT HANGER,1.0,2023-11-05 11:21:32,2.81,12401,2.81
537947,22632,HAND WARMER RED POLKA DOT,3.0,2023-11-05 11:21:32,1.8,12401,5.4
537947,20725,LUNCH BAG RED RETROSPOT,6.0,2023-11-05 11:21:32,1.62,12401,9.72
537948,85123A,WHITE HANGING HEART T-LIGHT HOLDER,2.0,2023-06-02 14:33:06,2.58,13034,5.16
537948,84879,ASSORTED COLOUR BIRD ORNAMENT,3.0,2023-06-02 14:33:06,1.63,13034,4.89
537950,22632,HAND WARMER RED POLKA DOT,2.0,2023-10-06 12:42:45,1.8,12877,3.6
537950,20727,LUNCH BAG BLACK SKULL.,3.0,2023-10-06 12:42:45,1.65,12877,4.95
537950,22382,LUNCH BAG SPACEBOY DESIGN,6.0,2023-10-06 12:42:45,1.6,12877,9.6
537951,85099F,JUMBO BAG STRAWBERRY,1.0,2023-11-11 21:42:34,1.86,12650,1.86
537952,22745,POPPY'S PLAYHOUSE BEDROOM,6.0,2023-09-27 19:40:51,2.03,12757,12.18
537952,84406B,CREAM CUPID HEARTS COAT HANGER,2.0,2023-09-27 19:40:51,2.78,12757,5.56
537954,22745,POPPY'S PLAYHOUSE BEDROOM,3.0,2023-12-05 23:39:21,2.03,12528,6.09
537954,22386,JUMBO BAG PINK POLKADOT,2.0,2023-12-05 23:39:21,1.89,12528,3.78
537954,84406B,CREAM CUPID HEARTS COAT HANGER,2.0,2023-12-05 23:39:21,2.63,12528,5.26
537954,22748,POPPY'S PLAYHOUSE KITCHEN,2.0,2023-12-05 23:39:21,2.02,12528,4.04
537955,85099B,JUMBO BAG RED RETROSPOT,3.0,2023-09-01 22:44:25,1.98,12787,5.94
537955,71053,WHITE METAL LANTERN,6.0,2023-09-01 22:44:25,3.38,12787,20.28
537957,20727,LUNCH BAG BLACK SKULL.,2.0,2023-10-22 18:32:14,1.7,12549,3.4
537957,22633,HAND WARMER UNION JACK,2.0,2023-10-22 18:32:14,1.78,12549,3.56
537957,71053,WHITE METAL LANTERN,1.0,2023-10-22 18:32:14,3.37,12549,3.37
537957,21931,JUMBO STORAGE BAG SUKI,1.0,2023-10-22 18:32:14,1.86,12549,1.86
537958,22386,JUMBO BAG PINK POLKADOT,6.0,2023-09-01 07:07:59,1.87,12877,11.22
537958,84406B,CREAM CUPID HEARTS COAT HANGER,2.0,2023-09-01 07:07:59,2.75,12877,5.5
537958,84029E,RED WOOLLY HOTTIE WHITE HEART.,4.0,2023-09-01 07:07:59,3.54,12877,14.16
537958,22633,HAND WARMER UNION JACK,4.0,2023-09-01 07:07:59,1.82,12877,7.28
537958,84969,BOX OF 6 ASSORTED COLOUR TEASPOONS,2.0,2023-09-01 07:07:59,4.26,12877,8.52
537961,84406B,CREAM CUPID HEARTS COAT HANGER,1.0,2023-03-27 02:46:48,2.65,12927,2.65
537961,22310,IVORY KNITTED MUG COSY,1.0,2023-03-27 02:46:48,1.7,12927,1.7
537961,20728,LUNCH BAG CARS BLUE,2.0,2023-03-27 02:46:48,1.64,12927,3.28
537961,22411,JUMBO SHOPPER VINTAGE RED PAISLEY,4.0,2023-03-27 02:46:48,1.91,12927,7.64
537962,22745,POPPY'S PLAYHOUSE BEDROOM,2.0,2023-04-12 13:17:14,2.2,12607,4.4
537964,47566,PARTY BUNTING,6.0,2023-11-05 12:08:38,4.83,12897,28.98
537964,22411,JUMBO SHOPPER VINTAGE RED PAISLEY,3.0,2023-11-05 12:08:38,1.92,12897,5.76
537964,84969,BOX OF 6 ASSORTED COLOUR TEASPOONS,3.0,2023-11-05 12:08:38,4.06,12897,12.18
537965,21931,JUMBO STORAGE BAG SUKI,1.0,2023-10-25 06:32:21,1.92,12710,1.92
537965,22411,JUMBO SHOPPER VINTAGE RED PAISLEY,1.0,2023-10-25 06:32:21,1.92,12710,1.92
537965,22086,PAPER CHAIN KIT 50'S CHRISTMAS,4.0,2023-10-25 06:32:21,2.67,12710,10.68
537966,21931,JUMBO STORAGE BAG SUKI,6.0,2023-04-22 10:07:12,2.03,12464,12.18
537967,85123A,WHITE HANGING HEART T-LIGHT HOLDER,6.0,2023-07-14 19:12:35,2.68,12586,16.08
537967,22411,JUMBO SHOPPER VINTAGE RED PAISLEY,3.0,2023-07-14 19:12:35,1.94,12586,5.82
537967,22383,LUNCH BAG SUKI DESIGN,2.0,2023-07-14 19:12:35,1.63,12586,3.26
537967,22749,POPPY'S PLAYHOUSE LIVINGROOM,4.0,2023-07-14 19:12:35,2.06,12586,8.24
537967,84969,BOX OF 6 ASSORTED COLOUR TEASPOONS,1.0,2023-07-14 19:12:35,4.04,12586,4.04
537967,71053,WHITE METAL LANTERN,2.0,2023-07-14 19:12:35,3.46,12586,6.92
537968,20725,LUNCH BAG RED RETROSPOT,6.0,2023-09-09 22:56:45,1.72,12736,10.32
537968,85099F,JUMBO BAG STRAWBERRY,4.0,2023-09-09 22:56:45,1.91,12736,7.64
537968,22633,HAND WARMER UNION JACK,6.0,2023-09-09 22:56:45,1.92,12736,11.52
537968,22748,POPPY'S PLAYHOUSE KITCHEN,1.0,2023-09-09 22:56:45,2.18,12736,2.18
537968,20727,LUNCH BAG BLACK SKULL.,1.0,2023-09-09 22:56:45,1.64,12736,1.64
537969,20728,LUNCH BAG CARS BLUE,4.0,2023-04-21 13:55:18,1.64,12632,6.56
537969,84406B,CREAM CUPID HEARTS COAT HANGER,6.0,2023-04-21 13:55:18,2.66,12632,15.96
537969,22383,LUNCH BAG SUKI DESIGN,1.0,2023-04-21 13:55:18,1.62,12632,1.62
537972,22382,LUNCH BAG SPACEBOY DESIGN,4.0,2023-08-18 20:09:24,1.66,13142,6.64
537973,22386,JUMBO BAG PINK POLKADOT,3.0,2023-10-22 05:56:41,1.87,12878,5.61
537973,84029E,RED WOOLLY HOTTIE WHITE HEART.,1.0,2023-10-22 05:56:41,3.34,12878,3.34
537973,22310,IVORY KNITTED MUG COSY,6.0,2023-10-22 05:56:41,1.63,12878,9.78
537973,22745,POPPY'S PLAYHOUSE BEDROOM,4.0,2023-10-22 05:56:41,2.02,12878,8.08
537973,22086,PAPER CHAIN KIT 50'S CHRISTMAS,2.0,2023-10-22 05:56:41,2.62,12878,5.24
537973,47566,PARTY BUNTING,1.0,2023-10-22 05:56:41,4.55,12878,4.55
537974,20727,LUNCH BAG BLACK SKULL.,1.0,2023-06-30 11:57:36,1.64,12426,1.64
537974,22633,HAND WARMER UNION JACK,4.0,2023-06-30 11:57:36,1.93,12426,7.72
537975,20728,LUNCH BAG CARS BLUE,2.0,2023-09-21 02:03:59,1.72,12845,3.44
537975,22748,POPPY'S PLAYHOUSE KITCHEN,2.0,2023-09-21 02:03:59,2.12,12845,4.24
537975,85099F,JUMBO BAG STRAWBERRY,1.0,2023-09-21 02:03:59,1.88,12845,1.88
537975,22411,JUMBO SHOPPER VINTAGE RED PAISLEY,1.0,2023-09-21 02:03:59,1.89,12845,1.89
537975,22386,JUMBO BAG PINK POLKADOT,3.0,2023-09-21 02:03:59,1.99,12845,5.97
537976,84969,BOX OF 6 ASSORTED COLOUR TEASPOONS,3.0,2023-02-01 05:07:11,4.2,12877,12.6
537976,21730,GLASS STAR FROSTED T-LIGHT HOLDER,6.0,2023-02-01 05:07:11,4.19,12877,25.14
537976,22384,LUNCH BAG PINK POLKADOT,4.0,2023-02-01 05:07:11,1.65,12877,6.6
537979,84879,ASSORTED COLOUR BIRD ORNAMENT,2.0,2023-08-07 17:53:20,1.71,12849,3.42
537979,22382,LUNCH BAG SPACEBOY DESIGN,3.0,2023-08-07 17:53:20,1.67,12849,5.01
537979,20728,LUNCH BAG CARS BLUE,1.0,2023-08-07 17:53:20,1.6,12849,1.6
537979,22748,POPPY'S PLAYHOUSE KITCHEN,1.0,2023-08-07 17:53:20,2.11,12849,2.11
537979,22411,JUMBO SHOPPER VINTAGE RED PAISLEY,4.0,2023-08-07 17:53:20,1.89,12849,7.56
537980,85099F,JUMBO BAG STRAWBERRY,4.0,2023-06-28 05:55:02,1.86,12607,7.44
537980,22386,JUMBO BAG PINK POLKADOT,3.0,2023-06-28 05:55:02,1.99,12607,5.97
537980,20726,LUNCH BAG WOODLAND,1.0,2023-06-28 05:55:02,1.63,12607,1.63
537981,20728,LUNCH BAG CARS BLUE,4.0,2023-11-20 10:24:44,1.71,12747,6.84
537984,22382,LUNCH BAG SPACEBOY DESIGN,3.0,2023-07-14 04:36:20,1.61,12850,4.83
537984,22384,LUNCH BAG PINK POLKADOT,1.0,2023-07-14 04:36:20,1.66,12850,1.66
537984,20725,LUNCH BAG RED RETROSPOT,3.0,2023-07-14 04:36:20,1.58,12850,4.74
537984,84879,ASSORTED COLOUR BIRD ORNAMENT,4.0,2023-07-14 04:36:20,1.74,12850,6.96
537985,85123A,WHITE HANGING HEART T-LIGHT HOLDER,1.0,2023-10-28 20:17:39,2.57,13139,2.57
537986,47566,PARTY BUNTING,6.0,2023-06-27 14:54:59,4.86,12650,29.16
537986,22748,POPPY'S PLAYHOUSE KITCHEN,2.0,2023-06-27 14:54:59,2.06,12650,4.12
537986,22633,HAND WARMER UNION JACK,2.0,2023-06-27 14:54:59,1.86,12650,3.72
537986,85123A,WHITE HANGING HEART T-LIGHT HOLDER,1.0,2023-06-27 14:54:59,2.57,12650,2.57
537987,84029E,RED WOOLLY HOTTIE WHITE HEART.,1.0,2023-08-13 17:05:18,3.49,13094,3.49
537987,20727,LUNCH BAG BLACK SKULL.,1.0,2023-08-13 17:05:18,1.61,13094,1.61
537987,21931,JUMBO STORAGE BAG SUKI,4.0,2023-08-13 17:05:18,1.98,13094,7.92
537988,22745,POPPY'S PLAYHOUSE BEDROOM,6.0,2023-02-27 23:11:04,2.08,12353,12.48
537988,22382,LUNCH BAG SPACEBOY DESIGN,1.0,2023-02-27 23:11:04,1.7,12353,1.7
537988,84029E,RED WOOLLY HOTTIE WHITE HEART.,1.0,2023-02-27 23:11:04,3.34,12353,3.34
537988,84029G,KNITTED UNION FLAG HOT WATER BOTTLE,1.0,2023-02-27 23:11:04,3.38,12353,3.38
537988,20726,LUNCH BAG WOODLAND,1.0,2023-02-27 23:11:04,1.62,12353,1.62
537989,21931,JUMBO STORAGE BAG SUKI,3.0,2023-07-04 21:32:30,2.04,13051,6.12
537989,22411,JUMBO SHOPPER VINTAGE RED PAISLEY,2.0,2023-07-04 21:32:30,1.86,13051,3.72
537989,22745,POPPY'S PLAYHOUSE BEDROOM,4.0,2023-07-04 21:32:30,2.02,13051,8.08
537989,20728,LUNCH BAG CARS BLUE,1.0,2023-07-04 21:32:30,1.7,13051,1.7
537989,85099F,JUMBO BAG STRAWBERRY,6.0,2023-07-04 21:32:30,2.01,13051,12.06
537989,22384,LUNCH BAG PINK POLKADOT,2.0,2023-07-04 21:32:30,1.72,13051,3.44
537991,22383,LUNCH BAG SUKI DESIGN,3.0,2023-10-13 20:18:33,1.58,12757,4.74
537991,85099F,JUMBO BAG STRAWBERRY,3.0,2023-10-13 20:18:33,2.02,12757,6.06
537991,85099B,JUMBO BAG RED RETROSPOT,1.0,2023-10-13 20:18:33,2.01,12757,2.01
537992,47566,PARTY BUNTING,4.0,2023-03-01 19:25:19,4.72,13115,18.88
537992,22748,POPPY'S PLAYHOUSE KITCHEN,6.0,2023-03-01 19:25:19,2.03,13115,12.18
537993,84029E,RED WOOLLY HOTTIE WHITE HEART.,4.0,2023-02-22 15:33:12,3.47,12877,13.88
537993,22632,HAND WARMER RED POLKA DOT,2.0,2023-02-22 15:33:12,1.79,12877,3.58
537994,22745,POPPY'S PLAYHOUSE BEDROOM,3.0,2023-09-03 10:15:16,2.13,12736,6.39
537994,22382,LUNCH BAG SPACEBOY DESIGN,1.0,2023-09-03 10:15:16,1.67,12736,1.67
537994,22086,PAPER CHAIN KIT 50'S CHRISTMAS,1.0,2023-09-03 10:15:16,2.6,12736,2.6
537994,20725,LUNCH BAG RED RETROSPOT,2.0,2023-09-03 10:15:16,1.73,12736,3.46
537994,22411,JUMBO SHOPPER VINTAGE RED PAISLEY,1.0,2023-09-03 10:15:16,1.98,12736,1.98
537994,84879,ASSORTED COLOUR BIRD ORNAMENT,1.0,2023-09-03 10:15:16,1.61,12736,1.61
537995,47566,PARTY BUNTING,1.0,2023-10-06 11:17:59,4.78,12651,4.78
537995,20725,LUNCH BAG RED RETROSPOT,6.0,2023-10-06 11:17:59,1.71,12651,10.26
537995,84029G,KNITTED UNION FLAG HOT WATER BOTTLE,2.0,2023-10-06 11:17:59,3.31,12651,6.62
537995,84029E,RED WOOLLY HOTTIE WHITE HEART.,2.0,2023-10-06 11:17:59,3.27,12651,6.54
537997,22086,PAPER CHAIN KIT 50'S CHRISTMAS,4.0,2023-05-17 16:13:21,2.66,12877,10.64
537997,22310,IVORY KNITTED MUG COSY,4.0,2023-05-17 16:13:21,1.57,12877,6.28
537997,85099B,JUMBO BAG RED RETROSPOT,1.0,2023-05-17 16:13:21,1.97,12877,1.97
537997,47566,PARTY BUNTING,1.0,2023-05-17 16:13:21,4.5,12877,4.5
537997,84029E,RED WOOLLY HOTTIE WHITE HEART.,1.0,2023-05-17 16:13:21,3.37,12877,3.37
537999,21931,JUMBO STORAGE BAG SUKI,1.0,2023-02-22 03:56:39,2.03,12649,2.03
537999,84029G,KNITTED UNION FLAG HOT WATER BOTTLE,4.0,2023-02-22 03:56:39,3.31,12649,13.24
537999,20725,LUNCH BAG RED RETROSPOT,1.0,2023-02-22 03:56:39,1.67,12649,1.67
537999,85099F,JUMBO BAG STRAWBERRY,2.0,2023-02-22 03:56:39,1.89,12649,3.78
537999,22411,JUMBO SHOPPER VINTAGE RED PAISLEY,1.0,2023-02-22 03:56:39,1.91,12649,1.91
538000,84029E,RED WOOLLY HOTTIE WHITE HEART.,2.0,2023-05-05 09:42:58,3.48,13030,6.96
538001,20725,LUNCH BAG RED RETROSPOT,6.0,2023-03-30 05:12:13,1.69,12877,10.14
538001,22086,PAPER CHAIN KIT 50'S CHRISTMAS,4.0,2023-03-30 05:12:13,2.51,12877,10.04
538001,22386,JUMBO BAG PINK POLKADOT,3.0,2023-03-30 05:12:13,1.96,12877,5.88
538002,47566,PARTY BUNTING,1.0,2023-11-18 16:41:40,4.82,12992,4.82
538002,84406B,CREAM CUPID HEARTS COAT HANGER,1.0,2023-11-18 16:41:40,2.69,12992,2.69
538002,22386,JUMBO BAG PINK POLKADOT,1.0,2023-11-18 16:41:40,1.92,12992,1.92
538002,20725,LUNCH BAG RED RETROSPOT,3.0,2023-11-18 16:41:40,1.63,12992,4.89
538002,85123A,WHITE HANGING HEART T-LIGHT HOLDER,2.0,2023-11-18 16:41:40,2.66,12992,5.32
538003,22745,POPPY'S PLAYHOUSE BEDROOM,6.0,2023-10-10 12:01:17,2.11,12877,12.66
538004,20727,LUNCH BAG BLACK SKULL.,1.0,2023-10-26 11:52:17,1.73,12852,1.73
538004,71053,WHITE METAL LANTERN,1.0,2023-10-26 11:52:17,3.26,12852,3.26
538004,22382,LUNCH BAG SPACEBOY DESIGN,1.0,2023-10-26 11:52:17,1.61,12852,1.61
538004,20725,LUNCH BAG RED RETROSPOT,3.0,2023-10-26 11:52:17,1.68,12852,5.04
538004,20726,LUNCH BAG WOODLAND,1.0,2023-10-26 11:52:17,1.73,12852,1.73
538005,84029E,RED WOOLLY HOTTIE WHITE HEART.,1.0,2023-11-25 08:44:40,3.55,12877,3.55
538005,85099B,JUMBO BAG RED RETROSPOT,1.0,2023-11-25 08:44:40,1.95,12877,1.95
538006,22749,POPPY'S PLAYHOUSE LIVINGROOM,2.0,2023-09-11 14:07:55,2.13,13063,4.26
538006,20727,LUNCH BAG BLACK SKULL.,2.0,2023-09-11 14:07:55,1.58,13063,3.16
538006,85123A,WHITE HANGING HEART T-LIGHT HOLDER,1.0,2023-09-11 14:07:55,2.43,13063,2.43
538006,84879,ASSORTED COLOUR BIRD ORNAMENT,2.0,2023-09-11 14:07:55,1.74,13063,3.48
538006,21730,GLASS STAR FROSTED T-LIGHT HOLDER,2.0,2023-09-11 14:07:55,4.16,13063,8.32
538007,21730,GLASS STAR FROSTED T-LIGHT HOLDER,1.0,2023-10-13 16:17:51,4.15,12868,4.15
538008,22310,IVORY KNITTED MUG COSY,4.0,2023-11-17 23:14:03,1.6,13063,6.4
538008,22411,JUMBO SHOPPER VINTAGE RED PAISLEY,2.0,2023-11-17 23:14:03,1.98,13063,3.96
538008,22748,POPPY'S PLAYHOUSE KITCHEN,2.0,2023-11-17 23:14:03,2.03,13063,4.06
538009,20727,LUNCH BAG BLACK SKULL.,3.0,2023-10-19 13:47:06,1.62,12877,4.86
538011,84029G,KNITTED UNION FLAG HOT WATER BOTTLE,2.0,2023-02-20 17:07:05,3.49,12358,6.98
538011,22411,JUMBO SHOPPER VINTAGE RED PAISLEY,1.0,2023-02-20 17:07:05,2.04,12358,2.04
538011,84406B,CREAM CUPID HEARTS COAT HANGER,1.0,2023-02-20 17:07:05,2.81,12358,2.81
538011,22745,POPPY'S PLAYHOUSE BEDROOM,2.0,2023-02-20 17:07:05,2.09,12358,4.18
538012,85099B,JUMBO BAG RED RETROSPOT,2.0,2023-05-23 09:13:15,1.96,13098,3.92
538013,21931,JUMBO STORAGE BAG SUKI,1.0,2023-09-03 14:35:13,2.04,12897,2.04
538013,21730,GLASS STAR FROSTED T-LIGHT HOLDER,1.0,2023-09-03 14:35:13,4.1,12897,4.1
538013,22632,HAND WARMER RED POLKA DOT,1.0,2023-09-03 14:35:13,1.87,12897,1.87
538013,22411,JUMBO SHOPPER VINTAGE RED PAISLEY,2.0,2023-09-03 14:35:13,1.97,12897,3.94
538015,21730,GLASS STAR FROSTED T-LIGHT HOLDER,1.0,2023-10-04 23:17:40,4.06,12877,4.06
538015,22633,HAND WARMER UNION JACK,4.0,2023-10-04 23:17:40,1.84,12877,7.36
538015,22310,IVORY KNITTED MUG COSY,1.0,2023-10-04 23:17:40,1.57,12877,1.57
538015,85099F,JUMBO BAG STRAWBERRY,1.0,2023-10-04 23:17:40,2.02,12877,2.02
538015,71053,WHITE METAL LANTERN,1.0,2023-10-04 23:17:40,3.55,12877,3.55
538017,22086,PAPER CHAIN KIT 50'S CHRISTMAS,3.0,2023-09-11 09:15:34,2.53,12722,7.59
538017,20726,LUNCH BAG WOODLAND,1.0,2023-09-11 09:15:34,1.66,12722,1.66
538018,85099B,JUMBO BAG RED RETROSPOT,1.0,2023-08-11 02:14:19,2.02,12677,2.02
538018,71053,WHITE METAL LANTERN,2.0,2023-08-11 02:14:19,3.37,12677,6.74
538020,84029G,KNITTED UNION FLAG HOT WATER BOTTLE,3.0,2023-06-19 03:21:48,3.56,12844,10.68
538020,85123A,WHITE HANGING HEART T-LIGHT HOLDER,1.0,2023-06-19 03:21:48,2.45,12844,2.45
538021,22384,LUNCH BAG PINK POLKADOT,3.0,2023-09-26 01:29:57,1.67,12603,5.01
538021,22411,JUMBO SHOPPER VINTAGE RED PAISLEY,1.0,2023-09-26 01:29:57,1.98,12603,1.98
538022,20728,LUNCH BAG CARS BLUE,6.0,2023-09-14 18:09:00,1.68,12791,10.08
538022,22383,LUNCH BAG SUKI DESIGN,6.0,2023-09-14 18:09:00,1.66,12791,9.96
538022,20726,LUNCH BAG WOODLAND,2.0,2023-09-14 18:09:00,1.7,12791,3.4
538022,22748,POPPY'S PLAYHOUSE KITCHEN,2.0,2023-09-14 18:09:00,2.01,12791,4.02
538023,47566,PARTY BUNTING,1.0,2023-10-03 15:47:54,4.77,12875,4.77
538023,20727,LUNCH BAG BLACK SKULL.,3.0,2023-10-03 15:47:54,1.69,12875,5.07
538023,22745,POPPY'S PLAYHOUSE BEDROOM,2.0,2023-10-03 15:47:54,2.01,12875,4.02
538023,22386,JUMBO BAG PINK POLKADOT,3.0,2023-10-03 15:47:54,1.88,12875,5.64
538023,85099B,JUMBO BAG RED RETROSPOT,4.0,2023-10-03 15:47:54,2.04,12875,8.16
538025,22632,HAND WARMER RED POLKA DOT,1.0,2023-07-31 14:15:22,1.77,12999,1.77
538025,22386,JUMBO BAG PINK POLKADOT,4.0,2023-07-31 14:15:22,2.01,12999,8.04
538025,84406B,CREAM CUPID HEARTS COAT HANGER,2.0,2023-07-31 14:15:22,2.81,12999,5.62
538025,85123A,WHITE HANGING HEART T-LIGHT HOLDER,1.0,2023-07-31 14:15:22,2.6,12999,2.6
538025,84029G,KNITTED UNION FLAG HOT WATER BOTTLE,6.0,2023-07-31 14:15:22,3.47,12999,20.82
538025,22749,POPPY'S PLAYHOUSE LIVINGROOM,1.0,2023-07-31 14:15:22,2.0,12999,2.0
538026,84029G,KNITTED UNION FLAG HOT WATER BOTTLE,3.0,2023-04-09 12:04:33,3.39,12877,10.17
538026,22310,IVORY KNITTED MUG COSY,4.0,2023-04-09 12:04:33,1.73,12877,6.92
538027,22411,JUMBO SHOPPER VINTAGE RED PAISLEY,6.0,2023-08-18 10:42:18,1.91,13021,11.46
538028,85099F,JUMBO BAG STRAWBERRY,2.0,2023-10-23 23:27:40,1.87,12416,3.74
538028,22748,POPPY'S PLAYHOUSE KITCHEN,1.0,2023-10-23 23:27:40,2.0,12416,2.0
538029,84029E,RED WOOLLY HOTTIE WHITE HEART.,6.0,2023-09-22 08:39:32,3.3,12877,19.8
538032,84406B,CREAM CUPID HEARTS COAT HANGER,2.0,2023-09-04 20:19:16,2.69,12821,5.38
538032,22384,LUNCH BAG PINK POLKADOT,2.0,2023-09-04 20:19:16,1.7,12821,3.4
538032,22632,HAND WARMER RED POLKA DOT,3.0,2023-09-04 20:19:16,1.8,12821,5.4
538032,85099B,JUMBO BAG RED RETROSPOT,1.0,2023-09-04 20:19:16,1.87,12821,1.87
538032,22386,JUMBO BAG PINK POLKADOT,2.0,2023-09-04 20:19:16,2.04,12821,4.08
538033,22086,PAPER CHAIN KIT 50'S CHRISTMAS,6.0,2023-10-01 14:45:17,2.63,13053,15.78
538034,22745,POPPY'S PLAYHOUSE BEDROOM,2.0,2023-09-19 10:00:13,2.07,12844,4.14
538034,84029G,KNITTED UNION FLAG HOT WATER BOTTLE,1.0,2023-09-19 10:00:13,3.37,12844,3.37
538035,21730,GLASS STAR FROSTED T-LIGHT HOLDER,2.0,2023-08-12 22:22:01,4.46,12357,8.92
538036,22633,HAND WARMER UNION JACK,6.0,2023-06-16 14:16:35,1.85,12886,11.1
538036,22745,POPPY'S PLAYHOUSE BEDROOM,4.0,2023-06-16 14:16:35,2.13,12886,8.52
538036,22411,JUMBO SHOPPER VINTAGE RED PAISLEY,2.0,2023-06-16 14:16:35,1.92,12886,3.84
538036,22749,POPPY'S PLAYHOUSE LIVINGROOM,4.0,2023-06-16 14:16:35,2.11,12886,8.44
538036,84406B,CREAM CUPID HEARTS COAT HANGER,1.0,2023-06-16 14:16:35,2.61,12886,2.61
538037,22632,HAND WARMER RED POLKA DOT,1.0,2023-07-23 21:00:12,1.78,12602,1.78
538038,71053,WHITE METAL LANTERN,6.0,2023-03-21 06:09:44,3.42,13112,20.52
538038,85099F,JUMBO BAG STRAWBERRY,2.0,2023-03-21 06:09:44,1.87,13112,3.74
538038,22383,LUNCH BAG SUKI DESIGN,1.0,2023-03-21 06:09:44,1.7,13112,1.7
538039,22384,LUNCH BAG PINK POLKADOT,1.0,2023-07-12 15:39:36,1.64,12453,1.64
538039,22086,PAPER CHAIN KIT 50'S CHRISTMAS,2.0,2023-07-12 15:39:36,2.6,12453,5.2
538039,84406B,CREAM CUPID HEARTS COAT HANGER,1.0,2023-07-12 15:39:36,2.65,12453,2.65
538039,22383,LUNCH BAG SUKI DESIGN,2.0,2023-07-12 15:39:36,1.66,12453,3.32
538039,22382,LUNCH BAG SPACEBOY DESIGN,1.0,2023-07-12 15:39:36,1.57,12453,1.57
538041,22745,POPPY'S PLAYHOUSE BEDROOM,6.0,2023-07-03 13:54:46,2.18,12792,13.08
538042,47566,PARTY BUNTING,2.0,2023-12-04 05:42:15,4.71,12607,9.42
538042,85099B,JUMBO BAG RED RETROSPOT,3.0,2023-12-04 05:42:15,1.95,12607,5.85
538042,22633,HAND WARMER UNION JACK,4.0,2023-12-04 05:42:15,1.86,12607,7.44
538042,22386,JUMBO BAG PINK POLKADOT,2.0,2023-12-04 05:42:15,1.96,12607,3.92
538043,84029E,RED WOOLLY HOTTIE WHITE HEART.,2.0,2023-05-17 05:19:32,3.23,13135,6.46
538044,84029E,RED WOOLLY HOTTIE WHITE HEART.,4.0,2023-04-28 19:53:43,3.51,12842,14.04
538044,84969,BOX OF 6 ASSORTED COLOUR TEASPOONS,3.0,2023-04-28 19:53:43,4.08,12842,12.24
538044,22386,JUMBO BAG PINK POLKADOT,3.0,2023-04-28 19:53:43,1.93,12842,5.79
538044,85099F,JUMBO BAG STRAWBERRY,3.0,2023-04-28 19:53:43,1.85,12842,5.55
538044,84879,ASSORTED COLOUR BIRD ORNAMENT,2.0,2023-04-28 19:53:43,1.71,12842,3.42
538044,22632,HAND WARMER RED POLKA DOT,1.0,2023-04-28 19:53:43,1.92,12842,1.92
538045,22749,POPPY'S PLAYHOUSE LIVINGROOM,2.0,2023-04-20 13:15:00,2.01,12480,4.02
538045,71053,WHITE METAL LANTERN,1.0,2023-04-20 13:15:00,3.55,12480,3.55
538047,21931,JUMBO STORAGE BAG SUKI,3.0,2023-05-11 09:17:41,2.03,12704,6.09
538047,71053,WHITE METAL LANTERN,3.0,2023-05-11 09:17:41,3.46,12704,10.38
538047,84029G,KNITTED UNION FLAG HOT WATER BOTTLE,4.0,2023-05-11 09:17:41,3.54,12704,14.16
538047,22383,LUNCH BAG SUKI DESIGN,1.0,2023-05-11 09:17:41,1.72,12704,1.72
538047,84406B,CREAM CUPID HEARTS COAT HANGER,3.0,2023-05-11 09:17:41,2.78,12704,8.34
538048,47566,PARTY BUNTING,6.0,2023-09-23 18:32:33,4.49,12815,26.94
538050,84029G,KNITTED UNION FLAG HOT WATER BOTTLE,2.0,2023-06-20 17:17:30,3.46,12744,6.92
538050,22310,IVORY KNITTED MUG COSY,1.0,2023-06-20 17:17:30,1.57,12744,1.57
538050,71053,WHITE METAL LANTERN,1.0,2023-06-20 17:17:30,3.32,12744,3.32
538051,85099B,JUMBO BAG RED RETROSPOT,2.0,2023-05-04 01:14:28,1.86,12729,3.72
538051,47566,PARTY BUNTING,1.0,2023-05-04 01:14:28,4.83,12729,4.83
538051,20727,LUNCH BAG BLACK SKULL.,2.0,2023-05-04 01:14:28,1.62,12729,3.24
538052,22386,JUMBO BAG PINK POLKADOT,1.0,2023-09-05 02:11:43,1.89,12864,1.89
538052,22383,LUNCH BAG SUKI DESIGN,1.0,2023-09-05 02:11:43,1.7,12864,1.7
538052,85099B,JUMBO BAG RED RETROSPOT,1.0,2023-09-05 02:11:43,2.0,12864,2.0
538053,20728,LUNCH BAG CARS BLUE,3.0,2023-08-03 14:46:13,1.67,12651,5.01
538053,22632,HAND WARMER RED POLKA DOT,1.0,2023-08-03 14:46:13,1.77,12651,1.77
538053,22749,POPPY'S PLAYHOUSE LIVINGROOM,3.0,2023-08-03 14:46:13,2.1,12651,6.3
538055,20728,LUNCH BAG CARS BLUE,2.0,2023-07-04 04:09:12,1.63,13071,3.26
538055,22632,HAND WARMER RED POLKA DOT,1.0,2023-07-04 04:09:12,1.93,13071,1.93
538055,85099B,JUMBO BAG RED RETROSPOT,6.0,2023-07-04 04:09:12,1.86,13071,11.16
538056,47566,PARTY BUNTING,4.0,2023-05-09 17:28:18,4.73,12757,18.92
538057,22749,POPPY'S PLAYHOUSE LIVINGROOM,6.0,2023-06-23 03:17:38,2.04,12651,12.24
538057,20725,LUNCH BAG RED RETROSPOT,6.0,2023-06-23 03:17:38,1.59,12651,9.54
538057,47566,PARTY BUNTING,1.0,2023-06-23 03:17:38,4.8,12651,4.8
538057,22382,LUNCH BAG SPACEBOY DESIGN,3.0,2023-06-23 03:17:38,1.61,12651,4.83
538058,21931,JUMBO STORAGE BAG SUKI,6.0,2023-07-09 20:01:53,1.94,12576,11.64
538058,84879,ASSORTED COLOUR BIRD ORNAMENT,3.0,2023-07-09 20:01:53,1.76,12576,5.28
538058,22748,POPPY'S PLAYHOUSE KITCHEN,1.0,2023-07-09 20:01:53,2.08,12576,2.08
538058,85123A,WHITE HANGING HEART T-LIGHT HOLDER,1.0,2023-07-09 20:01:53,2.66,12576,2.66
538058,47566,PARTY BUNTING,1.0,2023-07-09 20:01:53,4.86,12576,4.86
538060,85123A,WHITE HANGING HEART T-LIGHT HOLDER,4.0,2023-11-29 05:27:23,2.48,12864,9.92
538060,22745,POPPY'S PLAYHOUSE BEDROOM,1.0,2023-11-29 05:27:23,2.15,12864,2.15
538060,22386,JUMBO BAG PINK POLKADOT,3.0,2023-11-29 05:27:23,2.0,12864,6.0
538061,22411,JUMBO SHOPPER VINTAGE RED PAISLEY,4.0,2023-11-01 20:37:48,1.86,12821,7.44
538061,20728,LUNCH BAG CARS BLUE,1.0,2023-11-01 20:37:48,1.6,12821,1.6
538062,84029G,KNITTED UNION FLAG HOT WATER BOTTLE,1.0,2023-10-16 05:41:58,3.35,12704,3.35
538064,21730,GLASS STAR FROSTED T-LIGHT HOLDER,1.0,2023-09-09 07:40:31,4.14,12877,4.14
538064,22383,LUNCH BAG SUKI DESIGN,2.0,2023-09-09 07:40:31,1.62,12877,3.24
538064,84879,ASSORTED COLOUR BIRD ORNAMENT,3.0,2023-09-09 07:40:31,1.69,12877,5.07
538064,22382,LUNCH BAG SPACEBOY DESIGN,6.0,2023-09-09 07:40:31,1.64,12877,9.84
538064,22411,JUMBO SHOPPER VINTAGE RED PAISLEY,1.0,2023-09-09 07:40:31,1.93,12877,1.93
538064,20726,LUNCH BAG WOODLAND,3.0,2023-09-09 07:40:31,1.57,12877,4.71
538065,85099F,JUMBO BAG STRAWBERRY,3.0,2023-08-27 02:46:42,2.02,13007,6.06
538065,21931,JUMBO STORAGE BAG SUKI,2.0,2023-08-27 02:46:42,1.88,13007,3.76
538065,20727,LUNCH BAG BLACK SKULL.,1.0,2023-08-27 02:46:42,1.66,13007,1.66
538065,22633,HAND WARMER UNION JACK,6.0,2023-08-27 02:46:42,1.83,13007,10.98
538065,20728,LUNCH BAG CARS BLUE,1.0,2023-08-27 02:46:42,1.71,13007,1.71
538065,22749,POPPY'S PLAYHOUSE LIVINGROOM,1.0,2023-08-27 02:46:42,2.1,13007,2.1
538067,84969,BOX OF 6 ASSORTED COLOUR TEASPOONS,2.0,2023-11-28 12:22:51,4.1,12381,8.2
538067,22749,POPPY'S PLAYHOUSE LIVINGROOM,2.0,2023-11-28 12:22:51,2.0,12381,4.0
538067,20727,LUNCH BAG BLACK SKULL.,2.0,2023-11-28 12:22:51,1.7,12381,3.4
538067,20726,LUNCH BAG WOODLAND,1.0,2023-11-28 12:22:51,1.67,12381,1.67
538068,22749,POPPY'S PLAYHOUSE LIVINGROOM,2.0,2023-07-21 14:15:26,2.05,12895,4.1
538068,20726,LUNCH BAG WOODLAND,4.0,2023-07-21 14:15:26,1.71,12895,6.84
538068,21931,JUMBO STORAGE BAG SUKI,1.0,2023-07-21 14:15:26,1.92,12895,1.92
538068,84029E,RED WOOLLY HOTTIE WHITE HEART.,3.0,2023-07-21 14:15:26,3.37,12895,10.11
538070,22383,LUNCH BAG SUKI DESIGN,2.0,2023-01-20 08:28:05,1.73,12877,3.46
538070,47566,PARTY BUNTING,3.0,2023-01-20 08:28:05,4.54,12877,13.62
538070,22386,JUMBO BAG PINK POLKADOT,2.0,2023-01-20 08:28:05,1.95,12877,3.9
538070,21931,JUMBO STORAGE BAG SUKI,6.0,2023-01-20 08:28:05,1.93,12877,11.58
538070,22633,HAND WARMER UNION JACK,2.0,2023-01-20 08:28:05,1.93,12877,3.86
538071,22086,PAPER CHAIN KIT 50'S CHRISTMAS,1.0,2023-09-17 08:22:30,2.49,12877,2.49
538071,22384,LUNCH BAG PINK POLKADOT,2.0,2023-09-17 08:22:30,1.66,12877,3.32
538071,21730,GLASS STAR FROSTED T-LIGHT HOLDER,1.0,2023-09-17 08:22:30,4.23,12877,4.23
538072,85099B,JUMBO BAG RED RETROSPOT,1.0,2023-07-14 04:26:07,1.89,12483,1.89
538073,22383,LUNCH BAG SUKI DESIGN,1.0,2023-11-26 23:19:32,1.66,12877,1.66
538073,22632,HAND WARMER RED POLKA DOT,1.0,2023-11-26 23:19:32,1.82,12877,1.82
538073,22382,LUNCH BAG SPACEBOY DESIGN,2.0,2023-11-26 23:19:32,1.67,12877,3.34
538073,84969,BOX OF 6 ASSORTED COLOUR TEASPOONS,1.0,2023-11-26 23:19:32,4.13,12877,4.13
538073,22411,JUMBO SHOPPER VINTAGE RED PAISLEY,2.0,2023-11-26 23:19:32,1.98,12877,3.96
538074,22383,LUNCH BAG SUKI DESIGN,1.0,2023-11-14 17:41:03,1.62,12987,1.62
538074,22310,IVORY KNITTED MUG COSY,2.0,2023-11-14 17:41:03,1.7,12987,3.4
538074,22632,HAND WARMER RED POLKA DOT,3.0,2023-11-14 17:41:03,1.84,12987,5.52
538074,22384,LUNCH BAG PINK POLKADOT,1.0,2023-11-14 17:41:03,1.67,12987,1.67
538074,84969,BOX OF 6 ASSORTED COLOUR TEASPOONS,1.0,2023-11-14 17:41:03,4.12,12987,4.12
538075,22386,JUMBO BAG PINK POLKADOT,4.0,2023-12-09 17:16:18,1.87,12878,7.48
538075,20725,LUNCH BAG RED RETROSPOT,4.0,2023-12-09 17:16:18,1.59,12878,6.36
538076,21931,JUMBO STORAGE BAG SUKI,3.0,2023-08-06 10:15:12,1.97,12821,5.91
538076,22310,IVORY KNITTED MUG COSY,1.0,2023-08-06 10:15:12,1.66,12821,1.66
538076,22745,POPPY'S PLAYHOUSE BEDROOM,2.0,2023-08-06 10:15:12,2.09,12821,4.18
538076,22086,PAPER CHAIN KIT 50'S CHRISTMAS,1.0,2023-08-06 10:15:12,2.57,12821,2.57
538076,84879,ASSORTED COLOUR BIRD ORNAMENT,6.0,2023-08-06 10:15:12,1.73,12821,10.38
538076,22633,HAND WARMER UNION JACK,2.0,2023-08-06 10:15:12,1.85,12821,3.7
538077,22310,IVORY KNITTED MUG COSY,3.0,2023-02-13 21:49:28,1.62,13123,4.86
538077,84406B,CREAM CUPID HEARTS COAT HANGER,2.0,2023-02-13 21:49:28,2.87,13123,5.74
538078,84406B,CREAM CUPID HEARTS COAT HANGER,1.0,2023-11-10 04:13:46,2.84,12456,2.84
538078,84029E,RED WOOLLY HOTTIE WHITE HEART.,4.0,2023-11-10 04:13:46,3.42,12456,13.68
538079,85099F,JUMBO BAG STRAWBERRY,4.0,2023-10-05 09:20:39,1.89,12824,7.56
538079,84406B,CREAM CUPID HEARTS COAT HANGER,2.0,2023-10-05 09:20:39,2.83,12824,5.66
538079,20727,LUNCH BAG BLACK SKULL.,1.0,2023-10-05 09:20:39,1.62,12824,1.62
538079,84969,BOX OF 6 ASSORTED COLOUR TEASPOONS,2.0,2023-10-05 09:20:39,4.25,12824,8.5
538080,22745,POPPY'S PLAYHOUSE BEDROOM,1.0,2023-06-19 04:36:38,2.14,12878,2.14
538080,84879,ASSORTED COLOUR BIRD ORNAMENT,1.0,2023-06-19 04:36:38,1.67,12878,1.67
538081,22383,LUNCH BAG SUKI DESIGN,1.0,2023-07-11 09:52:13,1.72,13062,1.72
538081,21931,JUMBO STORAGE BAG SUKI,2.0,2023-07-11 09:52:13,1.91,13062,3.82
538081,20727,LUNCH BAG BLACK SKULL.,6.0,2023-07-11 09:52:13,1.6,13062,9.6
538081,22749,POPPY'S PLAYHOUSE LIVINGROOM,3.0,2023-07-11 09:52:13,2.01,13062,6.03
538081,22748,POPPY'S PLAYHOUSE KITCHEN,3.0,2023-07-11 09:52:13,2.13,13062,6.39
538082,85099F,JUMBO BAG STRAWBERRY,3.0,2023-07-31 12:59:49,1.9,12886,5.7
538082,84879,ASSORTED COLOUR BIRD ORNAMENT,1.0,2023-07-31 12:59:49,1.63,12886,1.63
538083,84029G,KNITTED UNION FLAG HOT WATER BOTTLE,2.0,2023-04-30 20:21:38,3.48,12524,6.96
538083,20728,LUNCH BAG CARS BLUE,2.0,2023-04-30 20:21:38,1.58,12524,3.16
538084,22382,LUNCH BAG SPACEBOY DESIGN,1.0,2023-05-11 11:07:18,1.66,12741,1.66
538084,22633,HAND WARMER UNION JACK,2.0,2023-05-11 11:07:18,1.92,12741,3.84
538084,85099F,JUMBO BAG STRAWBERRY,2.0,2023-05-11 11:07:18,1.9,12741,3.8
538084,20727,LUNCH BAG BLACK SKULL.,3.0,2023-05-11 11:07:18,1.63,12741,4.89
538085,85099B,JUMBO BAG RED RETROSPOT,6.0,2023-11-23 13:15:52,1.97,12762,11.82
538085,84969,BOX OF 6 ASSORTED COLOUR TEASPOONS,2.0,2023-11-23 13:15:52,4.1,12762,8.2
538086,20726,LUNCH BAG WOODLAND,1.0,2023-05-01 10:59:08,1.72,12480,1.72
538087,47566,PARTY BUNTING,1.0,2023-10-29 13:44:33,4.68,12391,4.68
538087,84029E,RED WOOLLY HOTTIE WHITE HEART.,4.0,2023-10-29 13:44:33,3.25,12391,13.0
538088,22386,JUMBO BAG PINK POLKADOT,2.0,2023-04-29 20:30:23,1.89,12877,3.78
538088,20727,LUNCH BAG BLACK SKULL.,1.0,2023-04-29 20:30:23,1.7,12877,1.7
538088,20725,LUNCH BAG RED RETROSPOT,4.0,2023-04-29 20:30:23,1.6,12877,6.4
538089,84029G,KNITTED UNION FLAG HOT WATER BOTTLE,1.0,2023-03-10 15:44:17,3.48,12485,3.48
538089,21730,GLASS STAR FROSTED T-LIGHT HOLDER,4.0,2023-03-10 15:44:17,4.3,12485,17.2
538089,22384,LUNCH BAG PINK POLKADOT,1.0,2023-03-10 15:44:17,1.65,12485,1.65
538089,84029E,RED WOOLLY HOTTIE WHITE HEART.,6.0,2023-03-10 15:44:17,3.4,12485,20.4
538091,22382,LUNCH BAG SPACEBOY DESIGN,2.0,2023-04-30 12:34:54,1.59,13066,3.18
538092,85099F,JUMBO BAG STRAWBERRY,1.0,2023-12-03 12:23:23,1.95,12927,1.95
538092,22632,HAND WARMER RED POLKA DOT,3.0,2023-12-03 12:23:23,1.76,12927,5.28
538092,85123A,WHITE HANGING HEART T-LIGHT HOLDER,1.0,2023-12-03 12:23:23,2.56,12927,2.56
538092,47566,PARTY BUNTING,6.0,2023-12-03 12:23:23,4.8,12927,28.8
538092,71053,WHITE METAL LANTERN,6.0,2023-12-03 12:23:23,3.24,12927,19.44
538092,84969,BOX OF 6 ASSORTED COLOUR TEASPOONS,2.0,2023-12-03 12:23:23,4.44,12927,8.88
538094,22382,LUNCH BAG SPACEBOY DESIGN,4.0,2023-10-08 08:13:12,1.67,12877,6.68
538094,84879,ASSORTED COLOUR BIRD ORNAMENT,1.0,2023-10-08 08:13:12,1.74,12877,1.74
538095,20726,LUNCH BAG WOODLAND,2.0,2023-07-05 20:54:58,1.62,12754,3.24
538095,71053,WHITE METAL LANTERN,2.0,2023-07-05 20:54:58,3.33,12754,6.66
538095,47566,PARTY BUNTING,1.0,2023-07-05 20:54:58,4.84,12754,4.84
538096,22383,LUNCH BAG SUKI DESIGN,2.0,2023-09-08 00:03:06,1.57,12878,3.14
538096,22310,IVORY KNITTED MUG COSY,4.0,2023-09-08 00:03:06,1.62,12878,6.48
538097,21730,GLASS STAR FROSTED T-LIGHT HOLDER,2.0,2023-11-14 15:45:49,4.44,12877,8.88
538097,20727,LUNCH BAG BLACK SKULL.,1.0,2023-11-14 15:45:49,1.67,12877,1.67
538097,84879,ASSORTED COLOUR BIRD ORNAMENT,6.0,2023-11-14 15:45:49,1.63,12877,9.78
538097,22749,POPPY'S PLAYHOUSE LIVINGROOM,6.0,2023-11-14 15:45:49,2.17,12877,13.02
538098,85123A,WHITE HANGING HEART T-LIGHT HOLDER,3.0,2023-08-08 18:09:06,2.67,12736,8.01
538099,20725,LUNCH BAG RED RETROSPOT,6.0,2023-02-04 16:00:09,1.6,12799,9.6
538100,20726,LUNCH BAG WOODLAND,1.0,2023-03-16 12:58:24,1.58,12757,1.58
538100,22384,LUNCH BAG PINK POLKADOT,3.0,2023-03-16 12:58:24,1.73,12757,5.19
538100,22086,PAPER CHAIN KIT 50'S CHRISTMAS,4.0,2023-03-16 12:58:24,2.66,12757,10.64
538100,85099B,JUMBO BAG RED RETROSPOT,2.0,2023-03-16 12:58:24,1.89,12757,3.78
538100,84406B,CREAM CUPID HEARTS COAT HANGER,1.0,2023-03-16 12:58:24,2.8,12757,2.8
538100,22749,POPPY'S PLAYHOUSE LIVINGROOM,1.0,2023-03-16 12:58:24,2.01,12757,2.01
538102,22749,POPPY'S PLAYHOUSE LIVINGROOM,2.0,2023-07-28 04:08:30,2.14,12927,4.28
538102,71053,WHITE METAL LANTERN,2.0,2023-07-28 04:08:30,3.54,12927,7.08
538102,85123A,WHITE HANGING HEART T-LIGHT HOLDER,1.0,2023-07-28 04:08:30,2.45,12927,2.45
538102,85099B,JUMBO BAG RED RETROSPOT,1.0,2023-07-28 04:08:30,1.89,12927,1.89
538102,22382,LUNCH BAG SPACEBOY DESIGN,3.0,2023-07-28 04:08:30,1.73,12927,5.19
538103,22748,POPPY'S PLAYHOUSE KITCHEN,1.0,2023-03-28 00:14:00,2.09,12866,2.09
538103,21931,JUMBO STORAGE BAG SUKI,1.0,2023-03-28 00:14:00,1.91,12866,1.91
538104,22411,JUMBO SHOPPER VINTAGE RED PAISLEY,3.0,2023-04-03 14:59:31,1.87,12846,5.61
538105,22749,POPPY'S PLAYHOUSE LIVINGROOM,2.0,2023-09-25 23:42:55,2.05,12877,4.1
538105,20725,LUNCH BAG RED RETROSPOT,3.0,2023-09-25 23:42:55,1.61,12877,4.83
538105,22386,JUMBO BAG PINK POLKADOT,1.0,2023-09-25 23:42:55,2.04,12877,2.04
538105,84969,BOX OF 6 ASSORTED COLOUR TEASPOONS,2.0,2023-09-25 23:42:55,4.25,12877,8.5
538105,21730,GLASS STAR FROSTED T-LIGHT HOLDER,4.0,2023-09-25 23:42:55,4.11,12877,16.44
538105,85099F,JUMBO BAG STRAWBERRY,6.0,2023-09-25 23:42:55,1.95,12877,11.7
538106,22386,JUMBO BAG PINK POLKADOT,1.0,2023-08-22 21:45:58,2.04,13107,2.04
538106,85099B,JUMBO BAG RED RETROSPOT,1.0,2023-08-22 21:45:58,1.95,13107,1.95
538106,22086,PAPER CHAIN KIT 50'S CHRISTMAS,2.0,2023-08-22 21:45:58,2.55,13107,5.1
538106,85099F,JUMBO BAG STRAWBERRY,4.0,2023-08-22 21:45:58,2.01,13107,8.04
538106,84029E,RED WOOLLY HOTTIE WHITE HEART.,1.0,2023-08-22 21:45:58,3.22,13107,3.22
538108,84406B,CREAM CUPID HEARTS COAT HANGER,1.0,2023-05-12 13:58:25,2.87,13097,2.87
538108,85099B,JUMBO BAG RED RETROSPOT,1.0,2023-05-12 13:58:25,2.02,13097,2.02
538108,21931,JUMBO STORAGE BAG SUKI,1.0,2023-05-12 13:58:25,1.91,13097,1.91
538108,20725,LUNCH BAG RED RETROSPOT,4.0,2023-05-12 13:58:25,1.61,13097,6.44
538108,22386,JUMBO BAG PINK POLKADOT,2.0,2023-05-12 13:58:25,1.9,13097,3.8
538109,22382,LUNCH BAG SPACEBOY DESIGN,2.0,2023-08-22 06:44:36,1.7,12563,3.4
538109,21730,GLASS STAR FROSTED T-LIGHT HOLDER,1.0,2023-08-22 06:44:36,4.45,12563,4.45
538109,85099B,JUMBO BAG RED RETROSPOT,4.0,2023-08-22 06:44:36,1.85,12563,7.4
538109,21931,JUMBO STORAGE BAG SUKI,2.0,2023-08-22 06:44:36,1.93,12563,3.86
538110,21730,GLASS STAR FROSTED T-LIGHT HOLDER,1.0,2023-09-07 15:18:22,4.39,12712,4.39
538110,47566,PARTY BUNTING,2.0,2023-09-07 15:18:22,4.85,12712,9.7
538110,84406B,CREAM CUPID HEARTS COAT HANGER,4.0,2023-09-07 15:18:22,2.78,12712,11.12
538110,20725,LUNCH BAG RED RETROSPOT,2.0,2023-09-07 15:18:22,1.69,12712,3.38
538111,22384,LUNCH BAG PINK POLKADOT,2.0,2023-05-27 17:44:35,1.66,12787,3.32
538111,20728,LUNCH BAG CARS BLUE,2.0,2023-05-27 17:44:35,1.64,12787,3.28
538111,71053,WHITE METAL LANTERN,3.0,2023-05-27 17:44:35,3.52,12787,10.56
538111,20727,LUNCH BAG BLACK SKULL.,4.0,2023-05-27 17:44:35,1.65,12787,6.6
538111,20725,LUNCH BAG RED RETROSPOT,1.0,2023-05-27 17:44:35,1.66,12787,1.66
538112,20728,LUNCH BAG CARS BLUE,2.0,2023-01-28 01:51:07,1.57,12618,3.14
538113,22633,HAND WARMER UNION JACK,3.0,2023-07-01 00:02:11,1.87,12834,5.61
538114,84029E,RED WOOLLY HOTTIE WHITE HEART.,1.0,2023-05-02 12:42:12,3.36,12877,3.36
538115,22749,POPPY'S PLAYHOUSE LIVINGROOM,1.0,2023-04-28 21:00:10,2.06,12877,2.06
538115,22411,JUMBO SHOPPER VINTAGE RED PAISLEY,2.0,2023-04-28 21:00:10,1.97,12877,3.94
538115,85099B,JUMBO BAG RED RETROSPOT,1.0,2023-04-28 21:00:10,2.02,12877,2.02
538115,20726,LUNCH BAG WOODLAND,1.0,2023-04-28 21:00:10,1.57,12877,1.57
538115,22086,PAPER CHAIN KIT 50'S CHRISTMAS,2.0,2023-04-28 21:00:10,2.65,12877,5.3
538116,22386,JUMBO BAG PINK POLKADOT,3.0,2023-08-16 01:21:30,1.92,13097,5.76
538117,22745,POPPY'S PLAYHOUSE BEDROOM,2.0,2023-08-15 10:32:36,2.02,12633,4.04
538117,22310,IVORY KNITTED MUG COSY,1.0,2023-08-15 10:32:36,1.69,12633,1.69
538118,20728,LUNCH BAG CARS BLUE,2.0,2023-10-20 12:10:29,1.63,12877,3.26
538119,22748,POPPY'S PLAYHOUSE KITCHEN,3.0,2023-08-19 04:40:30,2.19,12524,6.57
538119,84406B,CREAM CUPID HEARTS COAT HANGER,2.0,2023-08-19 04:40:30,2.83,12524,5.66
538120,85099B,JUMBO BAG RED RETROSPOT,2.0,2023-11-10 10:48:52,1.88,12877,3.76
538122,20727,LUNCH BAG BLACK SKULL.,3.0,2023-09-03 10:03:12,1.62,12529,4.86
538122,84879,ASSORTED COLOUR BIRD ORNAMENT,2.0,2023-09-03 10:03:12,1.64,12529,3.28
538122,84029G,KNITTED UNION FLAG HOT WATER BOTTLE,1.0,2023-09-03 10:03:12,3.44,12529,3.44
538124,71053,WHITE METAL LANTERN,1.0,2023-11-12 23:02:20,3.22,12736,3.22
538124,22384,LUNCH BAG PINK POLKADOT,4.0,2023-11-12 23:02:20,1.57,12736,6.28
538125,22382,LUNCH BAG SPACEBOY DESIGN,1.0,2023-06-13 12:35:34,1.61,12586,1.61
538126,21730,GLASS STAR FROSTED T-LIGHT HOLDER,6.0,2023-04-10 15:29:36,4.2,12504,25.2
538126,84029E,RED WOOLLY HOTTIE WHITE HEART.,1.0,2023-04-10 15:29:36,3.38,12504,3.38
538126,85123A,WHITE HANGING HEART T-LIGHT HOLDER,6.0,2023-04-10 15:29:36,2.67,12504,16.02
538126,22310,IVORY KNITTED MUG COSY,2.0,2023-04-10 15:29:36,1.68,12504,3.36
538127,84406B,CREAM CUPID HEARTS COAT HANGER,3.0,2023-07-11 23:11:07,2.8,12670,8.4
538127,22632,HAND WARMER RED POLKA DOT,3.0,2023-07-11 23:11:07,1.78,12670,5.34
538129,84029G,KNITTED UNION FLAG HOT WATER BOTTLE,2.0,2023-08-31 18:15:06,3.5,12666,7.0
538130,84406B,CREAM CUPID HEARTS COAT HANGER,1.0,2023-10-14 10:45:22,2.71,12813,2.71
538130,85123A,WHITE HANGING HEART T-LIGHT HOLDER,2.0,2023-10-14 10:45:22,2.58,12813,5.16
538131,85123A,WHITE HANGING HEART T-LIGHT HOLDER,2.0,2023-06-09 02:15:55,2.67,13126,5.34
538131,71053,WHITE METAL LANTERN,2.0,2023-06-09 02:15:55,3.43,13126,6.86
538132,84969,BOX OF 6 ASSORTED COLOUR TEASPOONS,1.0,2023-11-08 00:32:19,4.06,13066,4.06
538133,20725,LUNCH BAG RED RETROSPOT,6.0,2023-11-21 05:49:11,1.69,12870,10.14
538133,22086,PAPER CHAIN KIT 50'S CHRISTMAS,3.0,2023-11-21 05:49:11,2.43,12870,7.29
538134,22386,JUMBO BAG PINK POLKADOT,1.0,2023-04-13 13:31:29,1.88,12886,1.88
538134,21931,JUMBO STORAGE BAG SUKI,6.0,2023-04-13 13:31:29,1.87,12886,11.22
538134,20725,LUNCH BAG RED RETROSPOT,3.0,2023-04-13 13:31:29,1.62,12886,4.86
538134,22382,LUNCH BAG SPACEBOY DESIGN,1.0,2023-04-13 13:31:29,1.6,12886,1.6
538134,22632,HAND WARMER RED POLKA DOT,3.0,2023-04-13 13:31:29,1.84,12886,5.52
538135,84406B,CREAM CUPID HEARTS COAT HANGER,1.0,2023-03-21 12:12:26,2.88,12543,2.88
538135,20727,LUNCH BAG BLACK SKULL.,1.0,2023-03-21 12:12:26,1.67,12543,1.67
538137,22633,HAND WARMER UNION JACK,1.0,2023-09-28 22:58:19,1.84,13025,1.84
538137,85099B,JUMBO BAG RED RETROSPOT,2.0,2023-09-28 22:58:19,1.97,13025,3.94
538137,85123A,WHITE HANGING HEART T-LIGHT HOLDER,3.0,2023-09-28 22:58:19,2.46,13025,7.38
538137,71053,WHITE METAL LANTERN,1.0,2023-09-28 22:58:19,3.43,13025,3.43
538138,85099F,JUMBO BAG STRAWBERRY,3.0,2023-10-22 15:27:01,1.99,13051,5.97
538138,22633,HAND WARMER UNION JACK,1.0,2023-10-22 15:27:01,1.79,13051,1.79
538139,84029G,KNITTED UNION FLAG HOT WATER BOTTLE,4.0,2023-10-04 00:53:08,3.51,13145,14.04
538140,22411,JUMBO SHOPPER VINTAGE RED PAISLEY,2.0,2023-06-20 20:40:14,1.92,12415,3.84
538140,20728,LUNCH BAG CARS BLUE,3.0,2023-06-20 20:40:14,1.67,12415,5.01
538140,22382,LUNCH BAG SPACEBOY DESIGN,2.0,2023-06-20 20:40:14,1.66,12415,3.32
538140,22633,HAND WARMER UNION JACK,1.0,2023-06-20 20:40:14,1.83,12415,1.83
538140,20725,LUNCH BAG RED RETROSPOT,1.0,2023-06-20 20:40:14,1.71,12415,1.71
538140,71053,WHITE METAL LANTERN,1.0,2023-06-20 20:40:14,3.5,12415,3.5
538141,20727,LUNCH BAG BLACK SKULL.,1.0,2023-08-21 02:41:40,1.7,12815,1.7
538141,22310,IVORY KNITTED MUG COSY,2.0,2023-08-21 02:41:40,1.57,12815,3.14
538142,84969,BOX OF 6 ASSORTED COLOUR TEASPOONS,3.0,2023-06-29 17:25:53,4.1,12973,12.3
538143,71053,WHITE METAL LANTERN,1.0,2023-10-20 20:10:42,3.28,12887,3.28
538143,20727,LUNCH BAG BLACK SKULL.,2.0,2023-10-20 20:10:42,1.6,12887,3.2
538143,22086,PAPER CHAIN KIT 50'S CHRISTMAS,1.0,2023-10-20 20:10:42,2.5,12887,2.5
538145,22749,POPPY'S PLAYHOUSE LIVINGROOM,3.0,2023-08-18 14:31:49,2.03,12877,6.09
538145,22382,LUNCH BAG SPACEBOY DESIGN,3.0,2023-08-18 14:31:49,1.58,12877,4.74
538145,22748,POPPY'S PLAYHOUSE KITCHEN,1.0,2023-08-18 14:31:49,2.18,12877,2.18
538145,20728,LUNCH BAG CARS BLUE,3.0,2023-08-18 14:31:49,1.65,12877,4.95
538145,22745,POPPY'S PLAYHOUSE BEDROOM,4.0,2023-08-18 14:31:49,2.06,12877,8.24
538146,85099F,JUMBO BAG STRAWBERRY,1.0,2023-06-21 17:27:30,1.88,12878,1.88
538146,21730,GLASS STAR FROSTED T-LIGHT HOLDER,2.0,2023-06-21 17:27:30,4.08,12878,8.16
538147,22386,JUMBO BAG PINK POLKADOT,1.0,2023-08-30 09:03:51,1.99,12712,1.99
538147,22411,JUMBO SHOPPER VINTAGE RED PAISLEY,2.0,2023-08-30 09:03:51,2.01,12712,4.02
538147,85099F,JUMBO BAG STRAWBERRY,2.0,2023-08-30 09:03:51,1.89,12712,3.78
538148,85099F,JUMBO BAG STRAWBERRY,1.0,2023-10-01 10:36:42,1.95,12659,1.95
538148,84879,ASSORTED COLOUR BIRD ORNAMENT,2.0,2023-10-01 10:36:42,1.7,12659,3.4
538148,22382,LUNCH BAG SPACEBOY DESIGN,2.0,2023-10-01 10:36:42,1.59,12659,3.18
538148,20727,LUNCH BAG BLACK SKULL.,1.0,2023-10-01 10:36:42,1.63,12659,1.63
538150,84406B,CREAM CUPID HEARTS COAT HANGER,2.0,2023-08-14 22:39:08,2.83,12790,5.66
538150,84969,BOX OF 6 ASSORTED COLOUR TEASPOONS,1.0,2023-08-14 22:39:08,4.15,12790,4.15
538150,22748,POPPY'S PLAYHOUSE KITCHEN,2.0,2023-08-14 22:39:08,2.01,12790,4.02
538151,71053,WHITE METAL LANTERN,1.0,2023-03-22 18:47:46,3.53,12713,3.53
538154,21931,JUMBO STORAGE BAG SUKI,2.0,2023-03-15 14:41:54,1.92,12875,3.84
538154,84969,BOX OF 6 ASSORTED COLOUR TEASPOONS,3.0,2023-03-15 14:41:54,4.08,12875,12.24
538154,22086,PAPER CHAIN KIT 50'S CHRISTMAS,3.0,2023-03-15 14:41:54,2.61,12875,7.83
538154,22384,LUNCH BAG PINK POLKADOT,1.0,2023-03-15 14:41:54,1.68,12875,1.68
538155,22086,PAPER CHAIN KIT 50'S CHRISTMAS,6.0,2023-04-28 23:25:47,2.53,12538,15.18
538155,22633,HAND WARMER UNION JACK,2.0,2023-04-28 23:25:47,1.85,12538,3.7
538156,85099B,JUMBO BAG RED RETROSPOT,1.0,2023-08-25 05:11:05,1.9,12531,1.9
538156,20726,LUNCH BAG WOODLAND,1.0,2023-08-25 05:11:05,1.71,12531,1.71
538156,22411,JUMBO SHOPPER VINTAGE RED PAISLEY,2.0,2023-08-25 05:11:05,1.92,12531,3.84
538156,84406B,CREAM CUPID HEARTS COAT HANGER,4.0,2023-08-25 05:11:05,2.73,12531,10.92
538156,84029G,KNITTED UNION FLAG HOT WATER BOTTLE,6.0,2023-08-25 05:11:05,3.45,12531,20.7
538158,84029E,RED WOOLLY HOTTIE WHITE HEART.,6.0,2023-11-24 11:11:17,3.27,12864,19.62
538158,71053,WHITE METAL LANTERN,3.0,2023-11-24 11:11:17,3.39,12864,10.17
538158,47566,PARTY BUNTING,2.0,2023-11-24 11:11:17,4.78,12864,9.56
538158,84029G,KNITTED UNION FLAG HOT WATER BOTTLE,2.0,2023-11-24 11:11:17,3.33,12864,6.66
538158,84406B,CREAM CUPID HEARTS COAT HANGER,6.0,2023-11-24 11:11:17,2.75,12864,16.5
538159,71053,WHITE METAL LANTERN,2.0,2023-04-09 02:54:12,3.41,12541,6.82
538159,22748,POPPY'S PLAYHOUSE KITCHEN,1.0,2023-04-09 02:54:12,2.03,12541,2.03
538160,22086,PAPER CHAIN KIT 50'S CHRISTMAS,2.0,2023-10-02 09:49:03,2.51,13083,5.02
538160,22633,HAND WARMER UNION JACK,1.0,2023-10-02 09:49:03,1.91,13083,1.91
538160,85123A,WHITE HANGING HEART T-LIGHT HOLDER,3.0,2023-10-02 09:49:03,2.65,13083,7.95
538161,22749,POPPY'S PLAYHOUSE LIVINGROOM,3.0,2023-09-25 23:06:39,2.14,13051,6.42
538161,84969,BOX OF 6 ASSORTED COLOUR TEASPOONS,1.0,2023-09-25 23:06:39,4.34,13051,4.34
538161,22310,IVORY KNITTED MUG COSY,4.0,2023-09-25 23:06:39,1.62,13051,6.48
538162,22633,HAND WARMER UNION JACK,1.0,2023-08-06 17:44:38,1.85,12462,1.85
538162,85099F,JUMBO BAG STRAWBERRY,1.0,2023-08-06 17:44:38,1.85,12462,1.85
538162,22745,POPPY'S PLAYHOUSE BEDROOM,1.0,2023-08-06 17:44:38,2.12,12462,2.12
538163,20727,LUNCH BAG BLACK SKULL.,1.0,2023-05-26 02:47:35,1.58,12873,1.58
538163,22633,HAND WARMER UNION JACK,6.0,2023-05-26 02:47:35,1.77,12873,10.62
538163,20726,LUNCH BAG WOODLAND,3.0,2023-05-26 02:47:35,1.64,12873,4.92
538163,85099B,JUMBO BAG RED RETROSPOT,1.0,2023-05-26 02:47:35,1.97,12873,1.97
538163,84029E,RED WOOLLY HOTTIE WHITE HEART.,1.0,2023-05-26 02:47:35,3.37,12873,3.37
538164,85099F,JUMBO BAG STRAWBERRY,1.0,2023-03-30 12:28:39,1.98,12730,1.98
538164,20725,LUNCH BAG RED RETROSPOT,2.0,2023-03-30 12:28:39,1.61,12730,3.22
538164,84969,BOX OF 6 ASSORTED COLOUR TEASPOONS,3.0,2023-03-30 12:28:39,4.07,12730,12.21
538164,85099B,JUMBO BAG RED RETROSPOT,6.0,2023-03-30 12:28:39,1.86,12730,11.16
538165,84969,BOX OF 6 ASSORTED COLOUR TEASPOONS,2.0,2023-08-31 09:12:24,4.19,12877,8.38
538165,22383,LUNCH BAG SUKI DESIGN,3.0,2023-08-31 09:12:24,1.57,12877,4.71
538165,85099B,JUMBO BAG RED RETROSPOT,3.0,2023-08-31 09:12:24,1.93,12877,5.79
538165,22382,LUNCH BAG SPACEBOY DESIGN,1.0,2023-08-31 09:12:24,1.69,12877,1.69
538165,22748,POPPY'S PLAYHOUSE KITCHEN,4.0,2023-08-31 09:12:24,2.17,12877,8.68
538166,22086,PAPER CHAIN KIT 50'S CHRISTMAS,2.0,2023-10-06 09:22:29,2.49,12371,4.98
538166,47566,PARTY BUNTING,1.0,2023-10-06 09:22:29,4.81,12371,4.81
538166,84029G,KNITTED UNION FLAG HOT WATER BOTTLE,3.0,2023-10-06 09:22:29,3.34,12371,10.02
538166,22748,POPPY'S PLAYHOUSE KITCHEN,3.0,2023-10-06 09:22:29,2.15,12371,6.45
538167,22384,LUNCH BAG PINK POLKADOT,1.0,2023-04-20 00:41:29,1.63,12574,1.63
538169,22382,LUNCH BAG SPACEBOY DESIGN,3.0,2023-11-08 20:06:26,1.6,12792,4.8
538169,22411,JUMBO SHOPPER VINTAGE RED PAISLEY,3.0,2023-11-08 20:06:26,1.94,12792,5.82
538169,85123A,WHITE HANGING HEART T-LIGHT HOLDER,1.0,2023-11-08 20:06:26,2.64,12792,2.64
538169,22086,PAPER CHAIN KIT 50'S CHRISTMAS,2.0,2023-11-08 20:06:26,2.43,12792,4.86
538169,22745,POPPY'S PLAYHOUSE BEDROOM,4.0,2023-11-08 20:06:26,2.15,12792,8.6
538170,21931,JUMBO STORAGE BAG SUKI,2.0,2023-10-21 01:03:53,1.97,12440,3.94
538170,22749,POPPY'S PLAYHOUSE LIVINGROOM,4.0,2023-10-21 01:03:53,2.14,12440,8.56
538170,84029G,KNITTED UNION FLAG HOT WATER BOTTLE,6.0,2023-10-21 01:03:53,3.42,12440,20.52
538171,22748,POPPY'S PLAYHOUSE KITCHEN,1.0,2023-11-11 21:25:33,2.07,12736,2.07
538171,20728,LUNCH BAG CARS BLUE,1.0,2023-11-11 21:25:33,1.69,12736,1.69
538171,22749,POPPY'S PLAYHOUSE LIVINGROOM,1.0,2023-11-11 21:25:33,2.19,12736,2.19
538171,22384,LUNCH BAG PINK POLKADOT,6.0,2023-11-11 21:25:33,1.63,12736,9.78
538171,71053,WHITE METAL LANTERN,1.0,2023-11-11 21:25:33,3.3,12736,3.3
538172,71053,WHITE METAL LANTERN,3.0,2023-09-25 11:27:44,3.51,13061,10.53
538172,22632,HAND WARMER RED POLKA DOT,2.0,2023-09-25 11:27:44,1.86,13061,3.72
538172,85099B,JUMBO BAG RED RETROSPOT,6.0,2023-09-25 11:27:44,2.01,13061,12.06
538172,84969,BOX OF 6 ASSORTED COLOUR TEASPOONS,6.0,2023-09-25 11:27:44,4.13,13061,24.78
538172,22086,PAPER CHAIN KIT 50'S CHRISTMAS,2.0,2023-09-25 11:27:44,2.58,13061,5.16
538174,20726,LUNCH BAG WOODLAND,1.0,2023-05-27 22:37:09,1.66,12736,1.66
538174,20725,LUNCH BAG RED RETROSPOT,1.0,2023-05-27 22:37:09,1.67,12736,1.67
538175,84406B,CREAM CUPID HEARTS COAT HANGER,3.0,2023-10-01 05:26:55,2.62,13007,7.86
538175,22384,LUNCH BAG PINK POLKADOT,3.0,2023-10-01 05:26:55,1.67,13007,5.01
538175,84029G,KNITTED UNION FLAG HOT WATER BOTTLE,1.0,2023-10-01 05:26:55,3.25,13007,3.25
538175,22748,POPPY'S PLAYHOUSE KITCHEN,1.0,2023-10-01 05:26:55,2.14,13007,2.14
538175,21730,GLASS STAR FROSTED T-LIGHT HOLDER,2.0,2023-10-01 05:26:55,4.11,13007,8.22
538175,85099B,JUMBO BAG RED RETROSPOT,1.0,2023-10-01 05:26:55,1.86,13007,1.86
538176,22745,POPPY'S PLAYHOUSE BEDROOM,3.0,2023-10-15 01:40:52,2.02,12638,6.06
538176,71053,WHITE METAL LANTERN,3.0,2023-10-15 01:40:52,3.43,12638,10.29
538176,85099F,JUMBO BAG STRAWBERRY,3.0,2023-10-15 01:40:52,2.01,12638,6.03
538177,21730,GLASS STAR FROSTED T-LIGHT HOLDER,1.0,2023-06-22 20:00:42,4.14,12409,4.14
538177,22310,IVORY KNITTED MUG COSY,1.0,2023-06-22 20:00:42,1.62,12409,1.62
538178,22310,IVORY KNITTED MUG COSY,1.0,2023-07-11 14:53:07,1.66,12787,1.66
538178,22386,JUMBO BAG PINK POLKADOT,1.0,2023-07-11 14:53:07,1.86,12787,1.86
538178,22748,POPPY'S PLAYHOUSE KITCHEN,1.0,2023-07-11 14:53:07,2.12,12787,2.12
538178,20726,LUNCH BAG WOODLAND,2.0,2023-07-11 14:53:07,1.71,12787,3.42
538179,20725,LUNCH BAG RED RETROSPOT,3.0,2023-11-23 23:12:03,1.67,12877,5.01
538179,47566,PARTY BUNTING,1.0,2023-11-23 23:12:03,4.44,12877,4.44
538179,84969,BOX OF 6 ASSORTED COLOUR TEASPOONS,4.0,2023-11-23 23:12:03,4.18,12877,16.72
538179,71053,WHITE METAL LANTERN,1.0,2023-11-23 23:12:03,3.55,12877,3.55
538179,22748,POPPY'S PLAYHOUSE KITCHEN,1.0,2023-11-23 23:12:03,2.09,12877,2.09
538180,71053,WHITE METAL LANTERN,1.0,2023-06-27 23:36:38,3.55,12905,3.55
538180,47566,PARTY BUNTING,1.0,2023-06-27 23:36:38,4.42,12905,4.42
538180,22386,JUMBO BAG PINK POLKADOT,2.0,2023-06-27 23:36:38,2.0,12905,4.0
538180,84969,BOX OF 6 ASSORTED COLOUR TEASPOONS,3.0,2023-06-27 23:36:38,4.28,12905,12.84
538181,84406B,CREAM CUPID HEARTS COAT HANGER,4.0,2023-03-16 13:10:20,2.8,12549,11.2
538182,22632,HAND WARMER RED POLKA DOT,3.0,2023-05-08 14:58:04,1.85,12611,5.55
538182,22633,HAND WARMER UNION JACK,2.0,2023-05-08 14:58:04,1.92,12611,3.84
538182,84029G,KNITTED UNION FLAG HOT WATER BOTTLE,1.0,2023-05-08 14:58:04,3.41,12611,3.41
538183,20726,LUNCH BAG WOODLAND,1.0,2023-04-12 13:37:09,1.73,12923,1.73
538183,20727,LUNCH BAG BLACK SKULL.,2.0,2023-04-12 13:37:09,1.6,12923,3.2
538183,71053,WHITE METAL LANTERN,3.0,2023-04-12 13:37:09,3.54,12923,10.62
538185,22386,JUMBO BAG PINK POLKADOT,1.0,2023-06-12 11:25:06,2.02,12607,2.02
538185,22633,HAND WARMER UNION JACK,4.0,2023-06-12 11:25:06,1.79,12607,7.16
538186,22749,POPPY'S PLAYHOUSE LIVINGROOM,1.0,2023-12-01 01:30:38,2.05,13051,2.05
538187,84029G,KNITTED UNION FLAG HOT WATER BOTTLE,4.0,2023-11-29 17:40:48,3.46,12607,13.84
538188,47566,PARTY BUNTING,1.0,2023-11-23 07:18:33,4.43,12877,4.43
538189,22310,IVORY KNITTED MUG COSY,6.0,2023-09-19 20:43:46,1.62,12766,9.72
538189,22748,POPPY'S PLAYHOUSE KITCHEN,1.0,2023-09-19 20:43:46,2.1,12766,2.1
538189,20725,LUNCH BAG RED RETROSPOT,1.0,2023-09-19 20:43:46,1.63,12766,1.63
538189,21730,GLASS STAR FROSTED T-LIGHT HOLDER,1.0,2023-09-19 20:43:46,4.44,12766,4.44
538189,22086,PAPER CHAIN KIT 50'S CHRISTMAS,3.0,2023-09-19 20:43:46,2.62,12766,7.86
538190,22386,JUMBO BAG PINK POLKADOT,3.0,2023-08-15 04:12:24,2.01,13091,6.03
538190,85123A,WHITE HANGING HEART T-LIGHT HOLDER,4.0,2023-08-15 04:12:24,2.61,13091,10.44
538190,22310,IVORY KNITTED MUG COSY,2.0,2023-08-15 04:12:24,1.59,13091,3.18
538190,22384,LUNCH BAG PINK POLKADOT,1.0,2023-08-15 04:12:24,1.6,13091,1.6
538192,20725,LUNCH BAG RED RETROSPOT,1.0,2023-10-31 11:33:45,1.7,12821,1.7
538192,20728,LUNCH BAG CARS BLUE,1.0,2023-10-31 11:33:45,1.7,12821,1.7
538192,22383,LUNCH BAG SUKI DESIGN,2.0,2023-10-31 11:33:45,1.7,12821,3.4
538192,84029E,RED WOOLLY HOTTIE WHITE HEART.,1.0,2023-10-31 11:33:45,3.29,12821,3.29
538193,22086,PAPER CHAIN KIT 50'S CHRISTMAS,3.0,2023-04-13 08:50:34,2.66,12824,7.98
538194,22386,JUMBO BAG PINK POLKADOT,1.0,2023-03-30 15:18:48,1.86,12858,1.86
538197,22386,JUMBO BAG PINK POLKADOT,1.0,2023-09-19 04:39:43,1.93,12877,1.93
538197,22632,HAND WARMER RED POLKA DOT,6.0,2023-09-19 04:39:43,1.93,12877,11.58
538198,21931,JUMBO STORAGE BAG SUKI,1.0,2023-03-21 13:51:51,1.95,13051,1.95
538199,22384,LUNCH BAG PINK POLKADOT,2.0,2023-12-04 17:15:03,1.7,12916,3.4
538199,22749,POPPY'S PLAYHOUSE LIVINGROOM,3.0,2023-12-04 17:15:03,2.01,12916,6.03
538199,20727,LUNCH BAG BLACK SKULL.,2.0,2023-12-04 17:15:03,1.6,12916,3.2
538199,84879,ASSORTED COLOUR BIRD ORNAMENT,1.0,2023-12-04 17:15:03,1.61,12916,1.61
538199,22632,HAND WARMER RED POLKA DOT,1.0,2023-12-04 17:15:03,1.79,12916,1.79
538201,20726,LUNCH BAG WOODLAND,4.0,2023-11-18 09:35:12,1.68,12906,6.72
538202,71053,WHITE METAL LANTERN,2.0,2023-03-23 12:33:05,3.32,13007,6.64
538202,21730,GLASS STAR FROSTED T-LIGHT HOLDER,1.0,2023-03-23 12:33:05,4.06,13007,4.06
538202,85123A,WHITE HANGING HEART T-LIGHT HOLDER,1.0,2023-03-23 12:33:05,2.63,13007,2.63
538202,22383,LUNCH BAG SUKI DESIGN,1.0,2023-03-23 12:33:05,1.6,13007,1.6
538202,85099F,JUMBO BAG STRAWBERRY,1.0,2023-03-23 12:33:05,2.03,13007,2.03
538203,22745,POPPY'S PLAYHOUSE BEDROOM,4.0,2023-06-21 13:06:16,2.07,13065,8.28
538203,22310,IVORY KNITTED MUG COSY,1.0,2023-06-21 13:06:16,1.69,13065,1.69
538204,22748,POPPY'S PLAYHOUSE KITCHEN,1.0,2023-11-01 18:58:01,2.02,12626,2.02
538205,21730,GLASS STAR FROSTED T-LIGHT HOLDER,1.0,2023-11-30 02:48:00,4.42,13025,4.42
538205,22384,LUNCH BAG PINK POLKADOT,2.0,2023-11-30 02:48:00,1.71,13025,3.42
538205,22411,JUMBO SHOPPER VINTAGE RED PAISLEY,1.0,2023-11-30 02:48:00,1.9,13025,1.9
538206,22384,LUNCH BAG PINK POLKADOT,2.0,2023-04-03 23:42:14,1.72,12880,3.44
538207,22386,JUMBO BAG PINK POLKADOT,1.0,2023-04-24 16:22:06,2.02,12877,2.02
538208,22749,POPPY'S PLAYHOUSE LIVINGROOM,1.0,2023-05-24 14:40:43,2.1,12415,2.1
538208,22382,LUNCH BAG SPACEBOY DESIGN,2.0,2023-05-24 14:40:43,1.68,12415,3.36
538210,22749,POPPY'S PLAYHOUSE LIVINGROOM,2.0,2023-05-27 10:50:50,2.09,12516,4.18
538210,22386,JUMBO BAG PINK POLKADOT,1.0,2023-05-27 10:50:50,1.97,12516,1.97
538211,85123A,WHITE HANGING HEART T-LIGHT HOLDER,4.0,2023-11-20 05:24:46,2.53,12881,10.12
538211,84969,BOX OF 6 ASSORTED COLOUR TEASPOONS,1.0,2023-11-20 05:24:46,4.05,12881,4.05
538212,85123A,WHITE HANGING HEART T-LIGHT HOLDER,1.0,2023-11-25 08:08:17,2.51,13062,2.51
538212,84879,ASSORTED COLOUR BIRD ORNAMENT,2.0,2023-11-25 08:08:17,1.66,13062,3.32
538212,22749,POPPY'S PLAYHOUSE LIVINGROOM,1.0,2023-11-25 08:08:17,2.2,13062,2.2
538212,22086,PAPER CHAIN KIT 50'S CHRISTMAS,1.0,2023-11-25 08:08:17,2.61,13062,2.61
538213,84879,ASSORTED COLOUR BIRD ORNAMENT,2.0,2023-10-05 03:42:35,1.64,12845,3.28
538213,22384,LUNCH BAG PINK POLKADOT,6.0,2023-10-05 03:42:35,1.61,12845,9.66
538214,20727,LUNCH BAG BLACK SKULL.,1.0,2023-05-02 11:19:24,1.58,12742,1.58
538214,47566,PARTY BUNTING,1.0,2023-05-02 11:19:24,4.79,12742,4.79
538214,84406B,CREAM CUPID HEARTS COAT HANGER,1.0,2023-05-02 11:19:24,2.81,12742,2.81
538214,22633,HAND WARMER UNION JACK,1.0,2023-05-02 11:19:24,1.92,12742,1.92
538216,21730,GLASS STAR FROSTED T-LIGHT HOLDER,1.0,2023-09-04 03:21:50,4.29,12817,4.29
538216,84029E,RED WOOLLY HOTTIE WHITE HEART.,2.0,2023-09-04 03:21:50,3.26,12817,6.52
538216,85099B,JUMBO BAG RED RETROSPOT,1.0,2023-09-04 03:21:50,1.96,12817,1.96
538216,84029G,KNITTED UNION FLAG HOT WATER BOTTLE,3.0,2023-09-04 03:21:50,3.24,12817,9.72
538216,20725,LUNCH BAG RED RETROSPOT,3.0,2023-09-04 03:21:50,1.7,12817,5.1
538216,85099F,JUMBO BAG STRAWBERRY,3.0,2023-09-04 03:21:50,1.91,12817,5.73
538217,20726,LUNCH BAG WOODLAND,1.0,2023-07-19 09:48:06,1.67,12877,1.67
538218,22382,LUNCH BAG SPACEBOY DESIGN,1.0,2023-03-29 17:55:46,1.62,12435,1.62
538218,22632,HAND WARMER RED POLKA DOT,1.0,2023-03-29 17:55:46,1.94,12435,1.94
538218,22086,PAPER CHAIN KIT 50'S CHRISTMAS,4.0,2023-03-29 17:55:46,2.54,12435,10.16
538218,84969,BOX OF 6 ASSORTED COLOUR TEASPOONS,1.0,2023-03-29 17:55:46,4.42,12435,4.42
538218,22384,LUNCH BAG PINK POLKADOT,2.0,2023-03-29 17:55:46,1.7,12435,3.4
538218,22749,POPPY'S PLAYHOUSE LIVINGROOM,3.0,2023-03-29 17:55:46,2.13,12435,6.39
538219,85123A,WHITE HANGING HEART T-LIGHT HOLDER,6.0,2023-11-10 17:31:24,2.45,13141,14.7
538220,22384,LUNCH BAG PINK POLKADOT,2.0,2023-02-19 09:25:22,1.58,12660,3.16
538220,85099F,JUMBO BAG STRAWBERRY,4.0,2023-02-19 09:25:22,2.01,12660,8.04
538220,22382,LUNCH BAG SPACEBOY DESIGN,1.0,2023-02-19 09:25:22,1.68,12660,1.68
538221,85099B,JUMBO BAG RED RETROSPOT,2.0,2023-08-17 04:27:24,2.02,13021,4.04
538221,22748,POPPY'S PLAYHOUSE KITCHEN,1.0,2023-08-17 04:27:24,2.13,13021,2.13
538221,84879,ASSORTED COLOUR BIRD ORNAMENT,1.0,2023-08-17 04:27:24,1.62,13021,1.62
538222,47566,PARTY BUNTING,1.0,2023-09-20 07:16:54,4.66,13104,4.66
538223,47566,PARTY BUNTING,2.0,2023-09-06 04:07:36,4.5,12961,9.0
538223,21730,GLASS STAR FROSTED T-LIGHT HOLDER,1.0,2023-09-06 04:07:36,4.3,12961,4.3
538223,22633,HAND WARMER UNION JACK,1.0,2023-09-06 04:07:36,1.9,12961,1.9
538223,84879,ASSORTED COLOUR BIRD ORNAMENT,1.0,2023-09-06 04:07:36,1.77,12961,1.77
538223,84406B,CREAM CUPID HEARTS COAT HANGER,3.0,2023-09-06 04:07:36,2.83,12961,8.49
538224,20726,LUNCH BAG WOODLAND,2.0,2023-03-05 23:51:02,1.6,12877,3.2
538224,21931,JUMBO STORAGE BAG SUKI,2.0,2023-03-05 23:51:02,1.97,12877,3.94
538224,85123A,WHITE HANGING HEART T-LIGHT HOLDER,1.0,2023-03-05 23:51:02,2.54,12877,2.54
538224,22749,POPPY'S PLAYHOUSE LIVINGROOM,2.0,2023-03-05 23:51:02,2.18,12877,4.36
538226,20726,LUNCH BAG WOODLAND,2.0,2023-10-23 08:52:30,1.68,13097,3.36
538226,21730,GLASS STAR FROSTED T-LIGHT HOLDER,1.0,2023-10-23 08:52:30,4.16,13097,4.16
538228,84029E,RED WOOLLY HOTTIE WHITE HEART.,4.0,2023-11-21 06:00:10,3.46,12821,13.84
538229,22086,PAPER CHAIN KIT 50'S CHRISTMAS,1.0,2023-05-16 11:25:03,2.62,12927,2.62
538229,47566,PARTY BUNTING,1.0,2023-05-16 11:25:03,4.53,12927,4.53
538229,84029G,KNITTED UNION FLAG HOT WATER BOTTLE,1.0,2023-05-16 11:25:03,3.23,12927,3.23
538230,22382,LUNCH BAG SPACEBOY DESIGN,3.0,2023-06-14 19:41:39,1.7,12961,5.1
538230,22384,LUNCH BAG PINK POLKADOT,3.0,2023-06-14 19:41:39,1.64,12961,4.92
538230,22748,POPPY'S PLAYHOUSE KITCHEN,1.0,2023-06-14 19:41:39,2.14,12961,2.14
538230,85099F,JUMBO BAG STRAWBERRY,6.0,2023-06-14 19:41:39,1.96,12961,11.76
538234,20727,LUNCH BAG BLACK SKULL.,1.0,2023-05-21 19:30:30,1.69,12878,1.69
538234,84029E,RED WOOLLY HOTTIE WHITE HEART.,1.0,2023-05-21 19:30:30,3.41,12878,3.41
538234,22748,POPPY'S PLAYHOUSE KITCHEN,4.0,2023-05-21 19:30:30,2.16,12878,8.64
538234,85123A,WHITE HANGING HEART T-LIGHT HOLDER,2.0,2023-05-21 19:30:30,2.62,12878,5.24
538234,22386,JUMBO BAG PINK POLKADOT,1.0,2023-05-21 19:30:30,1.99,12878,1.99
538235,84406B,CREAM CUPID HEARTS COAT HANGER,2.0,2023-07-28 11:34:30,2.7,12787,5.4
538235,22633,HAND WARMER UNION JACK,3.0,2023-07-28 11:34:30,1.81,12787,5.43
538235,20728,LUNCH BAG CARS BLUE,3.0,2023-07-28 11:34:30,1.66,12787,4.98
538235,20725,LUNCH BAG RED RETROSPOT,2.0,2023-07-28 11:34:30,1.73,12787,3.46
538235,71053,WHITE METAL LANTERN,6.0,2023-07-28 11:34:30,3.42,12787,20.52
538237,22383,LUNCH BAG SUKI DESIGN,1.0,2023-07-04 12:46:20,1.71,12835,1.71
538237,84406B,CREAM CUPID HEARTS COAT HANGER,2.0,2023-07-04 12:46:20,2.82,12835,5.64
538237,22386,JUMBO BAG PINK POLKADOT,6.0,2023-07-04 12:46:20,2.04,12835,12.24
538237,84029G,KNITTED UNION FLAG HOT WATER BOTTLE,1.0,2023-07-04 12:46:20,3.45,12835,3.45
538238,22632,HAND WARMER RED POLKA DOT,2.0,2023-12-06 22:43:45,1.81,12868,3.62
538238,85123A,WHITE HANGING HEART T-LIGHT HOLDER,2.0,2023-12-06 22:43:45,2.54,12868,5.08
538238,22411,JUMBO SHOPPER VINTAGE RED PAISLEY,2.0,2023-12-06 22:43:45,1.95,12868,3.9
538238,20725,LUNCH BAG RED RETROSPOT,1.0,2023-12-06 22:43:45,1.61,12868,1.61
538239,20725,LUNCH BAG RED RETROSPOT,4.0,2023-05-01 05:23:46,1.7,12877,6.8
538239,22384,LUNCH BAG PINK POLKADOT,1.0,2023-05-01 05:23:46,1.59,12877,1.59
538239,20727,LUNCH BAG BLACK SKULL.,2.0,2023-05-01 05:23:46,1.69,12877,3.38
538239,71053,WHITE METAL LANTERN,4.0,2023-05-01 05:23:46,3.23,12877,12.92
538239,22382,LUNCH BAG SPACEBOY DESIGN,2.0,2023-05-01 05:23:46,1.6,12877,3.2
538240,84969,BOX OF 6 ASSORTED COLOUR TEASPOONS,3.0,2023-07-10 00:46:22,4.37,12824,13.11
538241,85123A,WHITE HANGING HEART T-LIGHT HOLDER,2.0,2023-10-15 09:38:20,2.66,12927,5.32
538241,85099B,JUMBO BAG RED RETROSPOT,3.0,2023-10-15 09:38:20,2.0,12927,6.0
538242,21730,GLASS STAR FROSTED T-LIGHT HOLDER,2.0,2023-10-27 18:13:12,4.21,12877,8.42
538242,85099F,JUMBO BAG STRAWBERRY,1.0,2023-10-27 18:13:12,1.94,12877,1.94
538243,22384,LUNCH BAG PINK POLKADOT,6.0,2023-03-14 15:06:10,1.73,12357,10.38
538244,22386,JUMBO BAG PINK POLKADOT,4.0,2023-04-24 08:47:50,1.97,12705,7.88
538244,22383,LUNCH BAG SUKI DESIGN,1.0,2023-04-24 08:47:50,1.63,12705,1.63
538244,22086,PAPER CHAIN KIT 50'S CHRISTMAS,4.0,2023-04-24 08:47:50,2.52,12705,10.08
538245,85099F,JUMBO BAG STRAWBERRY,1.0,2023-08-12 01:32:14,1.97,12927,1.97
538245,71053,WHITE METAL LANTERN,3.0,2023-08-12 01:32:14,3.35,12927,10.05
538245,84029E,RED WOOLLY HOTTIE WHITE HEART.,1.0,2023-08-12 01:32:14,3.33,12927,3.33
538245,22632,HAND WARMER RED POLKA DOT,4.0,2023-08-12 01:32:14,1.9,12927,7.6
538246,85099B,JUMBO BAG RED RETROSPOT,3.0,2023-08-29 22:58:41,1.96,12787,5.88
538246,22086,PAPER CHAIN KIT 50'S CHRISTMAS,1.0,2023-08-29 22:58:41,2.61,12787,2.61
538246,22633,HAND WARMER UNION JACK,1.0,2023-08-29 22:58:41,1.8,12787,1.8
538247,20725,LUNCH BAG RED RETROSPOT,2.0,2023-09-22 12:04:28,1.64,12878,3.28
538248,20727,LUNCH BAG BLACK SKULL.,1.0,2023-10-26 03:16:43,1.65,13097,1.65
538250,22310,IVORY KNITTED MUG COSY,1.0,2023-04-13 22:23:20,1.68,12538,1.68
538250,84879,ASSORTED COLOUR BIRD ORNAMENT,1.0,2023-04-13 22:23:20,1.64,12538,1.64
538250,84406B,CREAM CUPID HEARTS COAT HANGER,4.0,2023-04-13 22:23:20,2.74,12538,10.96
538250,47566,PARTY BUNTING,2.0,2023-04-13 22:23:20,4.62,12538,9.24
538250,20725,LUNCH BAG RED RETROSPOT,1.0,2023-04-13 22:23:20,1.73,12538,1.73
538251,47566,PARTY BUNTING,6.0,2023-04-18 00:59:41,4.45,12505,26.7
538251,20727,LUNCH BAG BLACK SKULL.,1.0,2023-04-18 00:59:41,1.7,12505,1.7
538251,21730,GLASS STAR FROSTED T-LIGHT HOLDER,6.0,2023-04-18 00:59:41,4.43,12505,26.58
538252,20725,LUNCH BAG RED RETROSPOT,1.0,2023-08-29 02:28:43,1.63,12736,1.63
538252,22386,JUMBO BAG PINK POLKADOT,1.0,2023-08-29 02:28:43,1.97,12736,1.97
538252,21931,JUMBO STORAGE BAG SUKI,1.0,2023-08-29 02:28:43,2.04,12736,2.04
538252,84029E,RED WOOLLY HOTTIE WHITE HEART.,3.0,2023-08-29 02:28:43,3.28,12736,9.84
538252,22633,HAND WARMER UNION JACK,3.0,2023-08-29 02:28:43,1.78,12736,5.34
538253,84029E,RED WOOLLY HOTTIE WHITE HEART.,6.0,2023-06-15 16:59:42,3.25,13066,19.5
538253,47566,PARTY BUNTING,2.0,2023-06-15 16:59:42,4.49,13066,8.98
538254,47566,PARTY BUNTING,3.0,2023-07-11 17:32:28,4.56,12877,13.68
538256,22384,LUNCH BAG PINK POLKADOT,3.0,2023-06-25 13:10:02,1.63,12619,4.89
538258,20728,LUNCH BAG CARS BLUE,6.0,2023-09-22 09:38:49,1.7,13021,10.2
538258,22411,JUMBO SHOPPER VINTAGE RED PAISLEY,1.0,2023-09-22 09:38:49,1.99,13021,1.99
538259,22384,LUNCH BAG PINK POLKADOT,2.0,2023-08-08 07:56:14,1.66,12877,3.32
538259,84029E,RED WOOLLY HOTTIE WHITE HEART.,2.0,2023-08-08 07:56:14,3.47,12877,6.94
538260,20726,LUNCH BAG WOODLAND,4.0,2023-10-28 20:59:02,1.59,12847,6.36
538261,22382,LUNCH BAG SPACEBOY DESIGN,1.0,2023-10-13 10:49:02,1.69,13063,1.69
538261,22383,LUNCH BAG SUKI DESIGN,2.0,2023-10-13 10:49:02,1.71,13063,3.42
538261,85099B,JUMBO BAG RED RETROSPOT,1.0,2023-10-13 10:49:02,1.93,13063,1.93
538263,71053,WHITE METAL LANTERN,6.0,2023-09-25 02:28:15,3.34,12569,20.04
538263,20728,LUNCH BAG CARS BLUE,1.0,2023-09-25 02:28:15,1.64,12569,1.64
538264,84406B,CREAM CUPID HEARTS COAT HANGER,2.0,2023-06-28 03:11:52,2.69,12824,5.38
538264,85099F,JUMBO BAG STRAWBERRY,2.0,2023-06-28 03:11:52,2.02,12824,4.04
538264,47566,PARTY BUNTING,1.0,2023-06-28 03:11:52,4.51,12824,4.51
538265,84969,BOX OF 6 ASSORTED COLOUR TEASPOONS,2.0,2023-10-04 11:59:55,4.4,12485,8.8
538266,20726,LUNCH BAG WOODLAND,6.0,2023-11-11 18:13:46,1.68,12904,10.08
538266,22086,PAPER CHAIN KIT 50'S CHRISTMAS,1.0,2023-11-11 18:13:46,2.55,12904,2.55
538268,21730,GLASS STAR FROSTED T-LIGHT HOLDER,2.0,2023-08-06 18:20:57,4.4,12819,8.8
538269,84406B,CREAM CUPID HEARTS COAT HANGER,1.0,2023-10-12 00:19:53,2.79,12877,2.79
538269,22386,JUMBO BAG PINK POLKADOT,1.0,2023-10-12 00:19:53,1.98,12877,1.98
538269,22382,LUNCH BAG SPACEBOY DESIGN,1.0,2023-10-12 00:19:53,1.59,12877,1.59
538270,20725,LUNCH BAG RED RETROSPOT,1.0,2023-11-12 12:49:03,1.62,12572,1.62
538270,20728,LUNCH BAG CARS BLUE,1.0,2023-11-12 12:49:03,1.66,12572,1.66
538271,22748,POPPY'S PLAYHOUSE KITCHEN,2.0,2023-07-18 08:35:58,2.0,12606,4.0
538272,21730,GLASS STAR FROSTED T-LIGHT HOLDER,2.0,2023-06-06 04:39:26,4.16,12671,8.32
538272,20726,LUNCH BAG WOODLAND,1.0,2023-06-06 04:39:26,1.65,12671,1.65
538272,20728,LUNCH BAG CARS BLUE,2.0,2023-06-06 04:39:26,1.64,12671,3.28
538272,84879,ASSORTED COLOUR BIRD ORNAMENT,1.0,2023-06-06 04:39:26,1.7,12671,1.7
538272,22382,LUNCH BAG SPACEBOY DESIGN,3.0,2023-06-06 04:39:26,1.57,12671,4.71
538273,22633,HAND WARMER UNION JACK,1.0,2023-03-04 05:48:01,1.76,12749,1.76
538273,85123A,WHITE HANGING HEART T-LIGHT HOLDER,2.0,2023-03-04 05:48:01,2.65,12749,5.3
538273,20727,LUNCH BAG BLACK SKULL.,3.0,2023-03-04 05:48:01,1.57,12749,4.71
538273,22384,LUNCH BAG PINK POLKADOT,2.0,2023-03-04 05:48:01,1.67,12749,3.34
538275,21730,GLASS STAR FROSTED T-LIGHT HOLDER,2.0,2023-04-28 08:54:40,4.2,12914,8.4
538275,21931,JUMBO STORAGE BAG SUKI,6.0,2023-04-28 08:54:40,1.94,12914,11.64
538275,85099B,JUMBO BAG RED RETROSPOT,3.0,2023-04-28 08:54:40,1.89,12914,5.67
538275,22749,POPPY'S PLAYHOUSE LIVINGROOM,4.0,2023-04-28 08:54:40,2.07,12914,8.28
538275,20728,LUNCH BAG CARS BLUE,1.0,2023-04-28 08:54:40,1.58,12914,1.58
538276,22383,LUNCH BAG SUKI DESIGN,3.0,2023-07-14 22:25:08,1.66,12954,4.98
538276,22745,POPPY'S PLAYHOUSE BEDROOM,2.0,2023-07-14 22:25:08,2.13,12954,4.26
538276,84879,ASSORTED COLOUR BIRD ORNAMENT,3.0,2023-07-14 22:25:08,1.72,12954,5.16
538276,22632,HAND WARMER RED POLKA DOT,3.0,2023-07-14 22:25:08,1.87,12954,5.61
538276,22384,LUNCH BAG PINK POLKADOT,1.0,2023-07-14 22:25:08,1.58,12954,1.58
538276,20726,LUNCH BAG WOODLAND,2.0,2023-07-14 22:25:08,1.62,12954,3.24
538277,84029G,KNITTED UNION FLAG HOT WATER BOTTLE,3.0,2023-08-06 02:31:14,3.37,12594,10.11
538277,22382,LUNCH BAG SPACEBOY DESIGN,2.0,2023-08-06 02:31:14,1.65,12594,3.3
538277,22384,LUNCH BAG PINK POLKADOT,4.0,2023-08-06 02:31:14,1.68,12594,6.72
538277,22310,IVORY KNITTED MUG COSY,2.0,2023-08-06 02:31:14,1.65,12594,3.3
538277,20727,LUNCH BAG BLACK SKULL.,1.0,2023-08-06 02:31:14,1.65,12594,1.65
538278,47566,PARTY BUNTING,2.0,2023-11-18 00:10:55,4.52,12817,9.04
538278,22310,IVORY KNITTED MUG COSY,2.0,2023-11-18 00:10:55,1.65,12817,3.3
538278,20725,LUNCH BAG RED RETROSPOT,2.0,2023-11-18 00:10:55,1.69,12817,3.38
538278,22749,POPPY'S PLAYHOUSE LIVINGROOM,3.0,2023-11-18 00:10:55,2.2,12817,6.6
538280,20727,LUNCH BAG BLACK SKULL.,4.0,2023-11-30 05:00:06,1.6,12787,6.4
538280,85123A,WHITE HANGING HEART T-LIGHT HOLDER,4.0,2023-11-30 05:00:06,2.54,12787,10.16
538280,21730,GLASS STAR FROSTED T-LIGHT HOLDER,1.0,2023-11-30 05:00:06,4.35,12787,4.35
538280,85099F,JUMBO BAG STRAWBERRY,2.0,2023-11-30 05:00:06,1.98,12787,3.96
538280,22748,POPPY'S PLAYHOUSE KITCHEN,2.0,2023-11-30 05:00:06,2.14,12787,4.28
538280,84029E,RED WOOLLY HOTTIE WHITE HEART.,4.0,2023-11-30 05:00:06,3.23,12787,12.92
538281,22386,JUMBO BAG PINK POLKADOT,6.0,2023-11-07 16:17:48,1.91,12558,11.46
538281,21730,GLASS STAR FROSTED T-LIGHT HOLDER,1.0,2023-11-07 16:17:48,4.24,12558,4.24
538281,21931,JUMBO STORAGE BAG SUKI,6.0,2023-11-07 16:17:48,1.89,12558,11.34
538281,85123A,WHITE HANGING HEART T-LIGHT HOLDER,1.0,2023-11-07 16:17:48,2.58,12558,2.58
538281,85099F,JUMBO BAG STRAWBERRY,1.0,2023-11-07 16:17:48,1.98,12558,1.98
538282,84406B,CREAM CUPID HEARTS COAT HANGER,1.0,2023-08-05 20:08:34,2.82,12819,2.82
538282,20727,LUNCH BAG BLACK SKULL.,1.0,2023-08-05 20:08:34,1.69,12819,1.69
538282,20728,LUNCH BAG CARS BLUE,2.0,2023-08-05 20:08:34,1.65,12819,3.3
538283,71053,WHITE METAL LANTERN,4.0,2023-09-17 04:58:33,3.28,12431,13.12
538283,22384,LUNCH BAG PINK POLKADOT,1.0,2023-09-17 04:58:33,1.64,12431,1.64
538284,22632,HAND WARMER RED POLKA DOT,6.0,2023-03-18 20:20:24,1.91,12380,11.46
538284,84406B,CREAM CUPID HEARTS COAT HANGER,3.0,2023-03-18 20:20:24,2.76,12380,8.28
538284,20726,LUNCH BAG WOODLAND,1.0,2023-03-18 20:20:24,1.62,12380,1.62
538284,22749,POPPY'S PLAYHOUSE LIVINGROOM,1.0,2023-03-18 20:20:24,2.1,12380,2.1
538284,22086,PAPER CHAIN KIT 50'S CHRISTMAS,3.0,2023-03-18 20:20:24,2.53,12380,7.59
538285,47566,PARTY BUNTING,3.0,2023-09-23 22:48:46,4.75,13094,14.25
538286,84969,BOX OF 6 ASSORTED COLOUR TEASPOONS,2.0,2023-11-08 03:12:21,4.25,12896,8.5
538286,22745,POPPY'S PLAYHOUSE BEDROOM,4.0,2023-11-08 03:12:21,2.05,12896,8.2
538287,21730,GLASS STAR FROSTED T-LIGHT HOLDER,2.0,2023-06-26 15:28:29,4.26,12870,8.52
538287,22310,IVORY KNITTED MUG COSY,1.0,2023-06-26 15:28:29,1.72,12870,1.72
538287,22411,JUMBO SHOPPER VINTAGE RED PAISLEY,1.0,2023-06-26 15:28:29,1.99,12870,1.99
538287,22632,HAND WARMER RED POLKA DOT,6.0,2023-06-26 15:28:29,1.94,12870,11.64
538287,85099B,JUMBO BAG RED RETROSPOT,1.0,2023-06-26 15:28:29,1.93,12870,1.93
538287,84879,ASSORTED COLOUR BIRD ORNAMENT,1.0,2023-06-26 15:28:29,1.63,12870,1.63
538288,22310,IVORY KNITTED MUG COSY,6.0,2023-04-07 05:36:24,1.57,13137,9.42
538288,84029G,KNITTED UNION FLAG HOT WATER BOTTLE,2.0,2023-04-07 05:36:24,3.23,13137,6.46
538288,85099B,JUMBO BAG RED RETROSPOT,3.0,2023-04-07 05:36:24,1.96,13137,5.88
538288,22384,LUNCH BAG PINK POLKADOT,1.0,2023-04-07 05:36:24,1.68,13137,1.68
538289,22086,PAPER CHAIN KIT 50'S CHRISTMAS,4.0,2023-09-07 23:00:57,2.6,12607,10.4
538289,85099B,JUMBO BAG RED RETROSPOT,4.0,2023-09-07 23:00:57,1.87,12607,7.48
538289,22382,LUNCH BAG SPACEBOY DESIGN,3.0,2023-09-07 23:00:57,1.69,12607,5.07
538289,21931,JUMBO STORAGE BAG SUKI,2.0,2023-09-07 23:00:57,1.94,12607,3.88
538290,22384,LUNCH BAG PINK POLKADOT,1.0,2023-06-23 07:47:19,1.67,12815,1.67
538290,22633,HAND WARMER UNION JACK,1.0,2023-06-23 07:47:19,1.82,12815,1.82
538290,22748,POPPY'S PLAYHOUSE KITCHEN,3.0,2023-06-23 07:47:19,2.1,12815,6.3
538290,22386,JUMBO BAG PINK POLKADOT,4.0,2023-06-23 07:47:19,2.01,12815,8.04
538291,84029G,KNITTED UNION FLAG HOT WATER BOTTLE,1.0,2023-10-18 07:57:43,3.24,12524,3.24
538291,84029E,RED WOOLLY HOTTIE WHITE HEART.,2.0,2023-10-18 07:57:43,3.45,12524,6.9
538291,22633,HAND WARMER UNION JACK,1.0,2023-10-18 07:57:43,1.89,12524,1.89
538291,22310,IVORY KNITTED MUG COSY,1.0,2023-10-18 07:57:43,1.64,12524,1.64
538292,20726,LUNCH BAG WOODLAND,2.0,2023-09-26 02:00:18,1.64,12878,3.28
538293,21931,JUMBO STORAGE BAG SUKI,1.0,2023-08-26 14:54:47,2.04,12426,2.04
538293,20727,LUNCH BAG BLACK SKULL.,3.0,2023-08-26 14:54:47,1.61,12426,4.83
538293,20728,LUNCH BAG CARS BLUE,4.0,2023-08-26 14:54:47,1.66,12426,6.64
538294,20726,LUNCH BAG WOODLAND,1.0,2023-04-05 12:00:55,1.69,13021,1.69
538294,22632,HAND WARMER RED POLKA DOT,2.0,2023-04-05 12:00:55,1.81,13021,3.62
538294,22633,HAND WARMER UNION JACK,3.0,2023-04-05 12:00:55,1.91,13021,5.73
538296,21931,JUMBO STORAGE BAG SUKI,6.0,2023-11-22 15:03:35,1.93,12868,11.58
538296,22749,POPPY'S PLAYHOUSE LIVINGROOM,1.0,2023-11-22 15:03:35,2.01,12868,2.01
538296,84879,ASSORTED COLOUR BIRD ORNAMENT,1.0,2023-11-22 15:03:35,1.67,12868,1.67
538297,22382,LUNCH BAG SPACEBOY DESIGN,3.0,2023-05-07 03:04:41,1.62,12588,4.86
538297,22748,POPPY'S PLAYHOUSE KITCHEN,4.0,2023-05-07 03:04:41,2.0,12588,8.0
538297,85123A,WHITE HANGING HEART T-LIGHT HOLDER,1.0,2023-05-07 03:04:41,2.43,12588,2.43
538298,20726,LUNCH BAG WOODLAND,3.0,2023-08-24 09:35:35,1.72,12803,5.16
538298,84406B,CREAM CUPID HEARTS COAT HANGER,2.0,2023-08-24 09:35:35,2.63,12803,5.26
538299,22632,HAND WARMER RED POLKA DOT,3.0,2023-03-16 02:54:55,1.77,12844,5.31
538300,20728,LUNCH BAG CARS BLUE,1.0,2023-08-26 05:03:16,1.67,12877,1.67
538300,22386,JUMBO BAG PINK POLKADOT,1.0,2023-08-26 05:03:16,1.96,12877,1.96
538300,22310,IVORY KNITTED MUG COSY,1.0,2023-08-26 05:03:16,1.72,12877,1.72
538302,22382,LUNCH BAG SPACEBOY DESIGN,1.0,2023-08-31 12:42:45,1.65,12616,1.65
538302,22384,LUNCH BAG PINK POLKADOT,4.0,2023-08-31 12:42:45,1.7,12616,6.8
538302,71053,WHITE METAL LANTERN,1.0,2023-08-31 12:42:45,3.4,12616,3.4
538303,22310,IVORY KNITTED MUG COSY,3.0,2023-12-04 17:44:13,1.62,12827,4.86
538304,20728,LUNCH BAG CARS BLUE,2.0,2023-05-28 23:46:37,1.68,12878,3.36
538304,20726,LUNCH BAG WOODLAND,1.0,2023-05-28 23:46:37,1.68,12878,1.68
538305,22411,JUMBO SHOPPER VINTAGE RED PAISLEY,1.0,2023-06-27 02:26:07,1.85,12415,1.85
538305,22749,POPPY'S PLAYHOUSE LIVINGROOM,4.0,2023-06-27 02:26:07,2.14,12415,8.56
538305,20728,LUNCH BAG CARS BLUE,1.0,2023-06-27 02:26:07,1.7,12415,1.7
538305,22384,LUNCH BAG PINK POLKADOT,6.0,2023-06-27 02:26:07,1.6,12415,9.6
538305,22386,JUMBO BAG PINK POLKADOT,3.0,2023-06-27 02:26:07,2.02,12415,6.06
538306,20728,LUNCH BAG CARS BLUE,3.0,2023-08-21 18:23:57,1.69,12353,5.07
538306,22383,LUNCH BAG SUKI DESIGN,6.0,2023-08-21 18:23:57,1.64,12353,9.84
538306,21730,GLASS STAR FROSTED T-LIGHT HOLDER,2.0,2023-08-21 18:23:57,4.4,12353,8.8
538306,22382,LUNCH BAG SPACEBOY DESIGN,2.0,2023-08-21 18:23:57,1.67,12353,3.34
538306,85123A,WHITE HANGING HEART T-LIGHT HOLDER,4.0,2023-08-21 18:23:57,2.48,12353,9.92
538306,22411,JUMBO SHOPPER VINTAGE RED PAISLEY,3.0,2023-08-21 18:23:57,1.96,12353,5.88
538309,22386,JUMBO BAG PINK POLKADOT,1.0,2023-09-06 23:15:21,1.9,12731,1.9
538310,22382,LUNCH BAG SPACEBOY DESIGN,1.0,2023-09-26 13:53:16,1.65,12798,1.65
538311,22310,IVORY KNITTED MUG COSY,1.0,2023-07-07 14:51:42,1.59,12878,1.59
538311,20726,LUNCH BAG WOODLAND,1.0,2023-07-07 14:51:42,1.59,12878,1.59
538311,22749,POPPY'S PLAYHOUSE LIVINGROOM,3.0,2023-07-07 14:51:42,2.0,12878,6.0
538311,84406B,CREAM CUPID HEARTS COAT HANGER,1.0,2023-07-07 14:51:42,2.87,12878,2.87
538311,22633,HAND WARMER UNION JACK,1.0,2023-07-07 14:51:42,1.79,12878,1.79
538311,22411,JUMBO SHOPPER VINTAGE RED PAISLEY,1.0,2023-07-07 14:51:42,1.94,12878,1.94
538312,20726,LUNCH BAG WOODLAND,4.0,2023-08-08 14:47:27,1.71,12810,6.84
538313,20726,LUNCH BAG WOODLAND,3.0,2023-08-31 08:02:33,1.6,12878,4.8
538313,85123A,WHITE HANGING HEART T-LIGHT HOLDER,1.0,2023-08-31 08:02:33,2.46,12878,2.46
538313,84406B,CREAM CUPID HEARTS COAT HANGER,2.0,2023-08-31 08:02:33,2.67,12878,5.34
538313,22382,LUNCH BAG SPACEBOY DESIGN,1.0,2023-08-31 08:02:33,1.62,12878,1.62
538313,20725,LUNCH BAG RED RETROSPOT,1.0,2023-08-31 08:02:33,1.71,12878,1.71
538315,22632,HAND WARMER RED POLKA DOT,1.0,2023-11-22 00:19:52,1.93,13026,1.93
538315,71053,WHITE METAL LANTERN,2.0,2023-11-22 00:19:52,3.3,13026,6.6
538315,22383,LUNCH BAG SUKI DESIGN,4.0,2023-11-22 00:19:52,1.7,13026,6.8
538315,20727,LUNCH BAG BLACK SKULL.,2.0,2023-11-22 00:19:52,1.69,13026,3.38
538316,22386,JUMBO BAG PINK POLKADOT,2.0,2023-03-13 13:02:07,1.95,12503,3.9
538316,84029G,KNITTED UNION FLAG HOT WATER BOTTLE,2.0,2023-03-13 13:02:07,3.37,12503,6.74
538316,21730,GLASS STAR FROSTED T-LIGHT HOLDER,6.0,2023-03-13 13:02:07,4.39,12503,26.34
538317,22382,LUNCH BAG SPACEBOY DESIGN,1.0,2023-02-01 10:08:09,1.62,12586,1.62
538320,47566,PARTY BUNTING,2.0,2023-09-03 05:05:29,4.82,13083,9.64
538320,21931,JUMBO STORAGE BAG SUKI,3.0,2023-09-03 05:05:29,1.98,13083,5.94
538320,22411,JUMBO SHOPPER VINTAGE RED PAISLEY,2.0,2023-09-03 05:05:29,1.87,13083,3.74
538320,84969,BOX OF 6 ASSORTED COLOUR TEASPOONS,1.0,2023-09-03 05:05:29,4.15,13083,4.15
538322,22383,LUNCH BAG SUKI DESIGN,1.0,2023-06-22 01:56:08,1.64,12864,1.64
538322,20727,LUNCH BAG BLACK SKULL.,2.0,2023-06-22 01:56:08,1.66,12864,3.32
538322,85123A,WHITE HANGING HEART T-LIGHT HOLDER,4.0,2023-06-22 01:56:08,2.61,12864,10.44
538322,22633,HAND WARMER UNION JACK,4.0,2023-06-22 01:56:08,1.93,12864,7.72
538323,85123A,WHITE HANGING HEART T-LIGHT HOLDER,1.0,2023-01-27 09:18:40,2.65,12712,2.65
538325,22633,HAND WARMER UNION JACK,1.0,2023-11-28 12:27:50,1.81,12459,1.81
538325,22382,LUNCH BAG SPACEBOY DESIGN,2.0,2023-11-28 12:27:50,1.71,12459,3.42
538325,85099F,JUMBO BAG STRAWBERRY,1.0,2023-11-28 12:27:50,2.01,12459,2.01
538325,20727,LUNCH BAG BLACK SKULL.,3.0,2023-11-28 12:27:50,1.69,12459,5.07
538327,22086,PAPER CHAIN KIT 50'S CHRISTMAS,3.0,2023-12-09 11:16:26,2.56,12458,7.68
538327,85099F,JUMBO BAG STRAWBERRY,1.0,2023-12-09 11:16:26,2.04,12458,2.04
538327,20725,LUNCH BAG RED RETROSPOT,4.0,2023-12-09 11:16:26,1.66,12458,6.64
538327,22632,HAND WARMER RED POLKA DOT,1.0,2023-12-09 11:16:26,1.79,12458,1.79
538327,22411,JUMBO SHOPPER VINTAGE RED PAISLEY,1.0,2023-12-09 11:16:26,2.03,12458,2.03
538328,21730,GLASS STAR FROSTED T-LIGHT HOLDER,4.0,2023-07-08 17:30:20,4.38,12877,17.52
538328,84029G,KNITTED UNION FLAG HOT WATER BOTTLE,2.0,2023-07-08 17:30:20,3.54,12877,7.08
538332,85099B,JUMBO BAG RED RETROSPOT,3.0,2023-07-16 02:06:36,1.96,12850,5.88
538332,47566,PARTY BUNTING,1.0,2023-07-16 02:06:36,4.55,12850,4.55
538332,85123A,WHITE HANGING HEART T-LIGHT HOLDER,3.0,2023-07-16 02:06:36,2.46,12850,7.38
538332,22411,JUMBO SHOPPER VINTAGE RED PAISLEY,4.0,2023-07-16 02:06:36,2.01,12850,8.04
538334,71053,WHITE METAL LANTERN,2.0,2023-09-12 20:46:11,3.28,12877,6.56
538335,21931,JUMBO STORAGE BAG SUKI,2.0,2023-07-04 13:28:23,1.89,12864,3.78
538335,22386,JUMBO BAG PINK POLKADOT,1.0,2023-07-04 13:28:23,1.93,12864,1.93
538335,20728,LUNCH BAG CARS BLUE,1.0,2023-07-04 13:28:23,1.62,12864,1.62
538335,85099B,JUMBO BAG RED RETROSPOT,1.0,2023-07-04 13:28:23,2.02,12864,2.02
538335,20727,LUNCH BAG BLACK SKULL.,2.0,2023-07-04 13:28:23,1.72,12864,3.44
538337,22745,POPPY'S PLAYHOUSE BEDROOM,1.0,2023-04-21 01:32:31,2.0,13071,2.0
538337,20726,LUNCH BAG WOODLAND,1.0,2023-04-21 01:32:31,1.63,13071,1.63
538338,84029E,RED WOOLLY HOTTIE WHITE HEART.,6.0,2023-11-20 05:48:53,3.44,12747,20.64
538339,22749,POPPY'S PLAYHOUSE LIVINGROOM,4.0,2023-11-29 13:45:58,2.17,12464,8.68
538339,20726,LUNCH BAG WOODLAND,4.0,2023-11-29 13:45:58,1.68,12464,6.72
538339,22411,JUMBO SHOPPER VINTAGE RED PAISLEY,3.0,2023-11-29 13:45:58,1.95,12464,5.85
538339,84029E,RED WOOLLY HOTTIE WHITE HEART.,2.0,2023-11-29 13:45:58,3.28,12464,6.56
538340,85099B,JUMBO BAG RED RETROSPOT,4.0,2023-10-11 06:42:36,1.99,12537,7.96
538340,47566,PARTY BUNTING,3.0,2023-10-11 06:42:36,4.88,12537,14.64
538340,84406B,CREAM CUPID HEARTS COAT HANGER,2.0,2023-10-11 06:42:36,2.7,12537,5.4
538340,22383,LUNCH BAG SUKI DESIGN,3.0,2023-10-11 06:42:36,1.68,12537,5.04
538342,22384,LUNCH BAG PINK POLKADOT,1.0,2023-06-29 10:43:41,1.67,12999,1.67
538342,21730,GLASS STAR FROSTED T-LIGHT HOLDER,2.0,2023-06-29 10:43:41,4.31,12999,8.62
538342,20726,LUNCH BAG WOODLAND,2.0,2023-06-29 10:43:41,1.71,12999,3.42
538342,22411,JUMBO SHOPPER VINTAGE RED PAISLEY,2.0,2023-06-29 10:43:41,1.88,12999,3.76
538344,22383,LUNCH BAG SUKI DESIGN,2.0,2023-07-12 15:06:49,1.58,12877,3.16
538345,22632,HAND WARMER RED POLKA DOT,2.0,2023-08-25 00:22:40,1.91,12877,3.82
538345,22382,LUNCH BAG SPACEBOY DESIGN,4.0,2023-08-25 00:22:40,1.72,12877,6.88
538345,22086,PAPER CHAIN KIT 50'S CHRISTMAS,4.0,2023-08-25 00:22:40,2.54,12877,10.16
538346,20728,LUNCH BAG CARS BLUE,1.0,2023-05-08 01:32:19,1.61,12845,1.61
538346,22745,POPPY'S PLAYHOUSE BEDROOM,4.0,2023-05-08 01:32:19,2.05,12845,8.2
538347,84406B,CREAM CUPID HEARTS COAT HANGER,3.0,2023-10-19 20:38:01,2.69,12401,8.07
538347,47566,PARTY BUNTING,2.0,2023-10-19 20:38:01,4.79,12401,9.58
538347,21730,GLASS STAR FROSTED T-LIGHT HOLDER,2.0,2023-10-19 20:38:01,4.38,12401,8.76
538348,20728,LUNCH BAG CARS BLUE,1.0,2023-06-10 13:31:07,1.72,12674,1.72
538348,22749,POPPY'S PLAYHOUSE LIVINGROOM,1.0,2023-06-10 13:31:07,2.12,12674,2.12
538349,21730,GLASS STAR FROSTED T-LIGHT HOLDER,3.0,2023-03-29 16:10:28,4.27,12877,12.81
538350,47566,PARTY BUNTING,2.0,2023-09-10 05:49:24,4.52,12438,9.04
538350,22632,HAND WARMER RED POLKA DOT,2.0,2023-09-10 05:49:24,1.85,12438,3.7
538350,20728,LUNCH BAG CARS BLUE,2.0,2023-09-10 05:49:24,1.73,12438,3.46
538350,22386,JUMBO BAG PINK POLKADOT,3.0,2023-09-10 05:49:24,1.97,12438,5.91
538351,22310,IVORY KNITTED MUG COSY,1.0,2023-09-02 00:35:28,1.71,12890,1.71
538351,22382,LUNCH BAG SPACEBOY DESIGN,2.0,2023-09-02 00:35:28,1.67,12890,3.34
538351,22386,JUMBO BAG PINK POLKADOT,3.0,2023-09-02 00:35:28,1.97,12890,5.91
538351,22411,JUMBO SHOPPER VINTAGE RED PAISLEY,3.0,2023-09-02 00:35:28,1.86,12890,5.58
538352,47566,PARTY BUNTING,6.0,2023-08-31 16:24:05,4.59,12651,27.54
538352,84406B,CREAM CUPID HEARTS COAT HANGER,3.0,2023-08-31 16:24:05,2.77,12651,8.31
538352,22382,LUNCH BAG SPACEBOY DESIGN,1.0,2023-08-31 16:24:05,1.64,12651,1.64
538352,21730,GLASS STAR FROSTED T-LIGHT HOLDER,6.0,2023-08-31 16:24:05,4.29,12651,25.74
538353,85123A,WHITE HANGING HEART T-LIGHT HOLDER,3.0,2023-08-18 23:48:18,2.46,12379,7.38
538353,21931,JUMBO STORAGE BAG SUKI,1.0,2023-08-18 23:48:18,1.93,12379,1.93
538353,85099F,JUMBO BAG STRAWBERRY,2.0,2023-08-18 23:48:18,1.98,12379,3.96
538353,47566,PARTY BUNTING,1.0,2023-08-18 23:48:18,4.45,12379,4.45
538354,22745,POPPY'S PLAYHOUSE BEDROOM,1.0,2023-08-27 09:54:34,2.04,13131,2.04
538354,22382,LUNCH BAG SPACEBOY DESIGN,1.0,2023-08-27 09:54:34,1.67,13131,1.67
538354,84029G,KNITTED UNION FLAG HOT WATER BOTTLE,1.0,2023-08-27 09:54:34,3.24,13131,3.24
538354,22749,POPPY'S PLAYHOUSE LIVINGROOM,3.0,2023-08-27 09:54:34,2.03,13131,6.09
538354,22086,PAPER CHAIN KIT 50'S CHRISTMAS,1.0,2023-08-27 09:54:34,2.51,13131,2.51
538356,71053,WHITE METAL LANTERN,1.0,2023-09-06 17:38:33,3.45,13087,3.45
538356,22386,JUMBO BAG PINK POLKADOT,2.0,2023-09-06 17:38:33,1.95,13087,3.9
538356,22384,LUNCH BAG PINK POLKADOT,1.0,2023-09-06 17:38:33,1.64,13087,1.64
538356,22310,IVORY KNITTED MUG COSY,3.0,2023-09-06 17:38:33,1.72,13087,5.16
538356,21931,JUMBO STORAGE BAG SUKI,2.0,2023-09-06 17:38:33,2.04,13087,4.08
538359,22411,JUMBO SHOPPER VINTAGE RED PAISLEY,2.0,2023-07-25 00:39:11,1.93,12588,3.86
538359,22384,LUNCH BAG PINK POLKADOT,1.0,2023-07-25 00:39:11,1.6,12588,1.6
538359,21931,JUMBO STORAGE BAG SUKI,2.0,2023-07-25 00:39:11,1.94,12588,3.88
538359,20727,LUNCH BAG BLACK SKULL.,3.0,2023-07-25 00:39:11,1.72,12588,5.16
538360,22745,POPPY'S PLAYHOUSE BEDROOM,6.0,2023-06-29 02:29:04,2.02,13145,12.12
538360,71053,WHITE METAL LANTERN,1.0,2023-06-29 02:29:04,3.42,13145,3.42
538360,20727,LUNCH BAG BLACK SKULL.,3.0,2023-06-29 02:29:04,1.66,13145,4.98
538362,20726,LUNCH BAG WOODLAND,4.0,2023-11-20 19:05:33,1.68,12787,6.72
538362,22382,LUNCH BAG SPACEBOY DESIGN,3.0,2023-11-20 19:05:33,1.72,12787,5.16
538362,85099F,JUMBO BAG STRAWBERRY,2.0,2023-11-20 19:05:33,1.94,12787,3.88
538362,22384,LUNCH BAG PINK POLKADOT,3.0,2023-11-20 19:05:33,1.69,12787,5.07
538362,20728,LUNCH BAG CARS BLUE,2.0,2023-11-20 19:05:33,1.69,12787,3.38
538363,85099B,JUMBO BAG RED RETROSPOT,6.0,2023-11-10 05:18:52,1.91,12877,11.46
538364,22386,JUMBO BAG PINK POLKADOT,1.0,2023-12-10 08:03:09,1.93,13046,1.93
538364,22745,POPPY'S PLAYHOUSE BEDROOM,1.0,2023-12-10 08:03:09,2.2,13046,2.2
538365,22310,IVORY KNITTED MUG COSY,2.0,2023-08-19 04:02:25,1.71,12574,3.42
538365,20727,LUNCH BAG BLACK SKULL.,1.0,2023-08-19 04:02:25,1.61,12574,1.61
538365,21931,JUMBO STORAGE BAG SUKI,6.0,2023-08-19 04:02:25,1.89,12574,11.34
538365,22748,POPPY'S PLAYHOUSE KITCHEN,2.0,2023-08-19 04:02:25,2.02,12574,4.04
538366,22633,HAND WARMER UNION JACK,6.0,2023-11-22 21:19:01,1.85,12376,11.1
538366,20725,LUNCH BAG RED RETROSPOT,1.0,2023-11-22 21:19:01,1.58,12376,1.58
538366,22310,IVORY KNITTED MUG COSY,2.0,2023-11-22 21:19:01,1.73,12376,3.46
538368,20725,LUNCH BAG RED RETROSPOT,3.0,2023-08-29 10:04:20,1.66,12940,4.98
538368,85099F,JUMBO BAG STRAWBERRY,3.0,2023-08-29 10:04:20,1.89,12940,5.67
538368,22384,LUNCH BAG PINK POLKADOT,1.0,2023-08-29 10:04:20,1.6,12940,1.6
538368,21931,JUMBO STORAGE BAG SUKI,1.0,2023-08-29 10:04:20,1.91,12940,1.91
538368,22086,PAPER CHAIN KIT 50'S CHRISTMAS,2.0,2023-08-29 10:04:20,2.57,12940,5.14
538369,20727,LUNCH BAG BLACK SKULL.,1.0,2023-05-30 10:23:15,1.62,12877,1.62
538370,22633,HAND WARMER UNION JACK,2.0,2023-12-04 08:03:25,1.83,12588,3.66
538370,47566,PARTY BUNTING,6.0,2023-12-04 08:03:25,4.55,12588,27.3
538370,22383,LUNCH BAG SUKI DESIGN,2.0,2023-12-04 08:03:25,1.6,12588,3.2
538371,47566,PARTY BUNTING,1.0,2023-05-28 20:34:14,4.68,12920,4.68
538371,20726,LUNCH BAG WOODLAND,6.0,2023-05-28 20:34:14,1.64,12920,9.84
538371,22748,POPPY'S PLAYHOUSE KITCHEN,1.0,2023-05-28 20:34:14,2.05,12920,2.05
538371,21931,JUMBO STORAGE BAG SUKI,4.0,2023-05-28 20:34:14,1.96,12920,7.84
538371,22386,JUMBO BAG PINK POLKADOT,4.0,2023-05-28 20:34:14,1.89,12920,7.56
538371,84969,BOX OF 6 ASSORTED COLOUR TEASPOONS,2.0,2023-05-28 20:34:14,4.31,12920,8.62
538372,22411,JUMBO SHOPPER VINTAGE RED PAISLEY,4.0,2023-07-26 17:30:14,1.88,12357,7.52
538373,22411,JUMBO SHOPPER VINTAGE RED PAISLEY,1.0,2023-12-06 22:29:06,2.02,13030,2.02
538373,84406B,CREAM CUPID HEARTS COAT HANGER,2.0,2023-12-06 22:29:06,2.66,13030,5.32
538373,84879,ASSORTED COLOUR BIRD ORNAMENT,3.0,2023-12-06 22:29:06,1.69,13030,5.07
538373,22632,HAND WARMER RED POLKA DOT,4.0,2023-12-06 22:29:06,1.82,13030,7.28
538373,22386,JUMBO BAG PINK POLKADOT,6.0,2023-12-06 22:29:06,1.97,13030,11.82
538375,22748,POPPY'S PLAYHOUSE KITCHEN,2.0,2023-12-02 19:16:20,2.18,12396,4.36
538375,22411,JUMBO SHOPPER VINTAGE RED PAISLEY,6.0,2023-12-02 19:16:20,2.0,12396,12.0
538375,84406B,CREAM CUPID HEARTS COAT HANGER,3.0,2023-12-02 19:16:20,2.7,12396,8.1
538375,85099B,JUMBO BAG RED RETROSPOT,4.0,2023-12-02 19:16:20,1.97,12396,7.88
538375,20728,LUNCH BAG CARS BLUE,1.0,2023-12-02 19:16:20,1.72,12396,1.72
538376,84029G,KNITTED UNION FLAG HOT WATER BOTTLE,1.0,2023-06-04 23:43:26,3.53,12868,3.53
538376,22633,HAND WARMER UNION JACK,2.0,2023-06-04 23:43:26,1.81,12868,3.62
538376,84406B,CREAM CUPID HEARTS COAT HANGER,1.0,2023-06-04 23:43:26,2.62,12868,2.62
538376,22310,IVORY KNITTED MUG COSY,1.0,2023-06-04 23:43:26,1.61,12868,1.61
538376,22086,PAPER CHAIN KIT 50'S CHRISTMAS,6.0,2023-06-04 23:43:26,2.65,12868,15.9
538376,47566,PARTY BUNTING,4.0,2023-06-04 23:43:26,4.87,12868,19.48
538377,22411,JUMBO SHOPPER VINTAGE RED PAISLEY,2.0,2023-06-11 23:12:24,1.96,12821,3.92
538377,22633,HAND WARMER UNION JACK,4.0,2023-06-11 23:12:24,1.84,12821,7.36
538377,47566,PARTY BUNTING,1.0,2023-06-11 23:12:24,4.86,12821,4.86
538377,22745,POPPY'S PLAYHOUSE BEDROOM,2.0,2023-06-11 23:12:24,2.13,12821,4.26
538377,22386,JUMBO BAG PINK POLKADOT,4.0,2023-06-11 23:12:24,1.87,12821,7.48
538377,22749,POPPY'S PLAYHOUSE LIVINGROOM,1.0,2023-06-11 23:12:24,2.16,12821,2.16
538378,22086,PAPER CHAIN KIT 50'S CHRISTMAS,2.0,2023-04-05 13:21:51,2.62,13062,5.24
538378,21730,GLASS STAR FROSTED T-LIGHT HOLDER,1.0,2023-04-05 13:21:51,4.21,13062,4.21
538379,84029E,RED WOOLLY HOTTIE WHITE HEART.,1.0,2023-10-04 08:38:23,3.27,12911,3.27
538379,20728,LUNCH BAG CARS BLUE,2.0,2023-10-04 08:38:23,1.7,12911,3.4
538379,84969,BOX OF 6 ASSORTED COLOUR TEASPOONS,1.0,2023-10-04 08:38:23,4.19,12911,4.19
538379,22633,HAND WARMER UNION JACK,1.0,2023-10-04 08:38:23,1.85,12911,1.85
538379,84029G,KNITTED UNION FLAG HOT WATER BOTTLE,4.0,2023-10-04 08:38:23,3.46,12911,13.84
538379,84879,ASSORTED COLOUR BIRD ORNAMENT,4.0,2023-10-04 08:38:23,1.62,12911,6.48
538380,84029E,RED WOOLLY HOTTIE WHITE HEART.,1.0,2023-07-03 15:29:23,3.37,12586,3.37
538380,21730,GLASS STAR FROSTED T-LIGHT HOLDER,3.0,2023-07-03 15:29:23,4.28,12586,12.84
538380,85099F,JUMBO BAG STRAWBERRY,6.0,2023-07-03 15:29:23,2.04,12586,12.24
538380,22745,POPPY'S PLAYHOUSE BEDROOM,4.0,2023-07-03 15:29:23,2.17,12586,8.68
538381,84029G,KNITTED UNION FLAG HOT WATER BOTTLE,1.0,2023-11-27 21:13:07,3.25,12819,3.25
538381,22386,JUMBO BAG PINK POLKADOT,2.0,2023-11-27 21:13:07,1.89,12819,3.78
538381,47566,PARTY BUNTING,1.0,2023-11-27 21:13:07,4.57,12819,4.57
538381,21931,JUMBO STORAGE BAG SUKI,1.0,2023-11-27 21:13:07,2.03,12819,2.03
538381,22383,LUNCH BAG SUKI DESIGN,6.0,2023-11-27 21:13:07,1.6,12819,9.6
538382,22386,JUMBO BAG PINK POLKADOT,2.0,2023-09-20 01:36:31,1.89,12877,3.78
538382,84969,BOX OF 6 ASSORTED COLOUR TEASPOONS,4.0,2023-09-20 01:36:31,4.19,12877,16.76
538382,84406B,CREAM CUPID HEARTS COAT HANGER,2.0,2023-09-20 01:36:31,2.85,12877,5.7
538382,71053,WHITE METAL LANTERN,6.0,2023-09-20 01:36:31,3.51,12877,21.06
538382,21730,GLASS STAR FROSTED T-LIGHT HOLDER,1.0,2023-09-20 01:36:31,4.17,12877,4.17
538383,84879,ASSORTED COLOUR BIRD ORNAMENT,1.0,2023-09-15 19:33:25,1.71,12877,1.71
538383,22086,PAPER CHAIN KIT 50'S CHRISTMAS,2.0,2023-09-15 19:33:25,2.61,12877,5.22
538383,47566,PARTY BUNTING,4.0,2023-09-15 19:33:25,4.86,12877,19.44
538384,22086,PAPER CHAIN KIT 50'S CHRISTMAS,1.0,2023-09-12 01:26:24,2.48,12877,2.48
538384,21730,GLASS STAR FROSTED T-LIGHT HOLDER,2.0,2023-09-12 01:26:24,4.21,12877,8.42
538384,22383,LUNCH BAG SUKI DESIGN,1.0,2023-09-12 01:26:24,1.68,12877,1.68
538384,20725,LUNCH BAG RED RETROSPOT,1.0,2023-09-12 01:26:24,1.61,12877,1.61
538385,22386,JUMBO BAG PINK POLKADOT,2.0,2023-09-08 06:16:43,1.9,12584,3.8
538386,22386,JUMBO BAG PINK POLKADOT,4.0,2023-07-03 21:49:07,1.91,12736,7.64
538386,71053,WHITE METAL LANTERN,1.0,2023-07-03 21:49:07,3.53,12736,3.53
538386,84029G,KNITTED UNION FLAG HOT WATER BOTTLE,2.0,2023-07-03 21:49:07,3.3,12736,6.6
538387,84029E,RED WOOLLY HOTTIE WHITE HEART.,1.0,2023-03-29 06:35:41,3.55,12749,3.55
538387,85099B,JUMBO BAG RED RETROSPOT,1.0,2023-03-29 06:35:41,1.94,12749,1.94
538388,20728,LUNCH BAG CARS BLUE,1.0,2023-07-26 01:56:38,1.58,12792,1.58
538388,84029G,KNITTED UNION FLAG HOT WATER BOTTLE,2.0,2023-07-26 01:56:38,3.52,12792,7.04
538388,84879,ASSORTED COLOUR BIRD ORNAMENT,3.0,2023-07-26 01:56:38,1.66,12792,4.98
538388,21730,GLASS STAR FROSTED T-LIGHT HOLDER,2.0,2023-07-26 01:56:38,4.24,12792,8.48
538389,22384,LUNCH BAG PINK POLKADOT,2.0,2023-09-01 08:30:36,1.61,12878,3.22
538390,22384,LUNCH BAG PINK POLKADOT,3.0,2023-09-22 02:14:34,1.71,13017,5.13
538390,47566,PARTY BUNTING,1.0,2023-09-22 02:14:34,4.82,13017,4.82
538390,21730,GLASS STAR FROSTED T-LIGHT HOLDER,1.0,2023-09-22 02:14:34,4.26,13017,4.26
538390,22086,PAPER CHAIN KIT 50'S CHRISTMAS,1.0,2023-09-22 02:14:34,2.48,13017,2.48
538390,84029E,RED WOOLLY HOTTIE WHITE HEART.,1.0,2023-09-22 02:14:34,3.47,13017,3.47
538391,22382,LUNCH BAG SPACEBOY DESIGN,2.0,2023-08-24 10:28:09,1.69,12916,3.38
538392,22748,POPPY'S PLAYHOUSE KITCHEN,2.0,2023-07-11 12:59:06,2.15,12845,4.3
538392,47566,PARTY BUNTING,2.0,2023-07-11 12:59:06,4.45,12845,8.9
538392,21931,JUMBO STORAGE BAG SUKI,1.0,2023-07-11 12:59:06,1.91,12845,1.91
538392,22745,POPPY'S PLAYHOUSE BEDROOM,3.0,2023-07-11 12:59:06,2.08,12845,6.24
538393,22632,HAND WARMER RED POLKA DOT,3.0,2023-12-04 11:32:07,1.77,12692,5.31
538393,84969,BOX OF 6 ASSORTED COLOUR TEASPOONS,3.0,2023-12-04 11:32:07,4.13,12692,12.39
538393,22383,LUNCH BAG SUKI DESIGN,2.0,2023-12-04 11:32:07,1.63,12692,3.26
538395,84406B,CREAM CUPID HEARTS COAT HANGER,4.0,2023-06-17 10:18:23,2.69,12868,10.76
538395,84879,ASSORTED COLOUR BIRD ORNAMENT,1.0,2023-06-17 10:18:23,1.62,12868,1.62
538395,47566,PARTY BUNTING,1.0,2023-06-17 10:18:23,4.55,12868,4.55
538396,84029E,RED WOOLLY HOTTIE WHITE HEART.,4.0,2023-10-13 23:08:04,3.5,12736,14.0
538396,84879,ASSORTED COLOUR BIRD ORNAMENT,2.0,2023-10-13 23:08:04,1.75,12736,3.5
538396,20725,LUNCH BAG RED RETROSPOT,1.0,2023-10-13 23:08:04,1.72,12736,1.72
538396,84969,BOX OF 6 ASSORTED COLOUR TEASPOONS,1.0,2023-10-13 23:08:04,4.32,12736,4.32
538397,71053,WHITE METAL LANTERN,1.0,2023-11-28 12:19:57,3.31,12810,3.31
538397,20726,LUNCH BAG WOODLAND,2.0,2023-11-28 12:19:57,1.73,12810,3.46
538397,22749,POPPY'S PLAYHOUSE LIVINGROOM,3.0,2023-11-28 12:19:57,2.08,12810,6.24
538398,85099F,JUMBO BAG STRAWBERRY,1.0,2023-09-23 06:12:31,1.95,13123,1.95
538399,84969,BOX OF 6 ASSORTED COLOUR TEASPOONS,4.0,2023-04-24 06:22:12,4.25,13107,17.0
538399,22745,POPPY'S PLAYHOUSE BEDROOM,6.0,2023-04-24 06:22:12,2.02,13107,12.12
538400,20726,LUNCH BAG WOODLAND,3.0,2023-08-17 00:53:01,1.69,12844,5.07
538400,84969,BOX OF 6 ASSORTED COLOUR TEASPOONS,1.0,2023-08-17 00:53:01,4.27,12844,4.27
538400,22748,POPPY'S PLAYHOUSE KITCHEN,4.0,2023-08-17 00:53:01,2.13,12844,8.52
538402,20728,LUNCH BAG CARS BLUE,3.0,2023-08-19 08:49:47,1.72,13030,5.16
538402,22310,IVORY KNITTED MUG COSY,1.0,2023-08-19 08:49:47,1.6,13030,1.6
538402,84029G,KNITTED UNION FLAG HOT WATER BOTTLE,1.0,2023-08-19 08:49:47,3.41,13030,3.41
538403,20727,LUNCH BAG BLACK SKULL.,3.0,2023-11-01 20:30:47,1.65,12877,4.95
538403,20728,LUNCH BAG CARS BLUE,1.0,2023-11-01 20:30:47,1.63,12877,1.63
538403,21931,JUMBO STORAGE BAG SUKI,6.0,2023-11-01 20:30:47,1.94,12877,11.64
538403,84879,ASSORTED COLOUR BIRD ORNAMENT,3.0,2023-11-01 20:30:47,1.61,12877,4.83
538404,22386,JUMBO BAG PINK POLKADOT,4.0,2023-03-17 20:32:39,1.89,12472,7.56
538404,84029E,RED WOOLLY HOTTIE WHITE HEART.,1.0,2023-03-17 20:32:39,3.24,12472,3.24
538406,20726,LUNCH BAG WOODLAND,2.0,2023-05-23 09:25:06,1.58,12821,3.16
538406,84029E,RED WOOLLY HOTTIE WHITE HEART.,2.0,2023-05-23 09:25:06,3.46,12821,6.92
538407,22086,PAPER CHAIN KIT 50'S CHRISTMAS,1.0,2023-09-28 19:42:39,2.45,12379,2.45
538407,22632,HAND WARMER RED POLKA DOT,3.0,2023-09-28 19:42:39,1.8,12379,5.4
538407,22748,POPPY'S PLAYHOUSE KITCHEN,4.0,2023-09-28 19:42:39,2.03,12379,8.12
538407,84029G,KNITTED UNION FLAG HOT WATER BOTTLE,1.0,2023-09-28 19:42:39,3.4,12379,3.4
538408,20727,LUNCH BAG BLACK SKULL.,6.0,2023-05-19 05:06:28,1.58,12877,9.48
538408,21931,JUMBO STORAGE BAG SUKI,4.0,2023-05-19 05:06:28,2.0,12877,8.0
538409,22386,JUMBO BAG PINK POLKADOT,4.0,2023-08-11 23:57:10,1.94,12602,7.76
538409,22383,LUNCH BAG SUKI DESIGN,3.0,2023-08-11 23:57:10,1.73,12602,5.19
538410,20726,LUNCH BAG WOODLAND,2.0,2023-08-20 04:53:29,1.69,12957,3.38
538410,20727,LUNCH BAG BLACK SKULL.,2.0,2023-08-20 04:53:29,1.72,12957,3.44
538410,22382,LUNCH BAG SPACEBOY DESIGN,1.0,2023-08-20 04:53:29,1.69,12957,1.69
538410,22411,JUMBO SHOPPER VINTAGE RED PAISLEY,3.0,2023-08-20 04:53:29,1.94,12957,5.82
538411,22632,HAND WARMER RED POLKA DOT,6.0,2023-08-28 12:20:55,1.81,12618,10.86
538411,20725,LUNCH BAG RED RETROSPOT,4.0,2023-08-28 12:20:55,1.73,12618,6.92
538412,84029G,KNITTED UNION FLAG HOT WATER BOTTLE,3.0,2023-08-02 08:26:18,3.3,12864,9.9
538413,84029E,RED WOOLLY HOTTIE WHITE HEART.,2.0,2023-09-27 22:22:41,3.36,12607,6.72
538413,22383,LUNCH BAG SUKI DESIGN,2.0,2023-09-27 22:22:41,1.7,12607,3.4
538413,71053,WHITE METAL LANTERN,2.0,2023-09-27 22:22:41,3.56,12607,7.12
538414,85099F,JUMBO BAG STRAWBERRY,1.0,2023-05-29 05:42:43,1.9,12588,1.9
538414,84406B,CREAM CUPID HEARTS COAT HANGER,3.0,2023-05-29 05:42:43,2.65,12588,7.95
538414,22310,IVORY KNITTED MUG COSY,1.0,2023-05-29 05:42:43,1.57,12588,1.57
538414,22633,HAND WARMER UNION JACK,1.0,2023-05-29 05:42:43,1.89,12588,1.89
538415,84029E,RED WOOLLY HOTTIE WHITE HEART.,1.0,2023-10-24 04:40:34,3.28,12864,3.28
538415,22749,POPPY'S PLAYHOUSE LIVINGROOM,3.0,2023-10-24 04:40:34,2.13,12864,6.39
538415,22632,HAND WARMER RED POLKA DOT,1.0,2023-10-24 04:40:34,1.83,12864,1.83
538415,21931,JUMBO STORAGE BAG SUKI,4.0,2023-10-24 04:40:34,1.96,12864,7.84
538415,84879,ASSORTED COLOUR BIRD ORNAMENT,2.0,2023-10-24 04:40:34,1.73,12864,3.46
538419,22633,HAND WARMER UNION JACK,2.0,2023-10-19 02:04:36,1.91,12500,3.82
538420,22384,LUNCH BAG PINK POLKADOT,2.0,2023-09-07 02:00:42,1.59,12877,3.18
538420,20725,LUNCH BAG RED RETROSPOT,1.0,2023-09-07 02:00:42,1.6,12877,1.6
538420,21931,JUMBO STORAGE BAG SUKI,1.0,2023-09-07 02:00:42,1.95,12877,1.95
538420,22383,LUNCH BAG SUKI DESIGN,1.0,2023-09-07 02:00:42,1.67,12877,1.67
538421,22310,IVORY KNITTED MUG COSY,1.0,2023-01-12 22:56:26,1.69,12401,1.69
538421,22633,HAND WARMER UNION JACK,4.0,2023-01-12 22:56:26,1.87,12401,7.48
538421,22411,JUMBO SHOPPER VINTAGE RED PAISLEY,2.0,2023-01-12 22:56:26,1.89,12401,3.78
538421,22382,LUNCH BAG SPACEBOY DESIGN,3.0,2023-01-12 22:56:26,1.71,12401,5.13
538422,84029G,KNITTED UNION FLAG HOT WATER BOTTLE,3.0,2023-05-10 09:16:02,3.51,12977,10.53
538422,84969,BOX OF 6 ASSORTED COLOUR TEASPOONS,1.0,2023-05-10 09:16:02,4.37,12977,4.37
538422,85099B,JUMBO BAG RED RETROSPOT,4.0,2023-05-10 09:16:02,1.95,12977,7.8
538422,22086,PAPER CHAIN KIT 50'S CHRISTMAS,2.0,2023-05-10 09:16:02,2.51,12977,5.02
538422,20727,LUNCH BAG BLACK SKULL.,2.0,2023-05-10 09:16:02,1.71,12977,3.42
538423,22749,POPPY'S PLAYHOUSE LIVINGROOM,1.0,2023-07-26 23:10:14,2.12,12710,2.12
538423,71053,WHITE METAL LANTERN,2.0,2023-07-26 23:10:14,3.23,12710,6.46
538423,85099B,JUMBO BAG RED RETROSPOT,1.0,2023-07-26 23:10:14,2.0,12710,2.0
538423,84029E,RED WOOLLY HOTTIE WHITE HEART.,6.0,2023-07-26 23:10:14,3.5,12710,21.0
538424,84969,BOX OF 6 ASSORTED COLOUR TEASPOONS,2.0,2023-07-20 19:46:46,4.34,12524,8.68
538425,84879,ASSORTED COLOUR BIRD ORNAMENT,1.0,2023-08-28 22:07:04,1.74,12871,1.74
538425,84406B,CREAM CUPID HEARTS COAT HANGER,1.0,2023-08-28 22:07:04,2.85,12871,2.85
538425,22086,PAPER CHAIN KIT 50'S CHRISTMAS,3.0,2023-08-28 22:07:04,2.54,12871,7.62
538426,22749,POPPY'S PLAYHOUSE LIVINGROOM,4.0,2023-10-24 08:29:57,2.1,12415,8.4
538426,85099F,JUMBO BAG STRAWBERRY,1.0,2023-10-24 08:29:57,1.89,12415,1.89
538426,85123A,WHITE HANGING HEART T-LIGHT HOLDER,1.0,2023-10-24 08:29:57,2.56,12415,2.56
538426,22384,LUNCH BAG PINK POLKADOT,4.0,2023-10-24 08:29:57,1.68,12415,6.72
538427,84406B,CREAM CUPID HEARTS COAT HANGER,2.0,2023-02-05 10:40:44,2.79,13051,5.58
538427,85099B,JUMBO BAG RED RETROSPOT,2.0,2023-02-05 10:40:44,1.92,13051,3.84
538427,20725,LUNCH BAG RED RETROSPOT,1.0,2023-02-05 10:40:44,1.65,13051,1.65
538427,22384,LUNCH BAG PINK POLKADOT,6.0,2023-02-05 10:40:44,1.63,13051,9.78
538428,85123A,WHITE HANGING HEART T-LIGHT HOLDER,1.0,2023-06-20 13:18:27,2.48,12877,2.48
538428,20725,LUNCH BAG RED RETROSPOT,4.0,2023-06-20 13:18:27,1.69,12877,6.76
538428,22382,LUNCH BAG SPACEBOY DESIGN,1.0,2023-06-20 13:18:27,1.57,12877,1.57
538429,22411,JUMBO SHOPPER VINTAGE RED PAISLEY,3.0,2023-09-02 05:27:03,1.94,12712,5.82
538429,85099B,JUMBO BAG RED RETROSPOT,1.0,2023-09-02 05:27:03,1.96,12712,1.96
538432,22383,LUNCH BAG SUKI DESIGN,1.0,2023-11-25 20:55:12,1.61,12877,1.61
538432,22384,LUNCH BAG PINK POLKADOT,6.0,2023-11-25 20:55:12,1.65,12877,9.9
538432,22382,LUNCH BAG SPACEBOY DESIGN,2.0,2023-11-25 20:55:12,1.6,12877,3.2
538432,22086,PAPER CHAIN KIT 50'S CHRISTMAS,1.0,2023-11-25 20:55:12,2.48,12877,2.48
538432,47566,PARTY BUNTING,2.0,2023-11-25 20:55:12,4.81,12877,9.62
538432,22745,POPPY'S PLAYHOUSE BEDROOM,1.0,2023-11-25 20:55:12,2.2,12877,2.2
538433,84406B,CREAM CUPID HEARTS COAT HANGER,3.0,2023-06-28 17:55:40,2.7,12921,8.1
538434,85099F,JUMBO BAG STRAWBERRY,2.0,2023-06-26 15:07:16,1.89,12766,3.78
538434,47566,PARTY BUNTING,1.0,2023-06-26 15:07:16,4.82,12766,4.82
538434,22411,JUMBO SHOPPER VINTAGE RED PAISLEY,2.0,2023-06-26 15:07:16,1.96,12766,3.92
538434,22086,PAPER CHAIN KIT 50'S CHRISTMAS,4.0,2023-06-26 15:07:16,2.59,12766,10.36
538435,22384,LUNCH BAG PINK POLKADOT,6.0,2023-05-09 10:08:35,1.66,12844,9.96
538435,21931,JUMBO STORAGE BAG SUKI,6.0,2023-05-09 10:08:35,1.95,12844,11.7
538436,71053,WHITE METAL LANTERN,2.0,2023-07-22 20:40:57,3.53,12704,7.06
538436,22748,POPPY'S PLAYHOUSE KITCHEN,2.0,2023-07-22 20:40:57,2.18,12704,4.36
538436,85099B,JUMBO BAG RED RETROSPOT,1.0,2023-07-22 20:40:57,1.94,12704,1.94
538436,84406B,CREAM CUPID HEARTS COAT HANGER,2.0,2023-07-22 20:40:57,2.78,12704,5.56
538436,84969,BOX OF 6 ASSORTED COLOUR TEASPOONS,1.0,2023-07-22 20:40:57,4.45,12704,4.45
538438,21730,GLASS STAR FROSTED T-LIGHT HOLDER,1.0,2023-12-02 03:12:14,4.36,12482,4.36
538439,84029E,RED WOOLLY HOTTIE WHITE HEART.,1.0,2023-07-15 13:23:48,3.35,12877,3.35
538439,22382,LUNCH BAG SPACEBOY DESIGN,1.0,2023-07-15 13:23:48,1.64,12877,1.64
538439,22633,HAND WARMER UNION JACK,2.0,2023-07-15 13:23:48,1.91,12877,3.82
538439,20728,LUNCH BAG CARS BLUE,4.0,2023-07-15 13:23:48,1.58,12877,6.32
538440,22632,HAND WARMER RED POLKA DOT,6.0,2023-07-09 16:48:49,1.9,12920,11.4
538440,22745,POPPY'S PLAYHOUSE BEDROOM,6.0,2023-07-09 16:48:49,2.08,12920,12.48
538440,22633,HAND WARMER UNION JACK,1.0,2023-07-09 16:48:49,1.91,12920,1.91
538442,22632,HAND WARMER RED POLKA DOT,2.0,2023-09-03 10:29:33,1.84,12834,3.68
538444,47566,PARTY BUNTING,3.0,2023-03-22 22:23:31,4.7,12500,14.1
538444,84969,BOX OF 6 ASSORTED COLOUR TEASPOONS,1.0,2023-03-22 22:23:31,4.16,12500,4.16
538444,22382,LUNCH BAG SPACEBOY DESIGN,1.0,2023-03-22 22:23:31,1.59,12500,1.59
538444,21730,GLASS STAR FROSTED T-LIGHT HOLDER,1.0,2023-03-22 22:23:31,4.04,12500,4.04
538444,22749,POPPY'S PLAYHOUSE LIVINGROOM,3.0,2023-03-22 22:23:31,2.2,12500,6.6
538444,22745,POPPY'S PLAYHOUSE BEDROOM,6.0,2023-03-22 22:23:31,2.11,12500,12.66
538446,84029G,KNITTED UNION FLAG HOT WATER BOTTLE,1.0,2023-10-21 02:07:03,3.55,12821,3.55
538446,47566,PARTY BUNTING,6.0,2023-10-21 02:07:03,4.65,12821,27.9
538446,22086,PAPER CHAIN KIT 50'S CHRISTMAS,3.0,2023-10-21 02:07:03,2.64,12821,7.92
538447,22384,LUNCH BAG PINK POLKADOT,6.0,2023-06-06 08:06:45,1.6,12598,9.6
538447,84029G,KNITTED UNION FLAG HOT WATER BOTTLE,2.0,2023-06-06 08:06:45,3.23,12598,6.46
538447,22386,JUMBO BAG PINK POLKADOT,2.0,2023-06-06 08:06:45,1.96,12598,3.92
538448,22745,POPPY'S PLAYHOUSE BEDROOM,2.0,2023-11-20 10:37:16,2.12,12886,4.24
538448,71053,WHITE METAL LANTERN,3.0,2023-11-20 10:37:16,3.43,12886,10.29
538448,22633,HAND WARMER UNION JACK,2.0,2023-11-20 10:37:16,1.91,12886,3.82
538448,22383,LUNCH BAG SUKI DESIGN,3.0,2023-11-20 10:37:16,1.57,12886,4.71
538449,85123A,WHITE HANGING HEART T-LIGHT HOLDER,3.0,2023-12-04 23:46:15,2.63,12353,7.89
538450,21931,JUMBO STORAGE BAG SUKI,2.0,2023-04-04 09:08:52,1.94,12844,3.88
538450,84879,ASSORTED COLOUR BIRD ORNAMENT,1.0,2023-04-04 09:08:52,1.61,12844,1.61
538450,22310,IVORY KNITTED MUG COSY,4.0,2023-04-04 09:08:52,1.58,12844,6.32
538450,21730,GLASS STAR FROSTED T-LIGHT HOLDER,2.0,2023-04-04 09:08:52,4.33,12844,8.66
538450,84029G,KNITTED UNION FLAG HOT WATER BOTTLE,1.0,2023-04-04 09:08:52,3.44,12844,3.44
538450,20726,LUNCH BAG WOODLAND,3.0,2023-04-04 09:08:52,1.62,12844,4.86
538452,20727,LUNCH BAG BLACK SKULL.,2.0,2023-10-29 09:00:43,1.71,13021,3.42
538453,20727,LUNCH BAG BLACK SKULL.,3.0,2023-11-30 22:16:36,1.7,12636,5.1
538453,22382,LUNCH BAG SPACEBOY DESIGN,6.0,2023-11-30 22:16:36,1.58,12636,9.48
538453,22383,LUNCH BAG SUKI DESIGN,6.0,2023-11-30 22:16:36,1.69,12636,10.14
538453,22749,POPPY'S PLAYHOUSE LIVINGROOM,3.0,2023-11-30 22:16:36,2.09,12636,6.27
538454,20726,LUNCH BAG WOODLAND,1.0,2023-02-02 22:02:02,1.65,12791,1.65
538454,21730,GLASS STAR FROSTED T-LIGHT HOLDER,3.0,2023-02-02 22:02:02,4.4,12791,13.2
538455,22632,HAND WARMER RED POLKA DOT,3.0,2023-08-24 21:17:59,1.86,12878,5.58
538457,22748,POPPY'S PLAYHOUSE KITCHEN,2.0,2023-07-11 00:32:07,2.2,12877,4.4
538457,22633,HAND WARMER UNION JACK,4.0,2023-07-11 00:32:07,1.78,12877,7.12
538457,85123A,WHITE HANGING HEART T-LIGHT HOLDER,1.0,2023-07-11 00:32:07,2.48,12877,2.48
538458,22086,PAPER CHAIN KIT 50'S CHRISTMAS,1.0,2023-06-15 03:44:46,2.44,12889,2.44
538458,22411,JUMBO SHOPPER VINTAGE RED PAISLEY,4.0,2023-06-15 03:44:46,1.91,12889,7.64
538458,22633,HAND WARMER UNION JACK,1.0,2023-06-15 03:44:46,1.91,12889,1.91
538458,22382,LUNCH BAG SPACEBOY DESIGN,4.0,2023-06-15 03:44:46,1.62,12889,6.48
538458,84969,BOX OF 6 ASSORTED COLOUR TEASPOONS,4.0,2023-06-15 03:44:46,4.43,12889,17.72
538459,85099B,JUMBO BAG RED RETROSPOT,1.0,2023-11-12 20:42:56,2.04,12878,2.04
538459,22411,JUMBO SHOPPER VINTAGE RED PAISLEY,2.0,2023-11-12 20:42:56,1.98,12878,3.96
538459,22382,LUNCH BAG SPACEBOY DESIGN,2.0,2023-11-12 20:42:56,1.62,12878,3.24
538459,85123A,WHITE HANGING HEART T-LIGHT HOLDER,3.0,2023-11-12 20:42:56,2.5,12878,7.5
538460,47566,PARTY BUNTING,1.0,2023-07-06 20:54:46,4.83,12877,4.83
538460,20725,LUNCH BAG RED RETROSPOT,1.0,2023-07-06 20:54:46,1.7,12877,1.7
538461,47566,PARTY BUNTING,2.0,2023-11-27 06:16:12,4.44,13004,8.88
538463,71053,WHITE METAL LANTERN,1.0,2023-05-26 19:12:23,3.42,12877,3.42
538463,22383,LUNCH BAG SUKI DESIGN,3.0,2023-05-26 19:12:23,1.68,12877,5.04
538463,22745,POPPY'S PLAYHOUSE BEDROOM,2.0,2023-05-26 19:12:23,2.12,12877,4.24
538463,84969,BOX OF 6 ASSORTED COLOUR TEASPOONS,1.0,2023-05-26 19:12:23,4.13,12877,4.13
538464,85123A,WHITE HANGING HEART T-LIGHT HOLDER,2.0,2023-03-07 22:25:13,2.57,13066,5.14
538464,84969,BOX OF 6 ASSORTED COLOUR TEASPOONS,1.0,2023-03-07 22:25:13,4.39,13066,4.39
538464,20726,LUNCH BAG WOODLAND,1.0,2023-03-07 22:25:13,1.7,13066,1.7
538464,22748,POPPY'S PLAYHOUSE KITCHEN,1.0,2023-03-07 22:25:13,2.03,13066,2.03
538464,22411,JUMBO SHOPPER VINTAGE RED PAISLEY,2.0,2023-03-07 22:25:13,1.91,13066,3.82
538467,47566,PARTY BUNTING,1.0,2023-05-10 04:09:14,4.6,12982,4.6
538468,85123A,WHITE HANGING HEART T-LIGHT HOLDER,3.0,2023-06-21 17:18:11,2.5,12766,7.5
538468,22384,LUNCH BAG PINK POLKADOT,1.0,2023-06-21 17:18:11,1.61,12766,1.61
538468,84029E,RED WOOLLY HOTTIE WHITE HEART.,1.0,2023-06-21 17:18:11,3.33,12766,3.33
538468,71053,WHITE METAL LANTERN,1.0,2023-06-21 17:18:11,3.33,12766,3.33
538468,22383,LUNCH BAG SUKI DESIGN,3.0,2023-06-21 17:18:11,1.73,12766,5.19
538469,20728,LUNCH BAG CARS BLUE,4.0,2023-07-27 10:18:52,1.67,12957,6.68
538469,22411,JUMBO SHOPPER VINTAGE RED PAISLEY,2.0,2023-07-27 10:18:52,1.94,12957,3.88
538469,22745,POPPY'S PLAYHOUSE BEDROOM,2.0,2023-07-27 10:18:52,2.14,12957,4.28
538469,22749,POPPY'S PLAYHOUSE LIVINGROOM,6.0,2023-07-27 10:18:52,2.04,12957,12.24
538471,85123A,WHITE HANGING HEART T-LIGHT HOLDER,4.0,2023-06-04 16:11:13,2.47,12847,9.88
538472,21931,JUMBO STORAGE BAG SUKI,3.0,2023-11-14 10:27:09,1.99,13141,5.97
538472,84029G,KNITTED UNION FLAG HOT WATER BOTTLE,1.0,2023-11-14 10:27:09,3.52,13141,3.52
538472,22632,HAND WARMER RED POLKA DOT,6.0,2023-11-14 10:27:09,1.86,13141,11.16
538473,20728,LUNCH BAG CARS BLUE,2.0,2023-10-31 23:48:20,1.7,12502,3.4
538473,85099B,JUMBO BAG RED RETROSPOT,3.0,2023-10-31 23:48:20,1.86,12502,5.58
538473,85099F,JUMBO BAG STRAWBERRY,1.0,2023-10-31 23:48:20,1.93,12502,1.93
538474,22632,HAND WARMER RED POLKA DOT,2.0,2023-06-14 05:21:33,1.94,13025,3.88
538474,84406B,CREAM CUPID HEARTS COAT HANGER,3.0,2023-06-14 05:21:33,2.68,13025,8.04
538474,22633,HAND WARMER UNION JACK,2.0,2023-06-14 05:21:33,1.78,13025,3.56
538475,22383,LUNCH BAG SUKI DESIGN,1.0,2023-06-08 04:31:10,1.72,12821,1.72
538475,22386,JUMBO BAG PINK POLKADOT,4.0,2023-06-08 04:31:10,1.92,12821,7.68
538475,22745,POPPY'S PLAYHOUSE BEDROOM,2.0,2023-06-08 04:31:10,2.09,12821,4.18
538475,71053,WHITE METAL LANTERN,1.0,2023-06-08 04:31:10,3.47,12821,3.47
538475,84969,BOX OF 6 ASSORTED COLOUR TEASPOONS,1.0,2023-06-08 04:31:10,4.33,12821,4.33
538475,20728,LUNCH BAG CARS BLUE,4.0,2023-06-08 04:31:10,1.59,12821,6.36
538476,20727,LUNCH BAG BLACK SKULL.,1.0,2023-09-08 09:33:52,1.6,12466,1.6
538477,21931,JUMBO STORAGE BAG SUKI,6.0,2023-04-13 16:25:55,1.87,12575,11.22
538478,22382,LUNCH BAG SPACEBOY DESIGN,3.0,2023-04-16 02:41:21,1.62,12608,4.86
538478,20726,LUNCH BAG WOODLAND,1.0,2023-04-16 02:41:21,1.62,12608,1.62
538479,22411,JUMBO SHOPPER VINTAGE RED PAISLEY,1.0,2023-07-18 11:40:46,1.93,12358,1.93
538479,22749,POPPY'S PLAYHOUSE LIVINGROOM,3.0,2023-07-18 11:40:46,2.01,12358,6.03
538480,84406B,CREAM CUPID HEARTS COAT HANGER,2.0,2023-11-26 07:53:59,2.84,12942,5.68
538480,84879,ASSORTED COLOUR BIRD ORNAMENT,4.0,2023-11-26 07:53:59,1.72,12942,6.88
538480,22749,POPPY'S PLAYHOUSE LIVINGROOM,1.0,2023-11-26 07:53:59,2.11,12942,2.11
538481,84879,ASSORTED COLOUR BIRD ORNAMENT,1.0,2023-07-29 19:39:54,1.73,13112,1.73
538482,20726,LUNCH BAG WOODLAND,1.0,2023-10-19 17:14:50,1.69,12987,1.69
538482,22749,POPPY'S PLAYHOUSE LIVINGROOM,2.0,2023-10-19 17:14:50,2.12,12987,4.24
538483,20725,LUNCH BAG RED RETROSPOT,2.0,2023-11-15 04:31:58,1.58,12991,3.16
538483,71053,WHITE METAL LANTERN,1.0,2023-11-15 04:31:58,3.22,12991,3.22
538483,22386,JUMBO BAG PINK POLKADOT,1.0,2023-11-15 04:31:58,2.05,12991,2.05
538483,84406B,CREAM CUPID HEARTS COAT HANGER,3.0,2023-11-15 04:31:58,2.74,12991,8.22
538484,71053,WHITE METAL LANTERN,1.0,2023-03-21 21:23:02,3.4,12594,3.4
538484,85123A,WHITE HANGING HEART T-LIGHT HOLDER,4.0,2023-03-21 21:23:02,2.68,12594,10.72
538484,84029G,KNITTED UNION FLAG HOT WATER BOTTLE,3.0,2023-03-21 21:23:02,3.3,12594,9.9
538484,22383,LUNCH BAG SUKI DESIGN,6.0,2023-03-21 21:23:02,1.64,12594,9.84
538484,20727,LUNCH BAG BLACK SKULL.,1.0,2023-03-21 21:23:02,1.72,12594,1.72
538485,84406B,CREAM CUPID HEARTS COAT HANGER,2.0,2023-11-25 15:48:23,2.85,12877,5.7
538485,85099F,JUMBO BAG STRAWBERRY,6.0,2023-11-25 15:48:23,1.89,12877,11.34
538485,85099B,JUMBO BAG RED RETROSPOT,2.0,2023-11-25 15:48:23,1.93,12877,3.86
538486,22632,HAND WARMER RED POLKA DOT,3.0,2023-07-20 21:31:08,1.83,12927,5.49
538486,85099F,JUMBO BAG STRAWBERRY,4.0,2023-07-20 21:31:08,2.04,12927,8.16
538487,20727,LUNCH BAG BLACK SKULL.,1.0,2023-11-25 06:26:14,1.66,12877,1.66
538488,71053,WHITE METAL LANTERN,2.0,2023-01-30 15:52:42,3.25,12815,6.5
538488,84969,BOX OF 6 ASSORTED COLOUR TEASPOONS,2.0,2023-01-30 15:52:42,4.31,12815,8.62
538488,22386,JUMBO BAG PINK POLKADOT,3.0,2023-01-30 15:52:42,2.04,12815,6.12
538488,22310,IVORY KNITTED MUG COSY,1.0,2023-01-30 15:52:42,1.61,12815,1.61
538489,84969,BOX OF 6 ASSORTED COLOUR TEASPOONS,1.0,2023-08-10 17:08:36,4.22,12354,4.22
538489,71053,WHITE METAL LANTERN,2.0,2023-08-10 17:08:36,3.26,12354,6.52
538489,22384,LUNCH BAG PINK POLKADOT,1.0,2023-08-10 17:08:36,1.69,12354,1.69
538490,22383,LUNCH BAG SUKI DESIGN,3.0,2023-08-12 08:51:04,1.73,12381,5.19
538491,22411,JUMBO SHOPPER VINTAGE RED PAISLEY,1.0,2023-06-08 18:27:01,1.93,13133,1.93
538491,20725,LUNCH BAG RED RETROSPOT,2.0,2023-06-08 18:27:01,1.6,13133,3.2
538491,22310,IVORY KNITTED MUG COSY,6.0,2023-06-08 18:27:01,1.64,13133,9.84
538494,47566,PARTY BUNTING,3.0,2023-04-10 19:36:14,4.6,13007,13.8
538495,84406B,CREAM CUPID HEARTS COAT HANGER,6.0,2023-07-24 08:51:20,2.81,12486,16.86
538495,22310,IVORY KNITTED MUG COSY,1.0,2023-07-24 08:51:20,1.69,12486,1.69
538495,20725,LUNCH BAG RED RETROSPOT,3.0,2023-07-24 08:51:20,1.6,12486,4.8
538495,84029E,RED WOOLLY HOTTIE WHITE HEART.,4.0,2023-07-24 08:51:20,3.28,12486,13.12
538496,22386,JUMBO BAG PINK POLKADOT,1.0,2023-08-26 10:03:57,1.99,13141,1.99
538496,22383,LUNCH BAG SUKI DESIGN,1.0,2023-08-26 10:03:57,1.69,13141,1.69
538496,21730,GLASS STAR FROSTED T-LIGHT HOLDER,2.0,2023-08-26 10:03:57,4.42,13141,8.84
538496,22632,HAND WARMER RED POLKA DOT,1.0,2023-08-26 10:03:57,1.76,13141,1.76
538496,47566,PARTY BUNTING,6.0,2023-08-26 10:03:57,4.81,13141,28.86
538496,22748,POPPY'S PLAYHOUSE KITCHEN,4.0,2023-08-26 10:03:57,2.1,13141,8.4
538497,20725,LUNCH BAG RED RETROSPOT,6.0,2023-08-25 06:21:11,1.66,12500,9.96
538497,22632,HAND WARMER RED POLKA DOT,2.0,2023-08-25 06:21:11,1.83,12500,3.66
538497,20728,LUNCH BAG CARS BLUE,4.0,2023-08-25 06:21:11,1.73,12500,6.92
538497,22086,PAPER CHAIN KIT 50'S CHRISTMAS,1.0,2023-08-25 06:21:11,2.61,12500,2.61
538497,22411,JUMBO SHOPPER VINTAGE RED PAISLEY,2.0,2023-08-25 06:21:11,1.94,12500,3.88
538497,22310,IVORY KNITTED MUG COSY,2.0,2023-08-25 06:21:11,1.63,12500,3.26
538498,22310,IVORY KNITTED MUG COSY,3.0,2023-11-15 00:12:40,1.59,12877,4.77
538498,47566,PARTY BUNTING,2.0,2023-11-15 00:12:40,4.48,12877,8.96
538498,22383,LUNCH BAG SUKI DESIGN,6.0,2023-11-15 00:12:40,1.63,12877,9.78
538498,21730,GLASS STAR FROSTED T-LIGHT HOLDER,4.0,2023-11-15 00:12:40,4.27,12877,17.08
538499,20727,LUNCH BAG BLACK SKULL.,1.0,2023-06-21 04:01:43,1.71,12870,1.71
538499,84879,ASSORTED COLOUR BIRD ORNAMENT,1.0,2023-06-21 04:01:43,1.62,12870,1.62
538499,84029E,RED WOOLLY HOTTIE WHITE HEART.,4.0,2023-06-21 04:01:43,3.42,12870,13.68
538499,22310,IVORY KNITTED MUG COSY,1.0,2023-06-21 04:01:43,1.71,12870,1.71
538499,84406B,CREAM CUPID HEARTS COAT HANGER,3.0,2023-06-21 04:01:43,2.84,12870,8.52
538500,22383,LUNCH BAG SUKI DESIGN,1.0,2023-05-20 09:02:10,1.71,13007,1.71
538500,20727,LUNCH BAG BLACK SKULL.,1.0,2023-05-20 09:02:10,1.59,13007,1.59
538501,22086,PAPER CHAIN KIT 50'S CHRISTMAS,1.0,2023-03-03 11:59:49,2.55,12815,2.55
538501,71053,WHITE METAL LANTERN,1.0,2023-03-03 11:59:49,3.52,12815,3.52
538501,21931,JUMBO STORAGE BAG SUKI,1.0,2023-03-03 11:59:49,1.9,12815,1.9
538501,22632,HAND WARMER RED POLKA DOT,4.0,2023-03-03 11:59:49,1.76,12815,7.04
538502,21931,JUMBO STORAGE BAG SUKI,1.0,2023-11-22 12:40:03,1.92,12877,1.92
538504,84969,BOX OF 6 ASSORTED COLOUR TEASPOONS,3.0,2023-09-07 00:51:56,4.14,12877,12.42
538504,22086,PAPER CHAIN KIT 50'S CHRISTMAS,4.0,2023-09-07 00:51:56,2.56,12877,10.24
538505,22748,POPPY'S PLAYHOUSE KITCHEN,1.0,2023-10-28 00:32:59,2.05,12602,2.05
538505,22386,JUMBO BAG PINK POLKADOT,1.0,2023-10-28 00:32:59,1.87,12602,1.87
538506,22633,HAND WARMER UNION JACK,2.0,2023-06-25 09:23:14,1.81,12560,3.62
538506,22632,HAND WARMER RED POLKA DOT,3.0,2023-06-25 09:23:14,1.86,12560,5.58
538506,71053,WHITE METAL LANTERN,2.0,2023-06-25 09:23:14,3.31,12560,6.62
538506,84969,BOX OF 6 ASSORTED COLOUR TEASPOONS,6.0,2023-06-25 09:23:14,4.23,12560,25.38
538506,22310,IVORY KNITTED MUG COSY,3.0,2023-06-25 09:23:14,1.66,12560,4.98
538506,22383,LUNCH BAG SUKI DESIGN,3.0,2023-06-25 09:23:14,1.67,12560,5.01
538507,22383,LUNCH BAG SUKI DESIGN,2.0,2023-04-10 05:41:53,1.63,12877,3.26
538508,84879,ASSORTED COLOUR BIRD ORNAMENT,3.0,2023-12-01 18:53:40,1.63,12824,4.89
538508,85099B,JUMBO BAG RED RETROSPOT,6.0,2023-12-01 18:53:40,1.87,12824,11.22
538508,21931,JUMBO STORAGE BAG SUKI,1.0,2023-12-01 18:53:40,1.87,12824,1.87
538509,22411,JUMBO SHOPPER VINTAGE RED PAISLEY,3.0,2023-11-07 17:41:38,2.03,12347,6.09
538509,84029G,KNITTED UNION FLAG HOT WATER BOTTLE,1.0,2023-11-07 17:41:38,3.52,12347,3.52
538509,85123A,WHITE HANGING HEART T-LIGHT HOLDER,4.0,2023-11-07 17:41:38,2.51,12347,10.04
538511,22384,LUNCH BAG PINK POLKADOT,4.0,2023-05-15 02:26:07,1.61,12877,6.44
538512,85099B,JUMBO BAG RED RETROSPOT,2.0,2023-10-26 01:49:00,1.96,12877,3.92
538513,85123A,WHITE HANGING HEART T-LIGHT HOLDER,3.0,2023-11-25 16:55:15,2.43,12877,7.29
538513,22086,PAPER CHAIN KIT 50'S CHRISTMAS,2.0,2023-11-25 16:55:15,2.58,12877,5.16
538514,20725,LUNCH BAG RED RETROSPOT,3.0,2023-08-10 16:23:43,1.67,12920,5.01
538515,20728,LUNCH BAG CARS BLUE,1.0,2023-09-12 06:16:37,1.71,12671,1.71
538515,21931,JUMBO STORAGE BAG SUKI,1.0,2023-09-12 06:16:37,1.91,12671,1.91
538515,21730,GLASS STAR FROSTED T-LIGHT HOLDER,1.0,2023-09-12 06:16:37,4.2,12671,4.2
538515,84879,ASSORTED COLOUR BIRD ORNAMENT,1.0,2023-09-12 06:16:37,1.65,12671,1.65
538515,22411,JUMBO SHOPPER VINTAGE RED PAISLEY,4.0,2023-09-12 06:16:37,2.0,12671,8.0
538517,21730,GLASS STAR FROSTED T-LIGHT HOLDER,2.0,2023-06-27 02:46:43,4.1,12612,8.2
538517,22633,HAND WARMER UNION JACK,2.0,2023-06-27 02:46:43,1.76,12612,3.52
538517,47566,PARTY BUNTING,1.0,2023-06-27 02:46:43,4.56,12612,4.56
538518,20727,LUNCH BAG BLACK SKULL.,2.0,2023-11-30 21:35:29,1.71,12877,3.42
538518,22382,LUNCH BAG SPACEBOY DESIGN,1.0,2023-11-30 21:35:29,1.67,12877,1.67
538518,22632,HAND WARMER RED POLKA DOT,3.0,2023-11-30 21:35:29,1.79,12877,5.37
538518,84879,ASSORTED COLOUR BIRD ORNAMENT,1.0,2023-11-30 21:35:29,1.61,12877,1.61
538520,20728,LUNCH BAG CARS BLUE,3.0,2023-11-29 17:56:55,1.68,13073,5.04
538520,22383,LUNCH BAG SUKI DESIGN,1.0,2023-11-29 17:56:55,1.6,13073,1.6
538520,85099F,JUMBO BAG STRAWBERRY,1.0,2023-11-29 17:56:55,2.0,13073,2.0
538520,22384,LUNCH BAG PINK POLKADOT,2.0,2023-11-29 17:56:55,1.68,13073,3.36
538520,84406B,CREAM CUPID HEARTS COAT HANGER,2.0,2023-11-29 17:56:55,2.87,13073,5.74
538521,20727,LUNCH BAG BLACK SKULL.,4.0,2023-10-05 09:23:26,1.6,12537,6.4
538521,22086,PAPER CHAIN KIT 50'S CHRISTMAS,2.0,2023-10-05 09:23:26,2.63,12537,5.26
538521,22386,JUMBO BAG PINK POLKADOT,3.0,2023-10-05 09:23:26,1.93,12537,5.79
538521,21931,JUMBO STORAGE BAG SUKI,2.0,2023-10-05 09:23:26,1.87,12537,3.74
538521,84406B,CREAM CUPID HEARTS COAT HANGER,1.0,2023-10-05 09:23:26,2.87,12537,2.87
538522,47566,PARTY BUNTING,2.0,2023-07-24 00:07:05,4.69,12607,9.38
538522,22383,LUNCH BAG SUKI DESIGN,1.0,2023-07-24 00:07:05,1.63,12607,1.63
538522,22310,IVORY KNITTED MUG COSY,3.0,2023-07-24 00:07:05,1.63,12607,4.89
538522,22748,POPPY'S PLAYHOUSE KITCHEN,2.0,2023-07-24 00:07:05,2.17,12607,4.34
538522,85099F,JUMBO BAG STRAWBERRY,1.0,2023-07-24 00:07:05,1.95,12607,1.95
538524,22086,PAPER CHAIN KIT 50'S CHRISTMAS,1.0,2023-10-07 13:12:41,2.57,13141,2.57
538524,84969,BOX OF 6 ASSORTED COLOUR TEASPOONS,2.0,2023-10-07 13:12:41,4.29,13141,8.58
538524,21931,JUMBO STORAGE BAG SUKI,3.0,2023-10-07 13:12:41,1.85,13141,5.55
538526,84969,BOX OF 6 ASSORTED COLOUR TEASPOONS,1.0,2023-03-28 21:44:09,4.32,12533,4.32
538526,84029E,RED WOOLLY HOTTIE WHITE HEART.,2.0,2023-03-28 21:44:09,3.52,12533,7.04
538527,22745,POPPY'S PLAYHOUSE BEDROOM,6.0,2023-11-04 12:28:42,2.11,12911,12.66
538527,84029G,KNITTED UNION FLAG HOT WATER BOTTLE,3.0,2023-11-04 12:28:42,3.47,12911,10.41
538528,47566,PARTY BUNTING,6.0,2023-11-05 18:31:52,4.71,12787,28.26
538528,85099B,JUMBO BAG RED RETROSPOT,1.0,2023-11-05 18:31:52,1.97,12787,1.97
538530,22745,POPPY'S PLAYHOUSE BEDROOM,6.0,2023-11-05 19:25:49,2.19,13104,13.14
538530,84029G,KNITTED UNION FLAG HOT WATER BOTTLE,1.0,2023-11-05 19:25:49,3.47,13104,3.47
538530,22748,POPPY'S PLAYHOUSE KITCHEN,1.0,2023-11-05 19:25:49,2.07,13104,2.07
538530,22383,LUNCH BAG SUKI DESIGN,2.0,2023-11-05 19:25:49,1.66,13104,3.32
538530,84029E,RED WOOLLY HOTTIE WHITE HEART.,3.0,2023-11-05 19:25:49,3.41,13104,10.23
538531,84029G,KNITTED UNION FLAG HOT WATER BOTTLE,2.0,2023-10-05 14:13:14,3.33,12537,6.66
538531,85099B,JUMBO BAG RED RETROSPOT,1.0,2023-10-05 14:13:14,1.87,12537,1.87
538531,84029E,RED WOOLLY HOTTIE WHITE HEART.,1.0,2023-10-05 14:13:14,3.4,12537,3.4
538531,22748,POPPY'S PLAYHOUSE KITCHEN,2.0,2023-10-05 14:13:14,2.17,12537,4.34
538532,20728,LUNCH BAG CARS BLUE,6.0,2023-11-05 02:25:19,1.57,12846,9.42
538534,20725,LUNCH BAG RED RETROSPOT,2.0,2023-05-28 12:19:11,1.7,12845,3.4
538534,22386,JUMBO BAG PINK POLKADOT,3.0,2023-05-28 12:19:11,1.94,12845,5.82
538534,22384,LUNCH BAG PINK POLKADOT,6.0,2023-05-28 12:19:11,1.61,12845,9.66
538534,22310,IVORY KNITTED MUG COSY,4.0,2023-05-28 12:19:11,1.7,12845,6.8
538536,85099F,JUMBO BAG STRAWBERRY,1.0,2023-07-25 06:22:40,2.04,12648,2.04
538536,21931,JUMBO STORAGE BAG SUKI,4.0,2023-07-25 06:22:40,1.98,12648,7.92
538536,22382,LUNCH BAG SPACEBOY DESIGN,1.0,2023-07-25 06:22:40,1.6,12648,1.6
538536,22086,PAPER CHAIN KIT 50'S CHRISTMAS,3.0,2023-07-25 06:22:40,2.64,12648,7.92
538537,22382,LUNCH BAG SPACEBOY DESIGN,2.0,2023-05-25 02:41:04,1.59,12877,3.18
538537,85099F,JUMBO BAG STRAWBERRY,2.0,2023-05-25 02:41:04,1.95,12877,3.9
538537,22383,LUNCH BAG SUKI DESIGN,6.0,2023-05-25 02:41:04,1.63,12877,9.78
538537,22386,JUMBO BAG PINK POLKADOT,1.0,2023-05-25 02:41:04,1.86,12877,1.86
538538,85099F,JUMBO BAG STRAWBERRY,1.0,2023-12-10 11:26:32,1.89,12854,1.89
538538,22748,POPPY'S PLAYHOUSE KITCHEN,3.0,2023-12-10 11:26:32,2.13,12854,6.39
538538,47566,PARTY BUNTING,4.0,2023-12-10 11:26:32,4.52,12854,18.08
538540,22310,IVORY KNITTED MUG COSY,1.0,2023-09-30 20:17:39,1.72,12787,1.72
538540,22384,LUNCH BAG PINK POLKADOT,4.0,2023-09-30 20:17:39,1.63,12787,6.52
538540,21730,GLASS STAR FROSTED T-LIGHT HOLDER,1.0,2023-09-30 20:17:39,4.24,12787,4.24
538543,84969,BOX OF 6 ASSORTED COLOUR TEASPOONS,1.0,2023-11-28 01:15:45,4.36,13030,4.36
538544,22633,HAND WARMER UNION JACK,2.0,2023-08-07 17:47:22,1.79,12353,3.58
538544,22749,POPPY'S PLAYHOUSE LIVINGROOM,3.0,2023-08-07 17:47:22,2.17,12353,6.51
538544,21730,GLASS STAR FROSTED T-LIGHT HOLDER,1.0,2023-08-07 17:47:22,4.04,12353,4.04
538544,22748,POPPY'S PLAYHOUSE KITCHEN,6.0,2023-08-07 17:47:22,2.2,12353,13.2
538544,21931,JUMBO STORAGE BAG SUKI,2.0,2023-08-07 17:47:22,1.97,12353,3.94
538544,20726,LUNCH BAG WOODLAND,1.0,2023-08-07 17:47:22,1.59,12353,1.59
538545,22633,HAND WARMER UNION JACK,6.0,2023-05-28 06:24:24,1.79,12878,10.74
538545,21730,GLASS STAR FROSTED T-LIGHT HOLDER,1.0,2023-05-28 06:24:24,4.4,12878,4.4
538545,84879,ASSORTED COLOUR BIRD ORNAMENT,1.0,2023-05-28 06:24:24,1.69,12878,1.69
538545,22411,JUMBO SHOPPER VINTAGE RED PAISLEY,1.0,2023-05-28 06:24:24,2.0,12878,2.0
538545,22632,HAND WARMER RED POLKA DOT,1.0,2023-05-28 06:24:24,1.94,12878,1.94
538547,21730,GLASS STAR FROSTED T-LIGHT HOLDER,3.0,2023-12-02 23:28:57,4.12,13025,12.36
538547,21931,JUMBO STORAGE BAG SUKI,6.0,2023-12-02 23:28:57,2.05,13025,12.3
538548,22632,HAND WARMER RED POLKA DOT,2.0,2023-06-04 10:08:32,1.8,12824,3.6
538548,20725,LUNCH BAG RED RETROSPOT,4.0,2023-06-04 10:08:32,1.71,12824,6.84
538548,22310,IVORY KNITTED MUG COSY,2.0,2023-06-04 10:08:32,1.66,12824,3.32
538548,22382,LUNCH BAG SPACEBOY DESIGN,1.0,2023-06-04 10:08:32,1.64,12824,1.64
538549,20726,LUNCH BAG WOODLAND,3.0,2023-08-17 21:23:04,1.68,12503,5.04
538549,22386,JUMBO BAG PINK POLKADOT,1.0,2023-08-17 21:23:04,1.86,12503,1.86
538549,47566,PARTY BUNTING,1.0,2023-08-17 21:23:04,4.55,12503,4.55
538549,85123A,WHITE HANGING HEART T-LIGHT HOLDER,2.0,2023-08-17 21:23:04,2.44,12503,4.88
538549,22633,HAND WARMER UNION JACK,1.0,2023-08-17 21:23:04,1.88,12503,1.88
538552,21730,GLASS STAR FROSTED T-LIGHT HOLDER,2.0,2023-10-30 05:49:00,4.32,12868,8.64
538552,20727,LUNCH BAG BLACK SKULL.,4.0,2023-10-30 05:49:00,1.64,12868,6.56
538553,21931,JUMBO STORAGE BAG SUKI,1.0,2023-07-24 00:19:22,2.02,12415,2.02
538553,22386,JUMBO BAG PINK POLKADOT,2.0,2023-07-24 00:19:22,1.87,12415,3.74
538553,84969,BOX OF 6 ASSORTED COLOUR TEASPOONS,4.0,2023-07-24 00:19:22,4.14,12415,16.56
538554,20727,LUNCH BAG BLACK SKULL.,2.0,2023-07-20 10:29:15,1.6,13081,3.2
538554,22310,IVORY KNITTED MUG COSY,2.0,2023-07-20 10:29:15,1.66,13081,3.32
538554,22086,PAPER CHAIN KIT 50'S CHRISTMAS,3.0,2023-07-20 10:29:15,2.6,13081,7.8
538554,20725,LUNCH BAG RED RETROSPOT,1.0,2023-07-20 10:29:15,1.66,13081,1.66
538554,21730,GLASS STAR FROSTED T-LIGHT HOLDER,3.0,2023-07-20 10:29:15,4.38,13081,13.14
538555,22633,HAND WARMER UNION JACK,2.0,2023-08-24 08:12:13,1.85,12844,3.7
538555,22086,PAPER CHAIN KIT 50'S CHRISTMAS,6.0,2023-08-24 08:12:13,2.45,12844,14.7
538555,22386,JUMBO BAG PINK POLKADOT,1.0,2023-08-24 08:12:13,1.98,12844,1.98
538555,84406B,CREAM CUPID HEARTS COAT HANGER,1.0,2023-08-24 08:12:13,2.84,12844,2.84
538556,22384,LUNCH BAG PINK POLKADOT,1.0,2023-09-06 22:42:44,1.71,12549,1.71
538556,22632,HAND WARMER RED POLKA DOT,1.0,2023-09-06 22:42:44,1.79,12549,1.79
538556,84969,BOX OF 6 ASSORTED COLOUR TEASPOONS,3.0,2023-09-06 22:42:44,4.17,12549,12.51
538557,22384,LUNCH BAG PINK POLKADOT,1.0,2023-08-16 23:16:48,1.72,12751,1.72
538557,21931,JUMBO STORAGE BAG SUKI,1.0,2023-08-16 23:16:48,1.97,12751,1.97
538557,20726,LUNCH BAG WOODLAND,2.0,2023-08-16 23:16:48,1.64,12751,3.28
538557,20728,LUNCH BAG CARS BLUE,2.0,2023-08-16 23:16:48,1.65,12751,3.3
538557,84029G,KNITTED UNION FLAG HOT WATER BOTTLE,2.0,2023-08-16 23:16:48,3.29,12751,6.58
538558,22633,HAND WARMER UNION JACK,2.0,2023-04-13 01:47:26,1.83,12877,3.66
538560,22745,POPPY'S PLAYHOUSE BEDROOM,4.0,2023-10-06 01:41:14,2.13,12821,8.52
538560,22386,JUMBO BAG PINK POLKADOT,2.0,2023-10-06 01:41:14,2.03,12821,4.06
538561,85123A,WHITE HANGING HEART T-LIGHT HOLDER,6.0,2023-11-27 23:43:32,2.54,12736,15.24
538561,84969,BOX OF 6 ASSORTED COLOUR TEASPOONS,1.0,2023-11-27 23:43:32,4.1,12736,4.1
538561,22411,JUMBO SHOPPER VINTAGE RED PAISLEY,3.0,2023-11-27 23:43:32,2.02,12736,6.06
538561,20726,LUNCH BAG WOODLAND,2.0,2023-11-27 23:43:32,1.59,12736,3.18
538561,20727,LUNCH BAG BLACK SKULL.,4.0,2023-11-27 23:43:32,1.61,12736,6.44
538564,22383,LUNCH BAG SUKI DESIGN,1.0,2023-09-25 22:21:20,1.63,12561,1.63
538564,22382,LUNCH BAG SPACEBOY DESIGN,1.0,2023-09-25 22:21:20,1.57,12561,1.57
538564,22310,IVORY KNITTED MUG COSY,1.0,2023-09-25 22:21:20,1.67,12561,1.67
538564,84879,ASSORTED COLOUR BIRD ORNAMENT,1.0,2023-09-25 22:21:20,1.7,12561,1.7
538565,71053,WHITE METAL LANTERN,3.0,2023-10-22 13:05:37,3.47,12877,10.41
538565,85099B,JUMBO BAG RED RETROSPOT,2.0,2023-10-22 13:05:37,1.88,12877,3.76
538565,84029G,KNITTED UNION FLAG HOT WATER BOTTLE,1.0,2023-10-22 13:05:37,3.29,12877,3.29
538565,22749,POPPY'S PLAYHOUSE LIVINGROOM,1.0,2023-10-22 13:05:37,2.18,12877,2.18
538566,85099B,JUMBO BAG RED RETROSPOT,2.0,2023-05-26 20:06:49,1.93,12887,3.86
538566,22749,POPPY'S PLAYHOUSE LIVINGROOM,1.0,2023-05-26 20:06:49,2.08,12887,2.08
538566,22382,LUNCH BAG SPACEBOY DESIGN,1.0,2023-05-26 20:06:49,1.64,12887,1.64
538566,84406B,CREAM CUPID HEARTS COAT HANGER,2.0,2023-05-26 20:06:49,2.64,12887,5.28
538566,22748,POPPY'S PLAYHOUSE KITCHEN,2.0,2023-05-26 20:06:49,2.08,12887,4.16
538567,22383,LUNCH BAG SUKI DESIGN,2.0,2023-11-06 23:09:29,1.58,12897,3.16
538567,22384,LUNCH BAG PINK POLKADOT,3.0,2023-11-06 23:09:29,1.58,12897,4.74
538567,85123A,WHITE HANGING HEART T-LIGHT HOLDER,4.0,2023-11-06 23:09:29,2.58,12897,10.32
538568,20727,LUNCH BAG BLACK SKULL.,2.0,2023-08-21 05:55:13,1.68,13021,3.36
538568,47566,PARTY BUNTING,4.0,2023-08-21 05:55:13,4.48,13021,17.92
538569,22749,POPPY'S PLAYHOUSE LIVINGROOM,4.0,2023-03-18 14:40:36,2.05,12792,8.2
538569,85099F,JUMBO BAG STRAWBERRY,3.0,2023-03-18 14:40:36,2.04,12792,6.12
538569,22633,HAND WARMER UNION JACK,1.0,2023-03-18 14:40:36,1.77,12792,1.77
538571,22384,LUNCH BAG PINK POLKADOT,2.0,2023-11-06 10:12:52,1.72,12659,3.44
538571,21931,JUMBO STORAGE BAG SUKI,1.0,2023-11-06 10:12:52,1.91,12659,1.91
538571,22382,LUNCH BAG SPACEBOY DESIGN,2.0,2023-11-06 10:12:52,1.63,12659,3.26
538571,22411,JUMBO SHOPPER VINTAGE RED PAISLEY,1.0,2023-11-06 10:12:52,1.89,12659,1.89
538571,22383,LUNCH BAG SUKI DESIGN,1.0,2023-11-06 10:12:52,1.58,12659,1.58
538572,22745,POPPY'S PLAYHOUSE BEDROOM,2.0,2023-11-14 20:10:30,2.09,12855,4.18
538572,47566,PARTY BUNTING,2.0,2023-11-14 20:10:30,4.84,12855,9.68
538572,20727,LUNCH BAG BLACK SKULL.,2.0,2023-11-14 20:10:30,1.68,12855,3.36
538572,84029E,RED WOOLLY HOTTIE WHITE HEART.,2.0,2023-11-14 20:10:30,3.43,12855,6.86
538574,20725,LUNCH BAG RED RETROSPOT,1.0,2023-03-23 11:10:31,1.66,12858,1.66
538575,20726,LUNCH BAG WOODLAND,3.0,2023-02-07 14:11:16,1.68,12882,5.04
538575,47566,PARTY BUNTING,3.0,2023-02-07 14:11:16,4.79,12882,14.37
538575,22382,LUNCH BAG SPACEBOY DESIGN,1.0,2023-02-07 14:11:16,1.67,12882,1.67
538575,84029G,KNITTED UNION FLAG HOT WATER BOTTLE,1.0,2023-02-07 14:11:16,3.48,12882,3.48
538576,22632,HAND WARMER RED POLKA DOT,1.0,2023-09-06 04:10:05,1.8,12877,1.8
538576,85123A,WHITE HANGING HEART T-LIGHT HOLDER,3.0,2023-09-06 04:10:05,2.49,12877,7.47
538576,22383,LUNCH BAG SUKI DESIGN,3.0,2023-09-06 04:10:05,1.64,12877,4.92
538576,84969,BOX OF 6 ASSORTED COLOUR TEASPOONS,3.0,2023-09-06 04:10:05,4.39,12877,13.17
538576,22745,POPPY'S PLAYHOUSE BEDROOM,2.0,2023-09-06 04:10:05,2.13,12877,4.26
538577,22310,IVORY KNITTED MUG COSY,1.0,2023-07-11 04:19:14,1.65,12787,1.65
538577,21931,JUMBO STORAGE BAG SUKI,2.0,2023-07-11 04:19:14,1.92,12787,3.84
538577,22384,LUNCH BAG PINK POLKADOT,1.0,2023-07-11 04:19:14,1.68,12787,1.68
538577,22745,POPPY'S PLAYHOUSE BEDROOM,2.0,2023-07-11 04:19:14,2.19,12787,4.38
538578,21931,JUMBO STORAGE BAG SUKI,4.0,2023-12-03 10:21:11,1.93,12927,7.72
538578,71053,WHITE METAL LANTERN,2.0,2023-12-03 10:21:11,3.28,12927,6.56
538578,22632,HAND WARMER RED POLKA DOT,2.0,2023-12-03 10:21:11,1.8,12927,3.6
538578,84406B,CREAM CUPID HEARTS COAT HANGER,1.0,2023-12-03 10:21:11,2.88,12927,2.88
538579,22382,LUNCH BAG SPACEBOY DESIGN,2.0,2023-07-27 04:32:44,1.6,12784,3.2
538579,22633,HAND WARMER UNION JACK,6.0,2023-07-27 04:32:44,1.8,12784,10.8
538579,85099B,JUMBO BAG RED RETROSPOT,3.0,2023-07-27 04:32:44,1.86,12784,5.58
538579,22383,LUNCH BAG SUKI DESIGN,2.0,2023-07-27 04:32:44,1.73,12784,3.46
538579,84029G,KNITTED UNION FLAG HOT WATER BOTTLE,2.0,2023-07-27 04:32:44,3.46,12784,6.92
538580,84029G,KNITTED UNION FLAG HOT WATER BOTTLE,1.0,2023-04-13 12:16:10,3.32,12704,3.32
538580,20727,LUNCH BAG BLACK SKULL.,6.0,2023-04-13 12:16:10,1.6,12704,9.6
538580,22632,HAND WARMER RED POLKA DOT,2.0,2023-04-13 12:16:10,1.88,12704,3.76
538580,22384,LUNCH BAG PINK POLKADOT,2.0,2023-04-13 12:16:10,1.65,12704,3.3
538580,84969,BOX OF 6 ASSORTED COLOUR TEASPOONS,6.0,2023-04-13 12:16:10,4.21,12704,25.26
538580,71053,WHITE METAL LANTERN,6.0,2023-04-13 12:16:10,3.32,12704,19.92
538581,22086,PAPER CHAIN KIT 50'S CHRISTMAS,1.0,2023-09-03 06:55:51,2.49,12614,2.49
538582,22749,POPPY'S PLAYHOUSE LIVINGROOM,4.0,2023-05-17 09:17:49,2.17,12379,8.68
538583,22749,POPPY'S PLAYHOUSE LIVINGROOM,2.0,2023-05-24 08:41:12,2.2,12852,4.4
538583,22411,JUMBO SHOPPER VINTAGE RED PAISLEY,2.0,2023-05-24 08:41:12,2.04,12852,4.08
538583,22384,LUNCH BAG PINK POLKADOT,2.0,2023-05-24 08:41:12,1.64,12852,3.28
538583,85123A,WHITE HANGING HEART T-LIGHT HOLDER,2.0,2023-05-24 08:41:12,2.5,12852,5.0
538584,84406B,CREAM CUPID HEARTS COAT HANGER,3.0,2023-10-18 03:11:43,2.76,12524,8.28
538584,20726,LUNCH BAG WOODLAND,3.0,2023-10-18 03:11:43,1.62,12524,4.86
538585,71053,WHITE METAL LANTERN,1.0,2023-06-25 09:04:31,3.27,12878,3.27
538585,22411,JUMBO SHOPPER VINTAGE RED PAISLEY,1.0,2023-06-25 09:04:31,2.04,12878,2.04
538585,84029G,KNITTED UNION FLAG HOT WATER BOTTLE,2.0,2023-06-25 09:04:31,3.46,12878,6.92
538585,22633,HAND WARMER UNION JACK,4.0,2023-06-25 09:04:31,1.76,12878,7.04
538586,85123A,WHITE HANGING HEART T-LIGHT HOLDER,1.0,2023-11-18 15:02:58,2.54,12877,2.54
538586,22086,PAPER CHAIN KIT 50'S CHRISTMAS,2.0,2023-11-18 15:02:58,2.5,12877,5.0
538586,20725,LUNCH BAG RED RETROSPOT,3.0,2023-11-18 15:02:58,1.72,12877,5.16
538587,22383,LUNCH BAG SUKI DESIGN,3.0,2023-10-23 20:41:21,1.71,12701,5.13
538587,20725,LUNCH BAG RED RETROSPOT,1.0,2023-10-23 20:41:21,1.73,12701,1.73
538587,22386,JUMBO BAG PINK POLKADOT,2.0,2023-10-23 20:41:21,1.93,12701,3.86
538588,47566,PARTY BUNTING,1.0,2023-11-15 01:02:36,4.74,12854,4.74
538589,21730,GLASS STAR FROSTED T-LIGHT HOLDER,2.0,2023-03-14 11:55:40,4.38,13030,8.76
538589,22386,JUMBO BAG PINK POLKADOT,2.0,2023-03-14 11:55:40,1.9,13030,3.8
538589,20728,LUNCH BAG CARS BLUE,3.0,2023-03-14 11:55:40,1.63,13030,4.89
538589,85099F,JUMBO BAG STRAWBERRY,1.0,2023-03-14 11:55:40,1.96,13030,1.96
538589,22633,HAND WARMER UNION JACK,3.0,2023-03-14 11:55:40,1.9,13030,5.7
538589,84969,BOX OF 6 ASSORTED COLOUR TEASPOONS,3.0,2023-03-14 11:55:40,4.35,13030,13.05
538591,22086,PAPER CHAIN KIT 50'S CHRISTMAS,1.0,2023-06-04 08:38:03,2.6,12609,2.6
538591,22384,LUNCH BAG PINK POLKADOT,2.0,2023-06-04 08:38:03,1.58,12609,3.16
538593,85123A,WHITE HANGING HEART T-LIGHT HOLDER,1.0,2023-09-10 12:44:32,2.59,12610,2.59
538594,84029G,KNITTED UNION FLAG HOT WATER BOTTLE,6.0,2023-04-06 22:37:18,3.27,12758,19.62
538594,47566,PARTY BUNTING,2.0,2023-04-06 22:37:18,4.44,12758,8.88
538594,85099F,JUMBO BAG STRAWBERRY,2.0,2023-04-06 22:37:18,1.96,12758,3.92
538594,84029E,RED WOOLLY HOTTIE WHITE HEART.,1.0,2023-04-06 22:37:18,3.23,12758,3.23
538596,71053,WHITE METAL LANTERN,3.0,2023-07-04 11:30:10,3.31,13083,9.93
538596,22632,HAND WARMER RED POLKA DOT,4.0,2023-07-04 11:30:10,1.91,13083,7.64
538596,84029G,KNITTED UNION FLAG HOT WATER BOTTLE,1.0,2023-07-04 11:30:10,3.22,13083,3.22
538596,22310,IVORY KNITTED MUG COSY,1.0,2023-07-04 11:30:10,1.72,13083,1.72
538596,22749,POPPY'S PLAYHOUSE LIVINGROOM,1.0,2023-07-04 11:30:10,2.03,13083,2.03
538597,85099F,JUMBO BAG STRAWBERRY,1.0,2023-11-02 00:55:36,1.88,12500,1.88
538597,85099B,JUMBO BAG RED RETROSPOT,3.0,2023-11-02 00:55:36,2.02,12500,6.06
538597,22632,HAND WARMER RED POLKA DOT,2.0,2023-11-02 00:55:36,1.85,12500,3.7
538597,20727,LUNCH BAG BLACK SKULL.,1.0,2023-11-02 00:55:36,1.58,12500,1.58
538597,22411,JUMBO SHOPPER VINTAGE RED PAISLEY,3.0,2023-11-02 00:55:36,1.96,12500,5.88
538597,84029G,KNITTED UNION FLAG HOT WATER BOTTLE,1.0,2023-11-02 00:55:36,3.41,12500,3.41
538598,85099F,JUMBO BAG STRAWBERRY,3.0,2023-11-15 06:57:49,1.95,13086,5.85
538598,20727,LUNCH BAG BLACK SKULL.,2.0,2023-11-15 06:57:49,1.57,13086,3.14
538598,22633,HAND WARMER UNION JACK,1.0,2023-11-15 06:57:49,1.76,13086,1.76
538598,22745,POPPY'S PLAYHOUSE BEDROOM,6.0,2023-11-15 06:57:49,2.13,13086,12.78
538598,85099B,JUMBO BAG RED RETROSPOT,1.0,2023-11-15 06:57:49,2.01,13086,2.01
538599,22411,JUMBO SHOPPER VINTAGE RED PAISLEY,2.0,2023-10-03 20:28:24,1.96,12807,3.92
538599,47566,PARTY BUNTING,4.0,2023-10-03 20:28:24,4.49,12807,17.96
538599,21730,GLASS STAR FROSTED T-LIGHT HOLDER,3.0,2023-10-03 20:28:24,4.14,12807,12.42
538600,22632,HAND WARMER RED POLKA DOT,2.0,2023-07-28 10:25:14,1.9,13094,3.8
538600,84969,BOX OF 6 ASSORTED COLOUR TEASPOONS,2.0,2023-07-28 10:25:14,4.18,13094,8.36
538600,85123A,WHITE HANGING HEART T-LIGHT HOLDER,6.0,2023-07-28 10:25:14,2.6,13094,15.6
538600,20728,LUNCH BAG CARS BLUE,1.0,2023-07-28 10:25:14,1.72,13094,1.72
538601,21730,GLASS STAR FROSTED T-LIGHT HOLDER,1.0,2023-12-05 19:06:38,4.45,12877,4.45
538602,84969,BOX OF 6 ASSORTED COLOUR TEASPOONS,2.0,2023-09-16 13:52:00,4.18,12852,8.36
538602,84406B,CREAM CUPID HEARTS COAT HANGER,4.0,2023-09-16 13:52:00,2.66,12852,10.64
538602,84029E,RED WOOLLY HOTTIE WHITE HEART.,1.0,2023-09-16 13:52:00,3.26,12852,3.26
538602,22086,PAPER CHAIN KIT 50'S CHRISTMAS,1.0,2023-09-16 13:52:00,2.6,12852,2.6
538603,22383,LUNCH BAG SUKI DESIGN,6.0,2023-06-14 09:08:13,1.61,13031,9.66
538604,85099B,JUMBO BAG RED RETROSPOT,1.0,2023-10-10 03:09:28,1.9,12698,1.9
538604,22383,LUNCH BAG SUKI DESIGN,6.0,2023-10-10 03:09:28,1.65,12698,9.9
538604,22386,JUMBO BAG PINK POLKADOT,6.0,2023-10-10 03:09:28,1.91,12698,11.46
538604,22310,IVORY KNITTED MUG COSY,1.0,2023-10-10 03:09:28,1.63,12698,1.63
538605,22086,PAPER CHAIN KIT 50'S CHRISTMAS,1.0,2023-11-06 04:21:57,2.42,12347,2.42
538605,22383,LUNCH BAG SUKI DESIGN,2.0,2023-11-06 04:21:57,1.57,12347,3.14
538605,22382,LUNCH BAG SPACEBOY DESIGN,1.0,2023-11-06 04:21:57,1.57,12347,1.57
538605,21931,JUMBO STORAGE BAG SUKI,4.0,2023-11-06 04:21:57,2.02,12347,8.08
538606,21931,JUMBO STORAGE BAG SUKI,1.0,2023-11-04 23:44:33,1.88,12355,1.88
538606,22382,LUNCH BAG SPACEBOY DESIGN,2.0,2023-11-04 23:44:33,1.72,12355,3.44
538609,22383,LUNCH BAG SUKI DESIGN,1.0,2023-04-22 11:41:57,1.67,12877,1.67
538609,22310,IVORY KNITTED MUG COSY,6.0,2023-04-22 11:41:57,1.6,12877,9.6
538609,22086,PAPER CHAIN KIT 50'S CHRISTMAS,2.0,2023-04-22 11:41:57,2.46,12877,4.92
538609,20726,LUNCH BAG WOODLAND,3.0,2023-04-22 11:41:57,1.6,12877,4.8
538610,85099F,JUMBO BAG STRAWBERRY,2.0,2023-10-01 16:44:49,1.92,13021,3.84
538611,22749,POPPY'S PLAYHOUSE LIVINGROOM,1.0,2023-05-21 23:19:26,2.05,12544,2.05
538611,20725,LUNCH BAG RED RETROSPOT,1.0,2023-05-21 23:19:26,1.62,12544,1.62
538612,21730,GLASS STAR FROSTED T-LIGHT HOLDER,2.0,2023-12-09 05:37:35,4.36,12845,8.72
538612,84029G,KNITTED UNION FLAG HOT WATER BOTTLE,1.0,2023-12-09 05:37:35,3.22,12845,3.22
538614,71053,WHITE METAL LANTERN,1.0,2023-05-07 17:14:27,3.52,12870,3.52
538614,22632,HAND WARMER RED POLKA DOT,6.0,2023-05-07 17:14:27,1.87,12870,11.22
538614,84969,BOX OF 6 ASSORTED COLOUR TEASPOONS,1.0,2023-05-07 17:14:27,4.23,12870,4.23
538614,84406B,CREAM CUPID HEARTS COAT HANGER,1.0,2023-05-07 17:14:27,2.74,12870,2.74
538615,84029G,KNITTED UNION FLAG HOT WATER BOTTLE,3.0,2023-04-24 22:37:16,3.44,12576,10.32
538615,22383,LUNCH BAG SUKI DESIGN,1.0,2023-04-24 22:37:16,1.67,12576,1.67
538615,84969,BOX OF 6 ASSORTED COLOUR TEASPOONS,1.0,2023-04-24 22:37:16,4.11,12576,4.11
538616,84969,BOX OF 6 ASSORTED COLOUR TEASPOONS,2.0,2023-08-30 22:56:05,4.33,12877,8.66
538616,20727,LUNCH BAG BLACK SKULL.,1.0,2023-08-30 22:56:05,1.6,12877,1.6
538617,22382,LUNCH BAG SPACEBOY DESIGN,1.0,2023-07-04 16:38:25,1.63,12877,1.63
538617,22748,POPPY'S PLAYHOUSE KITCHEN,1.0,2023-07-04 16:38:25,2.15,12877,2.15
538617,22384,LUNCH BAG PINK POLKADOT,1.0,2023-07-04 16:38:25,1.6,12877,1.6
538618,20726,LUNCH BAG WOODLAND,6.0,2023-09-06 03:14:47,1.71,12961,10.26
538619,84879,ASSORTED COLOUR BIRD ORNAMENT,1.0,2023-10-07 03:45:49,1.74,13095,1.74
538619,20725,LUNCH BAG RED RETROSPOT,3.0,2023-10-07 03:45:49,1.7,13095,5.1
538619,84969,BOX OF 6 ASSORTED COLOUR TEASPOONS,1.0,2023-10-07 03:45:49,4.3,13095,4.3
538619,21931,JUMBO STORAGE BAG SUKI,1.0,2023-10-07 03:45:49,1.96,13095,1.96
538619,22386,JUMBO BAG PINK POLKADOT,1.0,2023-10-07 03:45:49,1.91,13095,1.91
538620,22386,JUMBO BAG PINK POLKADOT,6.0,2023-06-30 19:01:51,1.87,12713,11.22
538620,71053,WHITE METAL LANTERN,3.0,2023-06-30 19:01:51,3.42,12713,10.26
538620,20726,LUNCH BAG WOODLAND,2.0,2023-06-30 19:01:51,1.59,12713,3.18
538620,84406B,CREAM CUPID HEARTS COAT HANGER,2.0,2023-06-30 19:01:51,2.67,12713,5.34
538620,84029G,KNITTED UNION FLAG HOT WATER BOTTLE,2.0,2023-06-30 19:01:51,3.31,12713,6.62
538621,21730,GLASS STAR FROSTED T-LIGHT HOLDER,1.0,2023-10-03 13:20:35,4.13,12886,4.13
538621,71053,WHITE METAL LANTERN,1.0,2023-10-03 13:20:35,3.31,12886,3.31
538622,22748,POPPY'S PLAYHOUSE KITCHEN,2.0,2023-04-06 15:23:18,2.04,12399,4.08
538624,20725,LUNCH BAG RED RETROSPOT,3.0,2023-08-11 15:35:23,1.58,12751,4.74
538625,22383,LUNCH BAG SUKI DESIGN,1.0,2023-07-13 07:14:09,1.58,12877,1.58
538625,22086,PAPER CHAIN KIT 50'S CHRISTMAS,2.0,2023-07-13 07:14:09,2.59,12877,5.18
538625,22633,HAND WARMER UNION JACK,2.0,2023-07-13 07:14:09,1.88,12877,3.76
538625,84969,BOX OF 6 ASSORTED COLOUR TEASPOONS,6.0,2023-07-13 07:14:09,4.35,12877,26.1
538627,84029G,KNITTED UNION FLAG HOT WATER BOTTLE,2.0,2023-06-22 05:11:35,3.51,12735,7.02
538628,85099F,JUMBO BAG STRAWBERRY,4.0,2023-07-30 00:11:09,1.86,12817,7.44
538628,22310,IVORY KNITTED MUG COSY,2.0,2023-07-30 00:11:09,1.71,12817,3.42
538629,22382,LUNCH BAG SPACEBOY DESIGN,1.0,2023-06-29 03:51:46,1.73,12940,1.73
538630,20727,LUNCH BAG BLACK SKULL.,2.0,2023-10-19 21:56:23,1.59,12877,3.18
538630,85099B,JUMBO BAG RED RETROSPOT,1.0,2023-10-19 21:56:23,1.98,12877,1.98
538630,21730,GLASS STAR FROSTED T-LIGHT HOLDER,3.0,2023-10-19 21:56:23,4.24,12877,12.72
538631,22749,POPPY'S PLAYHOUSE LIVINGROOM,6.0,2023-09-26 08:44:26,2.13,12906,12.78
538631,22086,PAPER CHAIN KIT 50'S CHRISTMAS,4.0,2023-09-26 08:44:26,2.63,12906,10.52
538631,20726,LUNCH BAG WOODLAND,1.0,2023-09-26 08:44:26,1.73,12906,1.73
538632,85099B,JUMBO BAG RED RETROSPOT,3.0,2023-08-23 10:08:10,1.85,12379,5.55
538632,22633,HAND WARMER UNION JACK,1.0,2023-08-23 10:08:10,1.88,12379,1.88
538632,22386,JUMBO BAG PINK POLKADOT,6.0,2023-08-23 10:08:10,1.87,12379,11.22
538632,22748,POPPY'S PLAYHOUSE KITCHEN,1.0,2023-08-23 10:08:10,2.16,12379,2.16
538633,20726,LUNCH BAG WOODLAND,1.0,2023-11-11 16:28:51,1.64,12408,1.64
538633,22383,LUNCH BAG SUKI DESIGN,3.0,2023-11-11 16:28:51,1.59,12408,4.77
538633,21931,JUMBO STORAGE BAG SUKI,2.0,2023-11-11 16:28:51,1.98,12408,3.96
538633,22384,LUNCH BAG PINK POLKADOT,3.0,2023-11-11 16:28:51,1.62,12408,4.86
538633,85099F,JUMBO BAG STRAWBERRY,1.0,2023-11-11 16:28:51,1.97,12408,1.97
538634,22383,LUNCH BAG SUKI DESIGN,6.0,2023-03-14 07:46:21,1.68,12594,10.08
538635,84406B,CREAM CUPID HEARTS COAT HANGER,1.0,2023-07-18 03:16:01,2.78,12668,2.78
538635,21931,JUMBO STORAGE BAG SUKI,1.0,2023-07-18 03:16:01,1.93,12668,1.93
538635,84969,BOX OF 6 ASSORTED COLOUR TEASPOONS,1.0,2023-07-18 03:16:01,4.1,12668,4.1
538635,20727,LUNCH BAG BLACK SKULL.,3.0,2023-07-18 03:16:01,1.63,12668,4.89
538636,22386,JUMBO BAG PINK POLKADOT,1.0,2023-09-20 22:38:53,1.85,12875,1.85
538636,84969,BOX OF 6 ASSORTED COLOUR TEASPOONS,2.0,2023-09-20 22:38:53,4.36,12875,8.72
538636,20727,LUNCH BAG BLACK SKULL.,1.0,2023-09-20 22:38:53,1.58,12875,1.58
538636,84029G,KNITTED UNION FLAG HOT WATER BOTTLE,2.0,2023-09-20 22:38:53,3.39,12875,6.78
538637,84406B,CREAM CUPID HEARTS COAT HANGER,1.0,2023-12-07 14:45:57,2.88,12663,2.88
538637,85123A,WHITE HANGING HEART T-LIGHT HOLDER,2.0,2023-12-07 14:45:57,2.5,12663,5.0
538637,20725,LUNCH BAG RED RETROSPOT,1.0,2023-12-07 14:45:57,1.59,12663,1.59
538638,84406B,CREAM CUPID HEARTS COAT HANGER,3.0,2023-12-01 11:19:09,2.65,12996,7.95
538638,22633,HAND WARMER UNION JACK,1.0,2023-12-01 11:19:09,1.87,12996,1.87
538638,22382,LUNCH BAG SPACEBOY DESIGN,1.0,2023-12-01 11:19:09,1.66,12996,1.66
538638,22632,HAND WARMER RED POLKA DOT,3.0,2023-12-01 11:19:09,1.85,12996,5.55
538638,20727,LUNCH BAG BLACK SKULL.,1.0,2023-12-01 11:19:09,1.58,12996,1.58
538639,22633,HAND WARMER UNION JACK,3.0,2023-08-24 00:00:22,1.83,12347,5.49
538639,20725,LUNCH BAG RED RETROSPOT,1.0,2023-08-24 00:00:22,1.6,12347,1.6
538639,22386,JUMBO BAG PINK POLKADOT,3.0,2023-08-24 00:00:22,2.04,12347,6.12
538640,20726,LUNCH BAG WOODLAND,1.0,2023-09-30 06:27:16,1.73,12415,1.73
538640,22310,IVORY KNITTED MUG COSY,1.0,2023-09-30 06:27:16,1.63,12415,1.63
538642,22386,JUMBO BAG PINK POLKADOT,4.0,2023-08-20 18:01:33,1.94,12920,7.76
538642,22384,LUNCH BAG PINK POLKADOT,2.0,2023-08-20 18:01:33,1.68,12920,3.36
538642,84406B,CREAM CUPID HEARTS COAT HANGER,1.0,2023-08-20 18:01:33,2.8,12920,2.8
538643,20726,LUNCH BAG WOODLAND,3.0,2023-08-09 08:15:10,1.59,12467,4.77
538643,21931,JUMBO STORAGE BAG SUKI,1.0,2023-08-09 08:15:10,2.02,12467,2.02
538643,22383,LUNCH BAG SUKI DESIGN,6.0,2023-08-09 08:15:10,1.64,12467,9.84
538643,22745,POPPY'S PLAYHOUSE BEDROOM,1.0,2023-08-09 08:15:10,2.0,12467,2.0
538643,22411,JUMBO SHOPPER VINTAGE RED PAISLEY,1.0,2023-08-09 08:15:10,1.9,12467,1.9
538644,84969,BOX OF 6 ASSORTED COLOUR TEASPOONS,3.0,2023-10-12 06:21:27,4.1,12572,12.3
538644,84406B,CREAM CUPID HEARTS COAT HANGER,3.0,2023-10-12 06:21:27,2.62,12572,7.86
538644,22086,PAPER CHAIN KIT 50'S CHRISTMAS,1.0,2023-10-12 06:21:27,2.55,12572,2.55
538644,22382,LUNCH BAG SPACEBOY DESIGN,2.0,2023-10-12 06:21:27,1.72,12572,3.44
538645,20728,LUNCH BAG CARS BLUE,1.0,2023-07-30 07:58:51,1.58,12787,1.58
538645,85099F,JUMBO BAG STRAWBERRY,3.0,2023-07-30 07:58:51,1.97,12787,5.91
538645,84029E,RED WOOLLY HOTTIE WHITE HEART.,1.0,2023-07-30 07:58:51,3.48,12787,3.48
538645,22749,POPPY'S PLAYHOUSE LIVINGROOM,2.0,2023-07-30 07:58:51,2.01,12787,4.02
538645,85123A,WHITE HANGING HEART T-LIGHT HOLDER,4.0,2023-07-30 07:58:51,2.48,12787,9.92
538646,22411,JUMBO SHOPPER VINTAGE RED PAISLEY,1.0,2023-08-16 05:11:14,2.03,12844,2.03
538646,71053,WHITE METAL LANTERN,6.0,2023-08-16 05:11:14,3.52,12844,21.12
538646,22382,LUNCH BAG SPACEBOY DESIGN,1.0,2023-08-16 05:11:14,1.66,12844,1.66
538646,84969,BOX OF 6 ASSORTED COLOUR TEASPOONS,1.0,2023-08-16 05:11:14,4.17,12844,4.17
538646,85099B,JUMBO BAG RED RETROSPOT,4.0,2023-08-16 05:11:14,1.89,12844,7.56
538647,22310,IVORY KNITTED MUG COSY,1.0,2023-03-26 05:53:41,1.68,13025,1.68
538647,22386,JUMBO BAG PINK POLKADOT,1.0,2023-03-26 05:53:41,1.86,13025,1.86
538647,20726,LUNCH BAG WOODLAND,3.0,2023-03-26 05:53:41,1.73,13025,5.19
538647,84969,BOX OF 6 ASSORTED COLOUR TEASPOONS,1.0,2023-03-26 05:53:41,4.07,13025,4.07
538648,84029E,RED WOOLLY HOTTIE WHITE HEART.,3.0,2023-05-08 21:34:20,3.3,12704,9.9
538648,22632,HAND WARMER RED POLKA DOT,1.0,2023-05-08 21:34:20,1.78,12704,1.78
538648,22382,LUNCH BAG SPACEBOY DESIGN,4.0,2023-05-08 21:34:20,1.6,12704,6.4
538648,22086,PAPER CHAIN KIT 50'S CHRISTMAS,2.0,2023-05-08 21:34:20,2.6,12704,5.2
538648,85099F,JUMBO BAG STRAWBERRY,3.0,2023-05-08 21:34:20,1.96,12704,5.88
538649,22632,HAND WARMER RED POLKA DOT,4.0,2023-11-18 12:21:27,1.92,12926,7.68
538649,22086,PAPER CHAIN KIT 50'S CHRISTMAS,2.0,2023-11-18 12:21:27,2.59,12926,5.18
538649,84879,ASSORTED COLOUR BIRD ORNAMENT,1.0,2023-11-18 12:21:27,1.77,12926,1.77
538653,84406B,CREAM CUPID HEARTS COAT HANGER,2.0,2023-10-26 06:23:12,2.66,13105,5.32
538653,21730,GLASS STAR FROSTED T-LIGHT HOLDER,2.0,2023-10-26 06:23:12,4.1,13105,8.2
538653,85099B,JUMBO BAG RED RETROSPOT,2.0,2023-10-26 06:23:12,1.96,13105,3.92
538653,22632,HAND WARMER RED POLKA DOT,2.0,2023-10-26 06:23:12,1.89,13105,3.78
538653,22384,LUNCH BAG PINK POLKADOT,1.0,2023-10-26 06:23:12,1.62,13105,1.62
538654,21931,JUMBO STORAGE BAG SUKI,1.0,2023-03-21 19:10:38,1.96,12877,1.96
538654,22383,LUNCH BAG SUKI DESIGN,1.0,2023-03-21 19:10:38,1.66,12877,1.66
538654,84029G,KNITTED UNION FLAG HOT WATER BOTTLE,2.0,2023-03-21 19:10:38,3.51,12877,7.02
538656,22386,JUMBO BAG PINK POLKADOT,2.0,2023-07-16 22:23:24,1.92,12878,3.84
538656,84029G,KNITTED UNION FLAG HOT WATER BOTTLE,1.0,2023-07-16 22:23:24,3.46,12878,3.46
538657,22749,POPPY'S PLAYHOUSE LIVINGROOM,4.0,2023-09-30 15:00:55,2.09,12869,8.36
538657,22633,HAND WARMER UNION JACK,1.0,2023-09-30 15:00:55,1.87,12869,1.87
538657,22745,POPPY'S PLAYHOUSE BEDROOM,1.0,2023-09-30 15:00:55,2.15,12869,2.15
538658,20725,LUNCH BAG RED RETROSPOT,3.0,2023-04-11 18:20:55,1.73,12500,5.19
538659,85099B,JUMBO BAG RED RETROSPOT,6.0,2023-05-03 05:52:03,1.96,12612,11.76
538660,20725,LUNCH BAG RED RETROSPOT,1.0,2023-05-24 04:54:30,1.69,12877,1.69
538660,22633,HAND WARMER UNION JACK,1.0,2023-05-24 04:54:30,1.78,12877,1.78
538660,85099F,JUMBO BAG STRAWBERRY,1.0,2023-05-24 04:54:30,2.03,12877,2.03
538660,84879,ASSORTED COLOUR BIRD ORNAMENT,4.0,2023-05-24 04:54:30,1.71,12877,6.84
538660,22632,HAND WARMER RED POLKA DOT,3.0,2023-05-24 04:54:30,1.93,12877,5.79
538661,20728,LUNCH BAG CARS BLUE,6.0,2023-09-12 15:02:38,1.62,13091,9.72
538661,21730,GLASS STAR FROSTED T-LIGHT HOLDER,1.0,2023-09-12 15:02:38,4.07,13091,4.07
538661,85123A,WHITE HANGING HEART T-LIGHT HOLDER,1.0,2023-09-12 15:02:38,2.59,13091,2.59
538661,22633,HAND WARMER UNION JACK,6.0,2023-09-12 15:02:38,1.79,13091,10.74
538662,84969,BOX OF 6 ASSORTED COLOUR TEASPOONS,1.0,2023-03-14 17:16:09,4.11,12878,4.11
538662,85099F,JUMBO BAG STRAWBERRY,1.0,2023-03-14 17:16:09,1.91,12878,1.91
538662,84029G,KNITTED UNION FLAG HOT WATER BOTTLE,3.0,2023-03-14 17:16:09,3.5,12878,10.5
538662,22383,LUNCH BAG SUKI DESIGN,6.0,2023-03-14 17:16:09,1.65,12878,9.9
538663,20728,LUNCH BAG CARS BLUE,1.0,2023-03-20 14:39:06,1.67,12500,1.67
538664,22411,JUMBO SHOPPER VINTAGE RED PAISLEY,1.0,2023-09-08 19:28:03,1.98,12440,1.98
538664,22384,LUNCH BAG PINK POLKADOT,1.0,2023-09-08 19:28:03,1.7,12440,1.7
538664,85123A,WHITE HANGING HEART T-LIGHT HOLDER,3.0,2023-09-08 19:28:03,2.64,12440,7.92
538665,85099B,JUMBO BAG RED RETROSPOT,1.0,2023-10-25 16:19:57,1.92,12578,1.92
538665,22384,LUNCH BAG PINK POLKADOT,6.0,2023-10-25 16:19:57,1.69,12578,10.14
538667,22310,IVORY KNITTED MUG COSY,2.0,2023-03-03 22:05:36,1.65,12897,3.3
538667,22383,LUNCH BAG SUKI DESIGN,2.0,2023-03-03 22:05:36,1.62,12897,3.24
538667,20725,LUNCH BAG RED RETROSPOT,1.0,2023-03-03 22:05:36,1.6,12897,1.6
538669,20728,LUNCH BAG CARS BLUE,2.0,2023-05-23 15:16:31,1.69,12877,3.38
538669,22310,IVORY KNITTED MUG COSY,6.0,2023-05-23 15:16:31,1.7,12877,10.2
538669,84406B,CREAM CUPID HEARTS COAT HANGER,2.0,2023-05-23 15:16:31,2.76,12877,5.52
538669,85123A,WHITE HANGING HEART T-LIGHT HOLDER,4.0,2023-05-23 15:16:31,2.58,12877,10.32
538669,84879,ASSORTED COLOUR BIRD ORNAMENT,3.0,2023-05-23 15:16:31,1.61,12877,4.83
538670,22632,HAND WARMER RED POLKA DOT,1.0,2023-11-16 02:51:15,1.89,12607,1.89
538670,71053,WHITE METAL LANTERN,2.0,2023-11-16 02:51:15,3.41,12607,6.82
538670,22383,LUNCH BAG SUKI DESIGN,3.0,2023-11-16 02:51:15,1.71,12607,5.13
538670,22384,LUNCH BAG PINK POLKADOT,3.0,2023-11-16 02:51:15,1.71,12607,5.13
538671,84029G,KNITTED UNION FLAG HOT WATER BOTTLE,2.0,2023-06-09 02:55:27,3.27,12877,6.54
538671,22310,IVORY KNITTED MUG COSY,6.0,2023-06-09 02:55:27,1.65,12877,9.9
538671,20725,LUNCH BAG RED RETROSPOT,3.0,2023-06-09 02:55:27,1.63,12877,4.89
538673,22086,PAPER CHAIN KIT 50'S CHRISTMAS,4.0,2023-10-18 01:30:37,2.66,12877,10.64
538675,22411,JUMBO SHOPPER VINTAGE RED PAISLEY,2.0,2023-03-09 18:20:41,2.04,12911,4.08
538675,20727,LUNCH BAG BLACK SKULL.,1.0,2023-03-09 18:20:41,1.6,12911,1.6
538675,22633,HAND WARMER UNION JACK,1.0,2023-03-09 18:20:41,1.92,12911,1.92
538675,71053,WHITE METAL LANTERN,2.0,2023-03-09 18:20:41,3.24,12911,6.48
538676,84879,ASSORTED COLOUR BIRD ORNAMENT,2.0,2023-08-21 17:04:17,1.63,12787,3.26
538676,20728,LUNCH BAG CARS BLUE,2.0,2023-08-21 17:04:17,1.61,12787,3.22
538676,22386,JUMBO BAG PINK POLKADOT,2.0,2023-08-21 17:04:17,2.04,12787,4.08
538677,21931,JUMBO STORAGE BAG SUKI,1.0,2023-01-22 08:23:28,1.86,12736,1.86
538678,84406B,CREAM CUPID HEARTS COAT HANGER,2.0,2023-08-15 06:29:48,2.79,12396,5.58
538678,22383,LUNCH BAG SUKI DESIGN,2.0,2023-08-15 06:29:48,1.57,12396,3.14
538678,84879,ASSORTED COLOUR BIRD ORNAMENT,3.0,2023-08-15 06:29:48,1.7,12396,5.1
538679,85099F,JUMBO BAG STRAWBERRY,4.0,2023-11-19 15:43:40,1.95,12576,7.8
538680,85099F,JUMBO BAG STRAWBERRY,2.0,2023-05-13 18:00:20,1.94,12574,3.88
538680,22748,POPPY'S PLAYHOUSE KITCHEN,1.0,2023-05-13 18:00:20,2.1,12574,2.1
538683,22384,LUNCH BAG PINK POLKADOT,2.0,2023-05-15 11:00:20,1.68,12787,3.36
538683,84879,ASSORTED COLOUR BIRD ORNAMENT,1.0,2023-05-15 11:00:20,1.74,12787,1.74
538684,22749,POPPY'S PLAYHOUSE LIVINGROOM,4.0,2023-09-27 17:57:17,2.08,12670,8.32
538684,22745,POPPY'S PLAYHOUSE BEDROOM,6.0,2023-09-27 17:57:17,2.04,12670,12.24
538684,22382,LUNCH BAG SPACEBOY DESIGN,2.0,2023-09-27 17:57:17,1.7,12670,3.4
538687,20725,LUNCH BAG RED RETROSPOT,1.0,2023-10-05 15:47:20,1.67,12712,1.67
538687,71053,WHITE METAL LANTERN,2.0,2023-10-05 15:47:20,3.33,12712,6.66
538687,20726,LUNCH BAG WOODLAND,4.0,2023-10-05 15:47:20,1.69,12712,6.76
538687,85123A,WHITE HANGING HEART T-LIGHT HOLDER,4.0,2023-10-05 15:47:20,2.45,12712,9.8
538687,22386,JUMBO BAG PINK POLKADOT,3.0,2023-10-05 15:47:20,2.02,12712,6.06
538687,22633,HAND WARMER UNION JACK,2.0,2023-10-05 15:47:20,1.76,12712,3.52
538688,22749,POPPY'S PLAYHOUSE LIVINGROOM,1.0,2023-09-26 00:02:07,2.2,12878,2.2
538689,21931,JUMBO STORAGE BAG SUKI,1.0,2023-11-20 16:23:56,2.05,12921,2.05
538689,85123A,WHITE HANGING HEART T-LIGHT HOLDER,1.0,2023-11-20 16:23:56,2.44,12921,2.44
538689,84879,ASSORTED COLOUR BIRD ORNAMENT,2.0,2023-11-20 16:23:56,1.75,12921,3.5
538689,22383,LUNCH BAG SUKI DESIGN,1.0,2023-11-20 16:23:56,1.58,12921,1.58
538690,22745,POPPY'S PLAYHOUSE BEDROOM,3.0,2023-07-31 11:21:22,2.14,12877,6.42
538690,22748,POPPY'S PLAYHOUSE KITCHEN,4.0,2023-07-31 11:21:22,2.05,12877,8.2
538690,84879,ASSORTED COLOUR BIRD ORNAMENT,6.0,2023-07-31 11:21:22,1.72,12877,10.32
538691,71053,WHITE METAL LANTERN,4.0,2023-07-17 23:39:25,3.33,12480,13.32
538691,22633,HAND WARMER UNION JACK,1.0,2023-07-17 23:39:25,1.82,12480,1.82
538691,84969,BOX OF 6 ASSORTED COLOUR TEASPOONS,1.0,2023-07-17 23:39:25,4.19,12480,4.19
538691,47566,PARTY BUNTING,1.0,2023-07-17 23:39:25,4.76,12480,4.76
538691,22411,JUMBO SHOPPER VINTAGE RED PAISLEY,2.0,2023-07-17 23:39:25,1.9,12480,3.8
538693,85099B,JUMBO BAG RED RETROSPOT,1.0,2023-06-25 18:29:56,2.03,12480,2.03
538693,85099F,JUMBO BAG STRAWBERRY,6.0,2023-06-25 18:29:56,1.92,12480,11.52
538694,22383,LUNCH BAG SUKI DESIGN,3.0,2023-06-27 17:03:34,1.62,12408,4.86
538694,84406B,CREAM CUPID HEARTS COAT HANGER,4.0,2023-06-27 17:03:34,2.71,12408,10.84
538694,22382,LUNCH BAG SPACEBOY DESIGN,1.0,2023-06-27 17:03:34,1.65,12408,1.65
538694,71053,WHITE METAL LANTERN,2.0,2023-06-27 17:03:34,3.42,12408,6.84
538694,84969,BOX OF 6 ASSORTED COLOUR TEASPOONS,2.0,2023-06-27 17:03:34,4.19,12408,8.38
538694,85099F,JUMBO BAG STRAWBERRY,1.0,2023-06-27 17:03:34,1.95,12408,1.95
538695,85123A,WHITE HANGING HEART T-LIGHT HOLDER,1.0,2023-04-19 21:12:36,2.44,12415,2.44
538695,22386,JUMBO BAG PINK POLKADOT,1.0,2023-04-19 21:12:36,2.0,12415,2.0
538695,84969,BOX OF 6 ASSORTED COLOUR TEASPOONS,3.0,2023-04-19 21:12:36,4.19,12415,12.57
538695,85099B,JUMBO BAG RED RETROSPOT,6.0,2023-04-19 21:12:36,1.98,12415,11.88
538695,47566,PARTY BUNTING,6.0,2023-04-19 21:12:36,4.79,12415,28.74
538696,20728,LUNCH BAG CARS BLUE,1.0,2023-04-19 07:44:08,1.6,12889,1.6
538696,84969,BOX OF 6 ASSORTED COLOUR TEASPOONS,6.0,2023-04-19 07:44:08,4.4,12889,26.4
538697,85099B,JUMBO BAG RED RETROSPOT,3.0,2023-12-03 15:47:03,1.93,12399,5.79
538697,22745,POPPY'S PLAYHOUSE BEDROOM,1.0,2023-12-03 15:47:03,2.2,12399,2.2
538699,84879,ASSORTED COLOUR BIRD ORNAMENT,1.0,2023-09-24 13:24:51,1.7,12877,1.7
538699,20727,LUNCH BAG BLACK SKULL.,2.0,2023-09-24 13:24:51,1.64,12877,3.28
538701,20728,LUNCH BAG CARS BLUE,2.0,2023-12-03 12:27:33,1.7,12784,3.4
538701,22383,LUNCH BAG SUKI DESIGN,4.0,2023-12-03 12:27:33,1.63,12784,6.52
538702,22310,IVORY KNITTED MUG COSY,3.0,2023-07-04 16:26:44,1.58,12401,4.74
538702,84969,BOX OF 6 ASSORTED COLOUR TEASPOONS,6.0,2023-07-04 16:26:44,4.25,12401,25.5
538702,22632,HAND WARMER RED POLKA DOT,1.0,2023-07-04 16:26:44,1.89,12401,1.89
538702,22382,LUNCH BAG SPACEBOY DESIGN,4.0,2023-07-04 16:26:44,1.58,12401,6.32
538703,22384,LUNCH BAG PINK POLKADOT,6.0,2023-07-31 05:12:17,1.66,12814,9.96
538703,21730,GLASS STAR FROSTED T-LIGHT HOLDER,6.0,2023-07-31 05:12:17,4.09,12814,24.54
538703,22382,LUNCH BAG SPACEBOY DESIGN,1.0,2023-07-31 05:12:17,1.67,12814,1.67
538704,47566,PARTY BUNTING,2.0,2023-08-18 16:52:34,4.46,13144,8.92
538704,20725,LUNCH BAG RED RETROSPOT,1.0,2023-08-18 16:52:34,1.62,13144,1.62
538704,22386,JUMBO BAG PINK POLKADOT,2.0,2023-08-18 16:52:34,2.02,13144,4.04
538704,22748,POPPY'S PLAYHOUSE KITCHEN,6.0,2023-08-18 16:52:34,2.19,13144,13.14
538707,22749,POPPY'S PLAYHOUSE LIVINGROOM,2.0,2023-10-19 21:51:58,2.08,12877,4.16
538707,22748,POPPY'S PLAYHOUSE KITCHEN,1.0,2023-10-19 21:51:58,2.02,12877,2.02
538707,22310,IVORY KNITTED MUG COSY,4.0,2023-10-19 21:51:58,1.72,12877,6.88
538707,84029G,KNITTED UNION FLAG HOT WATER BOTTLE,1.0,2023-10-19 21:51:58,3.25,12877,3.25
538707,84029E,RED WOOLLY HOTTIE WHITE HEART.,6.0,2023-10-19 21:51:58,3.54,12877,21.24
538707,20726,LUNCH BAG WOODLAND,1.0,2023-10-19 21:51:58,1.71,12877,1.71
538708,22411,JUMBO SHOPPER VINTAGE RED PAISLEY,1.0,2023-07-23 03:32:23,2.02,12532,2.02
538708,22633,HAND WARMER UNION JACK,3.0,2023-07-23 03:32:23,1.8,12532,5.4
538712,71053,WHITE METAL LANTERN,2.0,2023-10-21 02:49:46,3.31,12841,6.62
538712,22633,HAND WARMER UNION JACK,1.0,2023-10-21 02:49:46,1.92,12841,1.92
538712,47566,PARTY BUNTING,1.0,2023-10-21 02:49:46,4.43,12841,4.43
538712,85099B,JUMBO BAG RED RETROSPOT,2.0,2023-10-21 02:49:46,1.9,12841,3.8
538713,22384,LUNCH BAG PINK POLKADOT,4.0,2023-07-19 17:51:25,1.57,12722,6.28
538713,22748,POPPY'S PLAYHOUSE KITCHEN,3.0,2023-07-19 17:51:25,2.16,12722,6.48
538713,47566,PARTY BUNTING,1.0,2023-07-19 17:51:25,4.72,12722,4.72
538714,20727,LUNCH BAG BLACK SKULL.,3.0,2023-07-10 03:17:15,1.73,12565,5.19
538714,85123A,WHITE HANGING HEART T-LIGHT HOLDER,3.0,2023-07-10 03:17:15,2.61,12565,7.83
538715,71053,WHITE METAL LANTERN,1.0,2023-10-16 23:45:18,3.31,12991,3.31
538715,22384,LUNCH BAG PINK POLKADOT,1.0,2023-10-16 23:45:18,1.72,12991,1.72
538715,84406B,CREAM CUPID HEARTS COAT HANGER,1.0,2023-10-16 23:45:18,2.81,12991,2.81
538716,21730,GLASS STAR FROSTED T-LIGHT HOLDER,2.0,2023-10-12 12:13:29,4.26,12831,8.52
538716,85099B,JUMBO BAG RED RETROSPOT,1.0,2023-10-12 12:13:29,2.01,12831,2.01
538716,22310,IVORY KNITTED MUG COSY,6.0,2023-10-12 12:13:29,1.59,12831,9.54
538716,22382,LUNCH BAG SPACEBOY DESIGN,1.0,2023-10-12 12:13:29,1.6,12831,1.6
538717,22383,LUNCH BAG SUKI DESIGN,1.0,2023-05-21 17:10:00,1.58,12712,1.58
538717,22633,HAND WARMER UNION JACK,6.0,2023-05-21 17:10:00,1.82,12712,10.92
538718,20728,LUNCH BAG CARS BLUE,4.0,2023-06-20 14:32:15,1.65,12877,6.6
538718,22386,JUMBO BAG PINK POLKADOT,3.0,2023-06-20 14:32:15,1.97,12877,5.91
538718,84879,ASSORTED COLOUR BIRD ORNAMENT,1.0,2023-06-20 14:32:15,1.64,12877,1.64
538718,21931,JUMBO STORAGE BAG SUKI,1.0,2023-06-20 14:32:15,1.92,12877,1.92
538718,84406B,CREAM CUPID HEARTS COAT HANGER,2.0,2023-06-20 14:32:15,2.62,12877,5.24
538719,22749,POPPY'S PLAYHOUSE LIVINGROOM,3.0,2023-11-10 23:41:19,2.15,12864,6.45
538719,71053,WHITE METAL LANTERN,4.0,2023-11-10 23:41:19,3.37,12864,13.48
538719,21730,GLASS STAR FROSTED T-LIGHT HOLDER,2.0,2023-11-10 23:41:19,4.05,12864,8.1
538719,85099B,JUMBO BAG RED RETROSPOT,1.0,2023-11-10 23:41:19,1.94,12864,1.94
538719,84029E,RED WOOLLY HOTTIE WHITE HEART.,4.0,2023-11-10 23:41:19,3.27,12864,13.08
538719,85099F,JUMBO BAG STRAWBERRY,1.0,2023-11-10 23:41:19,1.94,12864,1.94
538720,84879,ASSORTED COLOUR BIRD ORNAMENT,1.0,2023-03-01 09:02:53,1.63,13114,1.63
538721,20725,LUNCH BAG RED RETROSPOT,3.0,2023-03-30 23:26:06,1.62,12877,4.86
538721,21730,GLASS STAR FROSTED T-LIGHT HOLDER,2.0,2023-03-30 23:26:06,4.17,12877,8.34
538721,22310,IVORY KNITTED MUG COSY,1.0,2023-03-30 23:26:06,1.57,12877,1.57
538721,22086,PAPER CHAIN KIT 50'S CHRISTMAS,1.0,2023-03-30 23:26:06,2.65,12877,2.65
538721,84406B,CREAM CUPID HEARTS COAT HANGER,1.0,2023-03-30 23:26:06,2.81,12877,2.81
538722,22382,LUNCH BAG SPACEBOY DESIGN,3.0,2023-12-05 16:10:17,1.73,12811,5.19
538722,20727,LUNCH BAG BLACK SKULL.,1.0,2023-12-05 16:10:17,1.7,12811,1.7
538722,84406B,CREAM CUPID HEARTS COAT HANGER,3.0,2023-12-05 16:10:17,2.84,12811,8.52
538723,85099B,JUMBO BAG RED RETROSPOT,1.0,2023-06-19 15:25:43,1.94,12556,1.94
538724,71053,WHITE METAL LANTERN,3.0,2023-04-26 23:49:16,3.34,12496,10.02
538724,84406B,CREAM CUPID HEARTS COAT HANGER,6.0,2023-04-26 23:49:16,2.65,12496,15.9
538725,84029E,RED WOOLLY HOTTIE WHITE HEART.,2.0,2023-08-01 01:34:39,3.3,12877,6.6
538725,84029G,KNITTED UNION FLAG HOT WATER BOTTLE,6.0,2023-08-01 01:34:39,3.52,12877,21.12
538725,84879,ASSORTED COLOUR BIRD ORNAMENT,3.0,2023-08-01 01:34:39,1.67,12877,5.01
538726,22310,IVORY KNITTED MUG COSY,1.0,2023-05-28 22:50:23,1.6,12927,1.6
538726,22383,LUNCH BAG SUKI DESIGN,4.0,2023-05-28 22:50:23,1.6,12927,6.4
538726,47566,PARTY BUNTING,1.0,2023-05-28 22:50:23,4.86,12927,4.86
538726,85099B,JUMBO BAG RED RETROSPOT,2.0,2023-05-28 22:50:23,1.95,12927,3.9
538726,22386,JUMBO BAG PINK POLKADOT,2.0,2023-05-28 22:50:23,1.94,12927,3.88
538727,22749,POPPY'S PLAYHOUSE LIVINGROOM,1.0,2023-02-23 05:52:41,2.04,12500,2.04
538727,22384,LUNCH BAG PINK POLKADOT,4.0,2023-02-23 05:52:41,1.6,12500,6.4
538727,22411,JUMBO SHOPPER VINTAGE RED PAISLEY,1.0,2023-02-23 05:52:41,1.9,12500,1.9
538729,47566,PARTY BUNTING,1.0,2023-02-13 00:06:05,4.79,13028,4.79
538729,22748,POPPY'S PLAYHOUSE KITCHEN,1.0,2023-02-13 00:06:05,2.18,13028,2.18
538729,20727,LUNCH BAG BLACK SKULL.,2.0,2023-02-13 00:06:05,1.63,13028,3.26
538730,85099F,JUMBO BAG STRAWBERRY,1.0,2023-06-15 15:28:29,1.92,12869,1.92
538731,71053,WHITE METAL LANTERN,2.0,2023-08-31 18:25:15,3.47,12864,6.94
538731,84029G,KNITTED UNION FLAG HOT WATER BOTTLE,2.0,2023-08-31 18:25:15,3.27,12864,6.54
538731,20726,LUNCH BAG WOODLAND,1.0,2023-08-31 18:25:15,1.63,12864,1.63
538731,22383,LUNCH BAG SUKI DESIGN,2.0,2023-08-31 18:25:15,1.59,12864,3.18
538732,22384,LUNCH BAG PINK POLKADOT,3.0,2023-06-28 23:33:37,1.73,12777,5.19
538732,22382,LUNCH BAG SPACEBOY DESIGN,3.0,2023-06-28 23:33:37,1.69,12777,5.07
538732,84969,BOX OF 6 ASSORTED COLOUR TEASPOONS,6.0,2023-06-28 23:33:37,4.2,12777,25.2
538733,47566,PARTY BUNTING,3.0,2023-07-12 23:07:43,4.67,12877,14.01
538733,84406B,CREAM CUPID HEARTS COAT HANGER,4.0,2023-07-12 23:07:43,2.63,12877,10.52
538733,22411,JUMBO SHOPPER VINTAGE RED PAISLEY,1.0,2023-07-12 23:07:43,1.86,12877,1.86
538733,85099B,JUMBO BAG RED RETROSPOT,1.0,2023-07-12 23:07:43,1.99,12877,1.99
538735,20727,LUNCH BAG BLACK SKULL.,1.0,2023-11-07 19:01:28,1.58,12724,1.58
538736,22748,POPPY'S PLAYHOUSE KITCHEN,1.0,2023-07-29 17:18:05,2.1,12704,2.1
538736,22411,JUMBO SHOPPER VINTAGE RED PAISLEY,1.0,2023-07-29 17:18:05,1.99,12704,1.99
538736,84406B,CREAM CUPID HEARTS COAT HANGER,4.0,2023-07-29 17:18:05,2.79,12704,11.16
538737,47566,PARTY BUNTING,4.0,2023-06-28 23:46:29,4.88,12877,19.52
538737,22386,JUMBO BAG PINK POLKADOT,2.0,2023-06-28 23:46:29,1.93,12877,3.86
538737,22086,PAPER CHAIN KIT 50'S CHRISTMAS,2.0,2023-06-28 23:46:29,2.64,12877,5.28
538737,20727,LUNCH BAG BLACK SKULL.,2.0,2023-06-28 23:46:29,1.61,12877,3.22
538738,22411,JUMBO SHOPPER VINTAGE RED PAISLEY,1.0,2023-07-25 10:31:26,1.88,12734,1.88
538738,22384,LUNCH BAG PINK POLKADOT,2.0,2023-07-25 10:31:26,1.72,12734,3.44
538738,84879,ASSORTED COLOUR BIRD ORNAMENT,6.0,2023-07-25 10:31:26,1.74,12734,10.44
538738,22749,POPPY'S PLAYHOUSE LIVINGROOM,6.0,2023-07-25 10:31:26,2.04,12734,12.24
538741,21730,GLASS STAR FROSTED T-LIGHT HOLDER,6.0,2023-09-20 06:01:20,4.45,12461,26.7
538741,22384,LUNCH BAG PINK POLKADOT,2.0,2023-09-20 06:01:20,1.66,12461,3.32
538741,22383,LUNCH BAG SUKI DESIGN,6.0,2023-09-20 06:01:20,1.66,12461,9.96
538741,20727,LUNCH BAG BLACK SKULL.,6.0,2023-09-20 06:01:20,1.58,12461,9.48
538741,20725,LUNCH BAG RED RETROSPOT,1.0,2023-09-20 06:01:20,1.73,12461,1.73
538742,22632,HAND WARMER RED POLKA DOT,1.0,2023-01-30 16:45:16,1.76,12877,1.76
538744,22086,PAPER CHAIN KIT 50'S CHRISTMAS,3.0,2023-06-24 12:13:33,2.59,12864,7.77
538744,22633,HAND WARMER UNION JACK,1.0,2023-06-24 12:13:33,1.86,12864,1.86
538744,21730,GLASS STAR FROSTED T-LIGHT HOLDER,4.0,2023-06-24 12:13:33,4.19,12864,16.76
538744,20727,LUNCH BAG BLACK SKULL.,4.0,2023-06-24 12:13:33,1.64,12864,6.56
538745,22386,JUMBO BAG PINK POLKADOT,1.0,2023-08-05 00:31:34,2.02,12461,2.02
538745,21931,JUMBO STORAGE BAG SUKI,1.0,2023-08-05 00:31:34,2.02,12461,2.02
538745,20727,LUNCH BAG BLACK SKULL.,4.0,2023-08-05 00:31:34,1.71,12461,6.84
538746,21730,GLASS STAR FROSTED T-LIGHT HOLDER,1.0,2023-03-18 02:17:39,4.07,12647,4.07
538746,22633,HAND WARMER UNION JACK,3.0,2023-03-18 02:17:39,1.8,12647,5.4
538747,22411,JUMBO SHOPPER VINTAGE RED PAISLEY,3.0,2023-09-19 23:26:32,2.04,12572,6.12
538747,21931,JUMBO STORAGE BAG SUKI,1.0,2023-09-19 23:26:32,1.97,12572,1.97
538747,22383,LUNCH BAG SUKI DESIGN,1.0,2023-09-19 23:26:32,1.61,12572,1.61
538747,22748,POPPY'S PLAYHOUSE KITCHEN,2.0,2023-09-19 23:26:32,2.06,12572,4.12
538748,84406B,CREAM CUPID HEARTS COAT HANGER,2.0,2023-01-18 16:49:34,2.72,12684,5.44
538748,22632,HAND WARMER RED POLKA DOT,2.0,2023-01-18 16:49:34,1.81,12684,3.62
538749,22748,POPPY'S PLAYHOUSE KITCHEN,2.0,2023-11-13 01:21:23,2.2,12424,4.4
538749,20726,LUNCH BAG WOODLAND,2.0,2023-11-13 01:21:23,1.68,12424,3.36
538749,71053,WHITE METAL LANTERN,6.0,2023-11-13 01:21:23,3.52,12424,21.12
538750,22748,POPPY'S PLAYHOUSE KITCHEN,4.0,2023-07-27 08:58:01,2.12,12588,8.48
538751,20725,LUNCH BAG RED RETROSPOT,1.0,2023-06-14 05:38:11,1.61,13063,1.61
538751,22382,LUNCH BAG SPACEBOY DESIGN,1.0,2023-06-14 05:38:11,1.58,13063,1.58
538752,22382,LUNCH BAG SPACEBOY DESIGN,6.0,2023-09-09 04:39:28,1.73,12572,10.38
538752,47566,PARTY BUNTING,1.0,2023-09-09 04:39:28,4.73,12572,4.73
538752,22086,PAPER CHAIN KIT 50'S CHRISTMAS,2.0,2023-09-09 04:39:28,2.52,12572,5.04
538752,84029E,RED WOOLLY HOTTIE WHITE HEART.,3.0,2023-09-09 04:39:28,3.28,12572,9.84
538753,22382,LUNCH BAG SPACEBOY DESIGN,2.0,2023-06-08 17:11:34,1.64,12766,3.28
538753,21730,GLASS STAR FROSTED T-LIGHT HOLDER,1.0,2023-06-08 17:11:34,4.36,12766,4.36
538755,84029G,KNITTED UNION FLAG HOT WATER BOTTLE,2.0,2023-06-02 14:51:35,3.32,12594,6.64
538755,85123A,WHITE HANGING HEART T-LIGHT HOLDER,4.0,2023-06-02 14:51:35,2.46,12594,9.84
538755,22748,POPPY'S PLAYHOUSE KITCHEN,3.0,2023-06-02 14:51:35,2.06,12594,6.18
538756,85123A,WHITE HANGING HEART T-LIGHT HOLDER,1.0,2023-01-13 20:03:30,2.43,13094,2.43
538756,20725,LUNCH BAG RED RETROSPOT,2.0,2023-01-13 20:03:30,1.65,13094,3.3
538756,21931,JUMBO STORAGE BAG SUKI,4.0,2023-01-13 20:03:30,1.94,13094,7.76
538757,20727,LUNCH BAG BLACK SKULL.,6.0,2023-11-14 15:29:39,1.63,12419,9.78
538757,22383,LUNCH BAG SUKI DESIGN,1.0,2023-11-14 15:29:39,1.7,12419,1.7
538757,22310,IVORY KNITTED MUG COSY,2.0,2023-11-14 15:29:39,1.66,12419,3.32
538758,22086,PAPER CHAIN KIT 50'S CHRISTMAS,2.0,2023-06-24 12:06:30,2.59,12877,5.18
538760,22384,LUNCH BAG PINK POLKADOT,1.0,2023-08-07 23:58:03,1.65,13051,1.65
538761,22086,PAPER CHAIN KIT 50'S CHRISTMAS,1.0,2023-05-04 12:13:21,2.55,13131,2.55
538761,85099B,JUMBO BAG RED RETROSPOT,2.0,2023-05-04 12:13:21,2.0,13131,4.0
538762,22086,PAPER CHAIN KIT 50'S CHRISTMAS,1.0,2023-04-18 14:54:07,2.67,12886,2.67
538762,20727,LUNCH BAG BLACK SKULL.,4.0,2023-04-18 14:54:07,1.72,12886,6.88
538762,84406B,CREAM CUPID HEARTS COAT HANGER,1.0,2023-04-18 14:54:07,2.72,12886,2.72
538763,21931,JUMBO STORAGE BAG SUKI,4.0,2023-11-14 00:26:48,2.01,13135,8.04
538763,22382,LUNCH BAG SPACEBOY DESIGN,4.0,2023-11-14 00:26:48,1.66,13135,6.64
538764,22633,HAND WARMER UNION JACK,6.0,2023-06-19 20:27:51,1.85,12773,11.1
538764,84969,BOX OF 6 ASSORTED COLOUR TEASPOONS,1.0,2023-06-19 20:27:51,4.32,12773,4.32
538764,20727,LUNCH BAG BLACK SKULL.,6.0,2023-06-19 20:27:51,1.65,12773,9.9
538765,22749,POPPY'S PLAYHOUSE LIVINGROOM,2.0,2023-06-07 12:03:57,2.03,12593,4.06
538765,84879,ASSORTED COLOUR BIRD ORNAMENT,4.0,2023-06-07 12:03:57,1.76,12593,7.04
538765,85123A,WHITE HANGING HEART T-LIGHT HOLDER,2.0,2023-06-07 12:03:57,2.53,12593,5.06
538767,85099F,JUMBO BAG STRAWBERRY,1.0,2023-05-22 15:10:53,1.9,12607,1.9
538767,22384,LUNCH BAG PINK POLKADOT,1.0,2023-05-22 15:10:53,1.57,12607,1.57
538767,84029E,RED WOOLLY HOTTIE WHITE HEART.,1.0,2023-05-22 15:10:53,3.34,12607,3.34
538767,20726,LUNCH BAG WOODLAND,1.0,2023-05-22 15:10:53,1.62,12607,1.62
538768,20726,LUNCH BAG WOODLAND,2.0,2023-07-24 00:31:32,1.71,12468,3.42
538768,84029G,KNITTED UNION FLAG HOT WATER BOTTLE,4.0,2023-07-24 00:31:32,3.35,12468,13.4
538768,47566,PARTY BUNTING,2.0,2023-07-24 00:31:32,4.71,12468,9.42
538769,22386,JUMBO BAG PINK POLKADOT,2.0,2023-11-05 13:29:34,2.03,12651,4.06
538769,85099B,JUMBO BAG RED RETROSPOT,2.0,2023-11-05 13:29:34,1.97,12651,3.94
538769,47566,PARTY BUNTING,3.0,2023-11-05 13:29:34,4.59,12651,13.77
538770,22086,PAPER CHAIN KIT 50'S CHRISTMAS,3.0,2023-03-14 13:00:10,2.58,12821,7.74
538770,85099F,JUMBO BAG STRAWBERRY,4.0,2023-03-14 13:00:10,1.9,12821,7.6
538770,22382,LUNCH BAG SPACEBOY DESIGN,1.0,2023-03-14 13:00:10,1.62,12821,1.62
538771,21730,GLASS STAR FROSTED T-LIGHT HOLDER,1.0,2023-08-26 13:41:27,4.19,12572,4.19
538771,84969,BOX OF 6 ASSORTED COLOUR TEASPOONS,1.0,2023-08-26 13:41:27,4.35,12572,4.35
538771,20726,LUNCH BAG WOODLAND,3.0,2023-08-26 13:41:27,1.58,12572,4.74
538771,84879,ASSORTED COLOUR BIRD ORNAMENT,1.0,2023-08-26 13:41:27,1.75,12572,1.75
538772,84029E,RED WOOLLY HOTTIE WHITE HEART.,6.0,2023-03-25 03:29:07,3.36,12720,20.16
538772,84969,BOX OF 6 ASSORTED COLOUR TEASPOONS,4.0,2023-03-25 03:29:07,4.45,12720,17.8
538772,22386,JUMBO BAG PINK POLKADOT,2.0,2023-03-25 03:29:07,1.91,12720,3.82
538772,20726,LUNCH BAG WOODLAND,1.0,2023-03-25 03:29:07,1.66,12720,1.66
538773,22749,POPPY'S PLAYHOUSE LIVINGROOM,2.0,2023-03-02 07:39:07,2.13,12821,4.26
538773,22632,HAND WARMER RED POLKA DOT,3.0,2023-03-02 07:39:07,1.81,12821,5.43
538773,84879,ASSORTED COLOUR BIRD ORNAMENT,2.0,2023-03-02 07:39:07,1.69,12821,3.38
538774,22383,LUNCH BAG SUKI DESIGN,3.0,2023-05-08 10:36:07,1.63,12570,4.89
538774,21931,JUMBO STORAGE BAG SUKI,1.0,2023-05-08 10:36:07,1.91,12570,1.91
538774,22310,IVORY KNITTED MUG COSY,1.0,2023-05-08 10:36:07,1.65,12570,1.65
538774,22632,HAND WARMER RED POLKA DOT,2.0,2023-05-08 10:36:07,1.84,12570,3.68
538777,20727,LUNCH BAG BLACK SKULL.,4.0,2023-05-04 07:45:05,1.67,12858,6.68
538777,84029E,RED WOOLLY HOTTIE WHITE HEART.,3.0,2023-05-04 07:45:05,3.27,12858,9.81
538777,85099F,JUMBO BAG STRAWBERRY,6.0,2023-05-04 07:45:05,1.92,12858,11.52
538777,22749,POPPY'S PLAYHOUSE LIVINGROOM,6.0,2023-05-04 07:45:05,2.18,12858,13.08
538779,22382,LUNCH BAG SPACEBOY DESIGN,2.0,2023-08-13 03:46:20,1.62,12607,3.24
538779,20728,LUNCH BAG CARS BLUE,2.0,2023-08-13 03:46:20,1.59,12607,3.18
538779,20725,LUNCH BAG RED RETROSPOT,6.0,2023-08-13 03:46:20,1.58,12607,9.48
538779,84406B,CREAM CUPID HEARTS COAT HANGER,6.0,2023-08-13 03:46:20,2.85,12607,17.1
538780,20728,LUNCH BAG CARS BLUE,2.0,2023-08-05 21:19:49,1.65,12739,3.3
538780,20726,LUNCH BAG WOODLAND,3.0,2023-08-05 21:19:49,1.71,12739,5.13
538780,21730,GLASS STAR FROSTED T-LIGHT HOLDER,2.0,2023-08-05 21:19:49,4.22,12739,8.44
538781,20727,LUNCH BAG BLACK SKULL.,4.0,2023-11-09 13:08:02,1.73,13102,6.92
538781,85099B,JUMBO BAG RED RETROSPOT,2.0,2023-11-09 13:08:02,1.88,13102,3.76
538782,20725,LUNCH BAG RED RETROSPOT,6.0,2023-07-12 22:36:42,1.7,12877,10.2
538782,85123A,WHITE HANGING HEART T-LIGHT HOLDER,1.0,2023-07-12 22:36:42,2.6,12877,2.6
538782,84029G,KNITTED UNION FLAG HOT WATER BOTTLE,3.0,2023-07-12 22:36:42,3.56,12877,10.68
538782,22310,IVORY KNITTED MUG COSY,2.0,2023-07-12 22:36:42,1.66,12877,3.32
538783,22748,POPPY'S PLAYHOUSE KITCHEN,4.0,2023-06-11 04:00:49,2.06,12415,8.24
538784,20725,LUNCH BAG RED RETROSPOT,6.0,2023-08-04 04:00:17,1.64,12729,9.84
538784,20728,LUNCH BAG CARS BLUE,1.0,2023-08-04 04:00:17,1.7,12729,1.7
538784,71053,WHITE METAL LANTERN,2.0,2023-08-04 04:00:17,3.38,12729,6.76
538784,22745,POPPY'S PLAYHOUSE BEDROOM,3.0,2023-08-04 04:00:17,2.18,12729,6.54
538785,22386,JUMBO BAG PINK POLKADOT,6.0,2023-07-15 23:42:47,1.94,12687,11.64
538785,22749,POPPY'S PLAYHOUSE LIVINGROOM,1.0,2023-07-15 23:42:47,2.08,12687,2.08
538785,21730,GLASS STAR FROSTED T-LIGHT HOLDER,1.0,2023-07-15 23:42:47,4.27,12687,4.27
538785,22086,PAPER CHAIN KIT 50'S CHRISTMAS,1.0,2023-07-15 23:42:47,2.42,12687,2.42
538785,20727,LUNCH BAG BLACK SKULL.,1.0,2023-07-15 23:42:47,1.73,12687,1.73
538786,20726,LUNCH BAG WOODLAND,3.0,2023-12-02 02:42:21,1.71,12993,5.13
538786,22633,HAND WARMER UNION JACK,1.0,2023-12-02 02:42:21,1.82,12993,1.82
538786,20727,LUNCH BAG BLACK SKULL.,3.0,2023-12-02 02:42:21,1.64,12993,4.92
538787,47566,PARTY BUNTING,1.0,2023-03-06 15:24:27,4.63,12588,4.63
538787,85099F,JUMBO BAG STRAWBERRY,2.0,2023-03-06 15:24:27,1.99,12588,3.98
538787,20726,LUNCH BAG WOODLAND,2.0,2023-03-06 15:24:27,1.64,12588,3.28
538788,22748,POPPY'S PLAYHOUSE KITCHEN,4.0,2023-11-02 22:08:21,2.05,13063,8.2
538788,85099B,JUMBO BAG RED RETROSPOT,1.0,2023-11-02 22:08:21,1.89,13063,1.89
538788,21931,JUMBO STORAGE BAG SUKI,4.0,2023-11-02 22:08:21,1.94,13063,7.76
538788,22632,HAND WARMER RED POLKA DOT,4.0,2023-11-02 22:08:21,1.84,13063,7.36
538788,21730,GLASS STAR FROSTED T-LIGHT HOLDER,4.0,2023-11-02 22:08:21,4.29,13063,17.16
538789,22748,POPPY'S PLAYHOUSE KITCHEN,1.0,2023-07-21 11:41:19,2.03,13071,2.03
538789,20725,LUNCH BAG RED RETROSPOT,4.0,2023-07-21 11:41:19,1.73,13071,6.92
538789,22411,JUMBO SHOPPER VINTAGE RED PAISLEY,3.0,2023-07-21 11:41:19,1.95,13071,5.85
538791,85099B,JUMBO BAG RED RETROSPOT,1.0,2023-03-05 21:39:45,1.9,12681,1.9
538791,84406B,CREAM CUPID HEARTS COAT HANGER,6.0,2023-03-05 21:39:45,2.83,12681,16.98
538791,22632,HAND WARMER RED POLKA DOT,3.0,2023-03-05 21:39:45,1.87,12681,5.61
538792,20727,LUNCH BAG BLACK SKULL.,1.0,2023-05-20 20:20:42,1.72,12485,1.72
538792,21931,JUMBO STORAGE BAG SUKI,4.0,2023-05-20 20:20:42,1.96,12485,7.84
538792,22383,LUNCH BAG SUKI DESIGN,2.0,2023-05-20 20:20:42,1.6,12485,3.2
538792,22749,POPPY'S PLAYHOUSE LIVINGROOM,2.0,2023-05-20 20:20:42,2.16,12485,4.32
538794,22749,POPPY'S PLAYHOUSE LIVINGROOM,1.0,2023-10-30 02:41:12,2.13,12824,2.13
538794,84029E,RED WOOLLY HOTTIE WHITE HEART.,2.0,2023-10-30 02:41:12,3.43,12824,6.86
538795,21931,JUMBO STORAGE BAG SUKI,1.0,2023-06-09 07:11:33,2.04,12757,2.04
538795,22383,LUNCH BAG SUKI DESIGN,2.0,2023-06-09 07:11:33,1.71,12757,3.42
538795,84029E,RED WOOLLY HOTTIE WHITE HEART.,1.0,2023-06-09 07:11:33,3.51,12757,3.51
538795,84029G,KNITTED UNION FLAG HOT WATER BOTTLE,1.0,2023-06-09 07:11:33,3.29,12757,3.29
538795,22384,LUNCH BAG PINK POLKADOT,2.0,2023-06-09 07:11:33,1.72,12757,3.44
538796,22086,PAPER CHAIN KIT 50'S CHRISTMAS,2.0,2023-02-20 08:18:37,2.6,12574,5.2
538796,22411,JUMBO SHOPPER VINTAGE RED PAISLEY,3.0,2023-02-20 08:18:37,1.86,12574,5.58
538796,22384,LUNCH BAG PINK POLKADOT,2.0,2023-02-20 08:18:37,1.71,12574,3.42
538796,22310,IVORY KNITTED MUG COSY,1.0,2023-02-20 08:18:37,1.72,12574,1.72
538796,20727,LUNCH BAG BLACK SKULL.,1.0,2023-02-20 08:18:37,1.66,12574,1.66
538798,22086,PAPER CHAIN KIT 50'S CHRISTMAS,4.0,2023-10-15 14:25:12,2.67,12729,10.68
538799,22386,JUMBO BAG PINK POLKADOT,1.0,2023-05-16 20:27:58,1.96,12864,1.96
538799,21931,JUMBO STORAGE BAG SUKI,1.0,2023-05-16 20:27:58,1.99,12864,1.99
538799,84879,ASSORTED COLOUR BIRD ORNAMENT,1.0,2023-05-16 20:27:58,1.75,12864,1.75
538799,22633,HAND WARMER UNION JACK,2.0,2023-05-16 20:27:58,1.85,12864,3.7
538800,22310,IVORY KNITTED MUG COSY,1.0,2023-11-29 06:42:52,1.66,13123,1.66
538801,22384,LUNCH BAG PINK POLKADOT,2.0,2023-11-09 23:43:19,1.7,12546,3.4
538801,71053,WHITE METAL LANTERN,1.0,2023-11-09 23:43:19,3.48,12546,3.48
538801,22382,LUNCH BAG SPACEBOY DESIGN,1.0,2023-11-09 23:43:19,1.69,12546,1.69
538801,22383,LUNCH BAG SUKI DESIGN,1.0,2023-11-09 23:43:19,1.64,12546,1.64
538802,22384,LUNCH BAG PINK POLKADOT,3.0,2023-03-31 07:19:41,1.66,12877,4.98
538803,22384,LUNCH BAG PINK POLKADOT,6.0,2023-04-26 08:55:38,1.58,12355,9.48
538804,22411,JUMBO SHOPPER VINTAGE RED PAISLEY,1.0,2023-05-26 23:09:42,2.04,12877,2.04
538804,22748,POPPY'S PLAYHOUSE KITCHEN,1.0,2023-05-26 23:09:42,2.15,12877,2.15
538805,47566,PARTY BUNTING,1.0,2023-11-12 11:07:37,4.59,13051,4.59
538805,22411,JUMBO SHOPPER VINTAGE RED PAISLEY,2.0,2023-11-12 11:07:37,1.89,13051,3.78
538806,22310,IVORY KNITTED MUG COSY,1.0,2023-09-11 11:04:16,1.6,13066,1.6
538807,84969,BOX OF 6 ASSORTED COLOUR TEASPOONS,1.0,2023-09-15 15:17:51,4.1,12815,4.1
538807,22411,JUMBO SHOPPER VINTAGE RED PAISLEY,2.0,2023-09-15 15:17:51,1.89,12815,3.78
538808,20727,LUNCH BAG BLACK SKULL.,1.0,2023-08-08 13:00:33,1.58,13111,1.58
538808,22749,POPPY'S PLAYHOUSE LIVINGROOM,3.0,2023-08-08 13:00:33,2.08,13111,6.24
538808,20726,LUNCH BAG WOODLAND,2.0,2023-08-08 13:00:33,1.71,13111,3.42
538808,21931,JUMBO STORAGE BAG SUKI,2.0,2023-08-08 13:00:33,1.94,13111,3.88
538809,22411,JUMBO SHOPPER VINTAGE RED PAISLEY,1.0,2023-07-05 20:52:08,2.04,12845,2.04
538809,21730,GLASS STAR FROSTED T-LIGHT HOLDER,6.0,2023-07-05 20:52:08,4.04,12845,24.24
538809,71053,WHITE METAL LANTERN,2.0,2023-07-05 20:52:08,3.48,12845,6.96
538809,84029E,RED WOOLLY HOTTIE WHITE HEART.,1.0,2023-07-05 20:52:08,3.48,12845,3.48
538810,22749,POPPY'S PLAYHOUSE LIVINGROOM,1.0,2023-10-15 17:35:00,2.01,12687,2.01
538810,22633,HAND WARMER UNION JACK,3.0,2023-10-15 17:35:00,1.93,12687,5.79
538810,22748,POPPY'S PLAYHOUSE KITCHEN,3.0,2023-10-15 17:35:00,2.16,12687,6.48
538811,22633,HAND WARMER UNION JACK,3.0,2023-05-31 22:51:59,1.81,12611,5.43
538812,22749,POPPY'S PLAYHOUSE LIVINGROOM,4.0,2023-02-07 12:28:30,2.07,12960,8.28
538812,22632,HAND WARMER RED POLKA DOT,2.0,2023-02-07 12:28:30,1.86,12960,3.72
538812,22384,LUNCH BAG PINK POLKADOT,1.0,2023-02-07 12:28:30,1.64,12960,1.64
538812,71053,WHITE METAL LANTERN,2.0,2023-02-07 12:28:30,3.33,12960,6.66
538814,21730,GLASS STAR FROSTED T-LIGHT HOLDER,1.0,2023-02-07 12:22:19,4.33,12821,4.33
538814,84406B,CREAM CUPID HEARTS COAT HANGER,2.0,2023-02-07 12:22:19,2.8,12821,5.6
538814,84029G,KNITTED UNION FLAG HOT WATER BOTTLE,4.0,2023-02-07 12:22:19,3.34,12821,13.36
538814,22386,JUMBO BAG PINK POLKADOT,2.0,2023-02-07 12:22:19,1.95,12821,3.9
538815,85099F,JUMBO BAG STRAWBERRY,3.0,2023-05-13 00:31:10,1.94,12792,5.82
538815,71053,WHITE METAL LANTERN,1.0,2023-05-13 00:31:10,3.46,12792,3.46
538815,84969,BOX OF 6 ASSORTED COLOUR TEASPOONS,2.0,2023-05-13 00:31:10,4.11,12792,8.22
538815,84406B,CREAM CUPID HEARTS COAT HANGER,2.0,2023-05-13 00:31:10,2.66,12792,5.32
538815,22411,JUMBO SHOPPER VINTAGE RED PAISLEY,1.0,2023-05-13 00:31:10,1.99,12792,1.99
538815,20727,LUNCH BAG BLACK SKULL.,2.0,2023-05-13 00:31:10,1.66,12792,3.32
538816,20725,LUNCH BAG RED RETROSPOT,1.0,2023-09-27 05:37:11,1.72,12877,1.72
538816,85099F,JUMBO BAG STRAWBERRY,4.0,2023-09-27 05:37:11,1.93,12877,7.72
538816,22384,LUNCH BAG PINK POLKADOT,6.0,2023-09-27 05:37:11,1.63,12877,9.78
538816,22383,LUNCH BAG SUKI DESIGN,3.0,2023-09-27 05:37:11,1.61,12877,4.83
538816,22749,POPPY'S PLAYHOUSE LIVINGROOM,1.0,2023-09-27 05:37:11,2.04,12877,2.04
538817,85099F,JUMBO BAG STRAWBERRY,2.0,2023-11-16 23:01:15,1.93,12899,3.86
538818,22386,JUMBO BAG PINK POLKADOT,1.0,2023-11-28 11:57:36,1.97,12854,1.97
538819,21730,GLASS STAR FROSTED T-LIGHT HOLDER,1.0,2023-10-19 00:25:44,4.45,12736,4.45
538819,20725,LUNCH BAG RED RETROSPOT,6.0,2023-10-19 00:25:44,1.71,12736,10.26
538819,22384,LUNCH BAG PINK POLKADOT,3.0,2023-10-19 00:25:44,1.61,12736,4.83
538820,22086,PAPER CHAIN KIT 50'S CHRISTMAS,2.0,2023-05-20 10:31:09,2.48,13007,4.96
538820,84029E,RED WOOLLY HOTTIE WHITE HEART.,1.0,2023-05-20 10:31:09,3.44,13007,3.44
538820,85099F,JUMBO BAG STRAWBERRY,1.0,2023-05-20 10:31:09,1.99,13007,1.99
538821,22633,HAND WARMER UNION JACK,3.0,2023-06-30 05:18:54,1.77,13138,5.31
538823,85099F,JUMBO BAG STRAWBERRY,3.0,2023-10-21 00:47:04,1.88,12729,5.64
538823,20727,LUNCH BAG BLACK SKULL.,1.0,2023-10-21 00:47:04,1.67,12729,1.67
538824,22748,POPPY'S PLAYHOUSE KITCHEN,1.0,2023-06-26 03:37:27,2.03,12835,2.03
538824,84406B,CREAM CUPID HEARTS COAT HANGER,1.0,2023-06-26 03:37:27,2.82,12835,2.82
538824,20726,LUNCH BAG WOODLAND,1.0,2023-06-26 03:37:27,1.73,12835,1.73
538824,22086,PAPER CHAIN KIT 50'S CHRISTMAS,3.0,2023-06-26 03:37:27,2.54,12835,7.62
538825,84029G,KNITTED UNION FLAG HOT WATER BOTTLE,4.0,2023-04-20 02:17:52,3.53,12998,14.12
538825,22383,LUNCH BAG SUKI DESIGN,3.0,2023-04-20 02:17:52,1.67,12998,5.01
538825,22748,POPPY'S PLAYHOUSE KITCHEN,1.0,2023-04-20 02:17:52,2.14,12998,2.14
538826,22382,LUNCH BAG SPACEBOY DESIGN,2.0,2023-08-08 02:41:45,1.68,12877,3.36
538826,22411,JUMBO SHOPPER VINTAGE RED PAISLEY,1.0,2023-08-08 02:41:45,2.02,12877,2.02
538826,21931,JUMBO STORAGE BAG SUKI,1.0,2023-08-08 02:41:45,1.89,12877,1.89
538826,22386,JUMBO BAG PINK POLKADOT,6.0,2023-08-08 02:41:45,1.99,12877,11.94
538827,22086,PAPER CHAIN KIT 50'S CHRISTMAS,2.0,2023-11-12 04:11:46,2.53,12607,5.06
538827,22411,JUMBO SHOPPER VINTAGE RED PAISLEY,6.0,2023-11-12 04:11:46,2.05,12607,12.3
538827,84969,BOX OF 6 ASSORTED COLOUR TEASPOONS,3.0,2023-11-12 04:11:46,4.35,12607,13.05
538828,20728,LUNCH BAG CARS BLUE,1.0,2023-08-16 18:51:21,1.73,12958,1.73
538828,71053,WHITE METAL LANTERN,3.0,2023-08-16 18:51:21,3.23,12958,9.69
538828,22411,JUMBO SHOPPER VINTAGE RED PAISLEY,1.0,2023-08-16 18:51:21,2.02,12958,2.02
538828,20725,LUNCH BAG RED RETROSPOT,4.0,2023-08-16 18:51:21,1.66,12958,6.64
538828,84406B,CREAM CUPID HEARTS COAT HANGER,2.0,2023-08-16 18:51:21,2.78,12958,5.56
538829,22632,HAND WARMER RED POLKA DOT,2.0,2023-10-23 17:12:54,1.76,12758,3.52
538830,21931,JUMBO STORAGE BAG SUKI,4.0,2023-04-14 09:23:07,1.96,12877,7.84
538831,22383,LUNCH BAG SUKI DESIGN,2.0,2023-08-06 07:56:13,1.63,12877,3.26
538831,84879,ASSORTED COLOUR BIRD ORNAMENT,2.0,2023-08-06 07:56:13,1.61,12877,3.22
538832,22749,POPPY'S PLAYHOUSE LIVINGROOM,3.0,2023-07-04 01:43:19,2.0,12596,6.0
538834,85123A,WHITE HANGING HEART T-LIGHT HOLDER,2.0,2023-05-17 23:44:39,2.65,12927,5.3
538834,85099B,JUMBO BAG RED RETROSPOT,1.0,2023-05-17 23:44:39,1.98,12927,1.98
538834,84029E,RED WOOLLY HOTTIE WHITE HEART.,1.0,2023-05-17 23:44:39,3.46,12927,3.46
538835,84406B,CREAM CUPID HEARTS COAT HANGER,1.0,2023-07-31 04:57:38,2.77,13094,2.77
538835,47566,PARTY BUNTING,1.0,2023-07-31 04:57:38,4.42,13094,4.42
538836,21730,GLASS STAR FROSTED T-LIGHT HOLDER,2.0,2023-10-16 07:29:06,4.05,12877,8.1
538836,22386,JUMBO BAG PINK POLKADOT,4.0,2023-10-16 07:29:06,1.93,12877,7.72
538836,20725,LUNCH BAG RED RETROSPOT,1.0,2023-10-16 07:29:06,1.71,12877,1.71
538837,22632,HAND WARMER RED POLKA DOT,3.0,2023-08-22 10:25:52,1.77,12745,5.31
538838,21730,GLASS STAR FROSTED T-LIGHT HOLDER,2.0,2023-10-22 01:38:40,4.4,13025,8.8
538838,20727,LUNCH BAG BLACK SKULL.,3.0,2023-10-22 01:38:40,1.67,13025,5.01
538839,22382,LUNCH BAG SPACEBOY DESIGN,2.0,2023-10-31 13:17:16,1.61,12878,3.22
538839,84406B,CREAM CUPID HEARTS COAT HANGER,1.0,2023-10-31 13:17:16,2.73,12878,2.73
538840,85123A,WHITE HANGING HEART T-LIGHT HOLDER,6.0,2023-11-26 21:47:41,2.44,12978,14.64
538840,22411,JUMBO SHOPPER VINTAGE RED PAISLEY,6.0,2023-11-26 21:47:41,1.85,12978,11.1
538840,47566,PARTY BUNTING,1.0,2023-11-26 21:47:41,4.7,12978,4.7
538840,20727,LUNCH BAG BLACK SKULL.,3.0,2023-11-26 21:47:41,1.66,12978,4.98
538841,22749,POPPY'S PLAYHOUSE LIVINGROOM,1.0,2023-04-12 02:18:17,2.01,12438,2.01
538841,85099B,JUMBO BAG RED RETROSPOT,2.0,2023-04-12 02:18:17,1.86,12438,3.72
538841,71053,WHITE METAL LANTERN,1.0,2023-04-12 02:18:17,3.56,12438,3.56
538842,22382,LUNCH BAG SPACEBOY DESIGN,1.0,2023-07-29 15:08:17,1.62,12878,1.62
538842,20725,LUNCH BAG RED RETROSPOT,1.0,2023-07-29 15:08:17,1.68,12878,1.68
538842,20727,LUNCH BAG BLACK SKULL.,3.0,2023-07-29 15:08:17,1.64,12878,4.92
538843,20726,LUNCH BAG WOODLAND,6.0,2023-09-11 09:13:30,1.63,12815,9.78
538843,22310,IVORY KNITTED MUG COSY,3.0,2023-09-11 09:13:30,1.63,12815,4.89
538843,22749,POPPY'S PLAYHOUSE LIVINGROOM,6.0,2023-09-11 09:13:30,2.02,12815,12.12
538843,22632,HAND WARMER RED POLKA DOT,4.0,2023-09-11 09:13:30,1.86,12815,7.44
538843,22383,LUNCH BAG SUKI DESIGN,1.0,2023-09-11 09:13:30,1.66,12815,1.66
538844,22411,JUMBO SHOPPER VINTAGE RED PAISLEY,2.0,2023-08-13 05:42:15,1.92,12722,3.84
538844,22632,HAND WARMER RED POLKA DOT,2.0,2023-08-13 05:42:15,1.78,12722,3.56
538844,84969,BOX OF 6 ASSORTED COLOUR TEASPOONS,3.0,2023-08-13 05:42:15,4.31,12722,12.93
538844,20726,LUNCH BAG WOODLAND,1.0,2023-08-13 05:42:15,1.6,12722,1.6
538846,71053,WHITE METAL LANTERN,6.0,2023-08-17 01:48:05,3.31,13070,19.86
538846,22633,HAND WARMER UNION JACK,3.0,2023-08-17 01:48:05,1.83,13070,5.49
538847,22749,POPPY'S PLAYHOUSE LIVINGROOM,6.0,2023-05-12 01:54:56,2.11,12857,12.66
538847,22384,LUNCH BAG PINK POLKADOT,2.0,2023-05-12 01:54:56,1.66,12857,3.32
538847,84969,BOX OF 6 ASSORTED COLOUR TEASPOONS,3.0,2023-05-12 01:54:56,4.19,12857,12.57
538847,22386,JUMBO BAG PINK POLKADOT,6.0,2023-05-12 01:54:56,1.93,12857,11.58
538849,22310,IVORY KNITTED MUG COSY,2.0,2023-10-18 18:30:53,1.58,12544,3.16
538850,22411,JUMBO SHOPPER VINTAGE RED PAISLEY,2.0,2023-08-21 09:07:34,1.91,12877,3.82
538851,84029E,RED WOOLLY HOTTIE WHITE HEART.,1.0,2023-10-15 17:14:45,3.36,12877,3.36
538851,22310,IVORY KNITTED MUG COSY,2.0,2023-10-15 17:14:45,1.66,12877,3.32
538851,22383,LUNCH BAG SUKI DESIGN,3.0,2023-10-15 17:14:45,1.69,12877,5.07
538851,22384,LUNCH BAG PINK POLKADOT,3.0,2023-10-15 17:14:45,1.57,12877,4.71
538852,22633,HAND WARMER UNION JACK,4.0,2023-07-30 19:29:54,1.92,12810,7.68
538852,22748,POPPY'S PLAYHOUSE KITCHEN,2.0,2023-07-30 19:29:54,2.15,12810,4.3
538853,22382,LUNCH BAG SPACEBOY DESIGN,1.0,2023-08-03 15:33:18,1.59,12607,1.59
538853,22086,PAPER CHAIN KIT 50'S CHRISTMAS,2.0,2023-08-03 15:33:18,2.66,12607,5.32
538853,84029E,RED WOOLLY HOTTIE WHITE HEART.,1.0,2023-08-03 15:33:18,3.54,12607,3.54
538853,20727,LUNCH BAG BLACK SKULL.,2.0,2023-08-03 15:33:18,1.72,12607,3.44
538853,22386,JUMBO BAG PINK POLKADOT,1.0,2023-08-03 15:33:18,1.96,12607,1.96
538853,22632,HAND WARMER RED POLKA DOT,1.0,2023-08-03 15:33:18,1.83,12607,1.83
538854,84029G,KNITTED UNION FLAG HOT WATER BOTTLE,1.0,2023-12-07 03:30:51,3.52,12878,3.52
538854,22310,IVORY KNITTED MUG COSY,3.0,2023-12-07 03:30:51,1.68,12878,5.04
538854,21730,GLASS STAR FROSTED T-LIGHT HOLDER,3.0,2023-12-07 03:30:51,4.09,12878,12.27
538854,22748,POPPY'S PLAYHOUSE KITCHEN,1.0,2023-12-07 03:30:51,2.1,12878,2.1
538854,20727,LUNCH BAG BLACK SKULL.,2.0,2023-12-07 03:30:51,1.58,12878,3.16
538855,21730,GLASS STAR FROSTED T-LIGHT HOLDER,2.0,2023-12-08 21:17:13,4.39,13030,8.78
538855,22383,LUNCH BAG SUKI DESIGN,2.0,2023-12-08 21:17:13,1.67,13030,3.34
538855,20725,LUNCH BAG RED RETROSPOT,4.0,2023-12-08 21:17:13,1.67,13030,6.68
538855,20728,LUNCH BAG CARS BLUE,4.0,2023-12-08 21:17:13,1.73,13030,6.92
538856,84879,ASSORTED COLOUR BIRD ORNAMENT,1.0,2023-05-21 02:49:57,1.76,12607,1.76
538856,85099F,JUMBO BAG STRAWBERRY,1.0,2023-05-21 02:49:57,1.97,12607,1.97
538856,84969,BOX OF 6 ASSORTED COLOUR TEASPOONS,2.0,2023-05-21 02:49:57,4.16,12607,8.32
538856,20727,LUNCH BAG BLACK SKULL.,1.0,2023-05-21 02:49:57,1.7,12607,1.7
538857,85123A,WHITE HANGING HEART T-LIGHT HOLDER,1.0,2023-07-28 14:06:01,2.47,12415,2.47
538857,22086,PAPER CHAIN KIT 50'S CHRISTMAS,1.0,2023-07-28 14:06:01,2.55,12415,2.55
538857,21931,JUMBO STORAGE BAG SUKI,1.0,2023-07-28 14:06:01,1.9,12415,1.9
538857,84029G,KNITTED UNION FLAG HOT WATER BOTTLE,2.0,2023-07-28 14:06:01,3.51,12415,7.02
538857,22386,JUMBO BAG PINK POLKADOT,4.0,2023-07-28 14:06:01,2.05,12415,8.2
538859,85099B,JUMBO BAG RED RETROSPOT,3.0,2023-06-20 03:57:45,1.91,12364,5.73
538859,84406B,CREAM CUPID HEARTS COAT HANGER,1.0,2023-06-20 03:57:45,2.69,12364,2.69
538859,84029G,KNITTED UNION FLAG HOT WATER BOTTLE,2.0,2023-06-20 03:57:45,3.43,12364,6.86
538860,21730,GLASS STAR FROSTED T-LIGHT HOLDER,4.0,2023-09-13 13:50:08,4.36,12587,17.44
538860,21931,JUMBO STORAGE BAG SUKI,3.0,2023-09-13 13:50:08,2.02,12587,6.06
538860,20728,LUNCH BAG CARS BLUE,4.0,2023-09-13 13:50:08,1.6,12587,6.4
538860,47566,PARTY BUNTING,6.0,2023-09-13 13:50:08,4.88,12587,29.28
538861,20726,LUNCH BAG WOODLAND,3.0,2023-10-31 10:14:22,1.67,12396,5.01
538861,22386,JUMBO BAG PINK POLKADOT,4.0,2023-10-31 10:14:22,1.88,12396,7.52
538862,22748,POPPY'S PLAYHOUSE KITCHEN,6.0,2023-08-17 06:35:44,2.13,12878,12.78
538862,71053,WHITE METAL LANTERN,4.0,2023-08-17 06:35:44,3.29,12878,13.16
538862,22632,HAND WARMER RED POLKA DOT,6.0,2023-08-17 06:35:44,1.9,12878,11.4
538862,20727,LUNCH BAG BLACK SKULL.,4.0,2023-08-17 06:35:44,1.57,12878,6.28
538862,85123A,WHITE HANGING HEART T-LIGHT HOLDER,4.0,2023-08-17 06:35:44,2.66,12878,10.64
538864,84029E,RED WOOLLY HOTTIE WHITE HEART.,2.0,2023-09-13 05:33:35,3.49,12729,6.98
538864,21931,JUMBO STORAGE BAG SUKI,2.0,2023-09-13 05:33:35,2.0,12729,4.0
538864,22382,LUNCH BAG SPACEBOY DESIGN,1.0,2023-09-13 05:33:35,1.58,12729,1.58
538865,20728,LUNCH BAG CARS BLUE,1.0,2023-05-09 23:10:44,1.73,12607,1.73
538865,22382,LUNCH BAG SPACEBOY DESIGN,2.0,2023-05-09 23:10:44,1.64,12607,3.28
538865,84879,ASSORTED COLOUR BIRD ORNAMENT,2.0,2023-05-09 23:10:44,1.72,12607,3.44
538866,22633,HAND WARMER UNION JACK,1.0,2023-06-14 01:16:26,1.89,12921,1.89
538866,22745,POPPY'S PLAYHOUSE BEDROOM,3.0,2023-06-14 01:16:26,2.17,12921,6.51
538866,85099F,JUMBO BAG STRAWBERRY,2.0,2023-06-14 01:16:26,1.93,12921,3.86
538866,22749,POPPY'S PLAYHOUSE LIVINGROOM,6.0,2023-06-14 01:16:26,2.16,12921,12.96
538866,84029G,KNITTED UNION FLAG HOT WATER BOTTLE,2.0,2023-06-14 01:16:26,3.46,12921,6.92
538866,22748,POPPY'S PLAYHOUSE KITCHEN,4.0,2023-06-14 01:16:26,2.04,12921,8.16
538867,20728,LUNCH BAG CARS BLUE,1.0,2023-12-06 06:06:05,1.57,13117,1.57
538867,20727,LUNCH BAG BLACK SKULL.,4.0,2023-12-06 06:06:05,1.66,13117,6.64
538867,20726,LUNCH BAG WOODLAND,1.0,2023-12-06 06:06:05,1.67,13117,1.67
538867,84029G,KNITTED UNION FLAG HOT WATER BOTTLE,4.0,2023-12-06 06:06:05,3.35,13117,13.4
538868,22386,JUMBO BAG PINK POLKADOT,4.0,2023-08-13 01:34:21,1.87,12736,7.48
538868,22384,LUNCH BAG PINK POLKADOT,3.0,2023-08-13 01:34:21,1.68,12736,5.04
538868,20726,LUNCH BAG WOODLAND,3.0,2023-08-13 01:34:21,1.61,12736,4.83
538868,22749,POPPY'S PLAYHOUSE LIVINGROOM,1.0,2023-08-13 01:34:21,2.04,12736,2.04
538868,22383,LUNCH BAG SUKI DESIGN,2.0,2023-08-13 01:34:21,1.72,12736,3.44
538868,22748,POPPY'S PLAYHOUSE KITCHEN,2.0,2023-08-13 01:34:21,2.08,12736,4.16
538869,71053,WHITE METAL LANTERN,1.0,2023-09-12 16:13:23,3.56,12592,3.56
538870,20728,LUNCH BAG CARS BLUE,2.0,2023-07-11 23:06:54,1.64,12877,3.28
538870,22411,JUMBO SHOPPER VINTAGE RED PAISLEY,6.0,2023-07-11 23:06:54,1.97,12877,11.82
538871,20726,LUNCH BAG WOODLAND,4.0,2023-11-16 18:02:54,1.59,12757,6.36
538871,22749,POPPY'S PLAYHOUSE LIVINGROOM,6.0,2023-11-16 18:02:54,2.12,12757,12.72
538871,84969,BOX OF 6 ASSORTED COLOUR TEASPOONS,1.0,2023-11-16 18:02:54,4.13,12757,4.13
538872,22383,LUNCH BAG SUKI DESIGN,3.0,2023-09-13 11:42:20,1.73,12453,5.19
538872,22086,PAPER CHAIN KIT 50'S CHRISTMAS,6.0,2023-09-13 11:42:20,2.5,12453,15.0
538873,22310,IVORY KNITTED MUG COSY,3.0,2023-05-11 05:09:10,1.58,12821,4.74
538874,85099B,JUMBO BAG RED RETROSPOT,1.0,2023-06-23 04:32:34,1.94,12594,1.94
538875,22748,POPPY'S PLAYHOUSE KITCHEN,1.0,2023-10-27 17:01:13,2.13,12729,2.13
538875,85099F,JUMBO BAG STRAWBERRY,6.0,2023-10-27 17:01:13,1.89,12729,11.34
538876,85123A,WHITE HANGING HEART T-LIGHT HOLDER,2.0,2023-09-22 18:18:59,2.64,12357,5.28
538876,84406B,CREAM CUPID HEARTS COAT HANGER,1.0,2023-09-22 18:18:59,2.72,12357,2.72
538876,20725,LUNCH BAG RED RETROSPOT,2.0,2023-09-22 18:18:59,1.61,12357,3.22
538876,22384,LUNCH BAG PINK POLKADOT,4.0,2023-09-22 18:18:59,1.65,12357,6.6
538877,22411,JUMBO SHOPPER VINTAGE RED PAISLEY,1.0,2023-08-26 10:49:16,1.94,12999,1.94
538877,20726,LUNCH BAG WOODLAND,1.0,2023-08-26 10:49:16,1.66,12999,1.66
538877,85099F,JUMBO BAG STRAWBERRY,2.0,2023-08-26 10:49:16,1.88,12999,3.76
538877,22382,LUNCH BAG SPACEBOY DESIGN,1.0,2023-08-26 10:49:16,1.58,12999,1.58
538877,22748,POPPY'S PLAYHOUSE KITCHEN,2.0,2023-08-26 10:49:16,2.01,12999,4.02
538878,84969,BOX OF 6 ASSORTED COLOUR TEASPOONS,1.0,2023-11-11 06:35:58,4.14,12704,4.14
538878,22386,JUMBO BAG PINK POLKADOT,3.0,2023-11-11 06:35:58,1.88,12704,5.64
538879,84879,ASSORTED COLOUR BIRD ORNAMENT,2.0,2023-03-16 00:21:32,1.7,12792,3.4
538880,84969,BOX OF 6 ASSORTED COLOUR TEASPOONS,2.0,2023-09-29 22:59:08,4.21,13007,8.42
538881,20728,LUNCH BAG CARS BLUE,3.0,2023-03-23 00:03:52,1.68,13073,5.04
538881,85099B,JUMBO BAG RED RETROSPOT,4.0,2023-03-23 00:03:52,1.99,13073,7.96
538881,22384,LUNCH BAG PINK POLKADOT,1.0,2023-03-23 00:03:52,1.68,13073,1.68
538882,47566,PARTY BUNTING,2.0,2023-11-09 18:35:13,4.43,12572,8.86
538883,22745,POPPY'S PLAYHOUSE BEDROOM,2.0,2023-07-07 16:40:25,2.04,12864,4.08
538883,71053,WHITE METAL LANTERN,1.0,2023-07-07 16:40:25,3.52,12864,3.52
538883,20728,LUNCH BAG CARS BLUE,4.0,2023-07-07 16:40:25,1.62,12864,6.48
538883,84969,BOX OF 6 ASSORTED COLOUR TEASPOONS,1.0,2023-07-07 16:40:25,4.18,12864,4.18
538883,22382,LUNCH BAG SPACEBOY DESIGN,3.0,2023-07-07 16:40:25,1.72,12864,5.16
538885,85099B,JUMBO BAG RED RETROSPOT,1.0,2023-07-05 17:22:11,1.86,12877,1.86
538885,84406B,CREAM CUPID HEARTS COAT HANGER,1.0,2023-07-05 17:22:11,2.78,12877,2.78
538885,22386,JUMBO BAG PINK POLKADOT,1.0,2023-07-05 17:22:11,1.91,12877,1.91
538885,71053,WHITE METAL LANTERN,2.0,2023-07-05 17:22:11,3.49,12877,6.98
538887,20726,LUNCH BAG WOODLAND,3.0,2023-02-16 13:28:54,1.57,12659,4.71
538887,22086,PAPER CHAIN KIT 50'S CHRISTMAS,2.0,2023-02-16 13:28:54,2.63,12659,5.26
538887,22382,LUNCH BAG SPACEBOY DESIGN,2.0,2023-02-16 13:28:54,1.63,12659,3.26
538887,85099F,JUMBO BAG STRAWBERRY,4.0,2023-02-16 13:28:54,1.93,12659,7.72
538887,20727,LUNCH BAG BLACK SKULL.,4.0,2023-02-16 13:28:54,1.7,12659,6.8
538887,22633,HAND WARMER UNION JACK,2.0,2023-02-16 13:28:54,1.87,12659,3.74
538888,20725,LUNCH BAG RED RETROSPOT,2.0,2023-11-12 04:10:29,1.7,12594,3.4
538888,22086,PAPER CHAIN KIT 50'S CHRISTMAS,1.0,2023-11-12 04:10:29,2.58,12594,2.58
538888,20726,LUNCH BAG WOODLAND,3.0,2023-11-12 04:10:29,1.68,12594,5.04
538888,22749,POPPY'S PLAYHOUSE LIVINGROOM,1.0,2023-11-12 04:10:29,2.13,12594,2.13
538888,47566,PARTY BUNTING,2.0,2023-11-12 04:10:29,4.73,12594,9.46
538889,84029E,RED WOOLLY HOTTIE WHITE HEART.,1.0,2023-10-04 12:55:28,3.48,12927,3.48
538890,84029E,RED WOOLLY HOTTIE WHITE HEART.,1.0,2023-08-23 03:24:50,3.55,13030,3.55
538891,47566,PARTY BUNTING,3.0,2023-10-31 06:42:16,4.63,13063,13.89
538892,84879,ASSORTED COLOUR BIRD ORNAMENT,1.0,2023-08-22 04:18:38,1.75,12774,1.75
538892,85099B,JUMBO BAG RED RETROSPOT,4.0,2023-08-22 04:18:38,2.01,12774,8.04
538892,84969,BOX OF 6 ASSORTED COLOUR TEASPOONS,2.0,2023-08-22 04:18:38,4.2,12774,8.4
538893,71053,WHITE METAL LANTERN,4.0,2023-03-01 13:07:48,3.25,12357,13.0
538893,85099F,JUMBO BAG STRAWBERRY,1.0,2023-03-01 13:07:48,1.95,12357,1.95
538893,22748,POPPY'S PLAYHOUSE KITCHEN,1.0,2023-03-01 13:07:48,2.1,12357,2.1
538893,21730,GLASS STAR FROSTED T-LIGHT HOLDER,2.0,2023-03-01 13:07:48,4.31,12357,8.62
538894,20727,LUNCH BAG BLACK SKULL.,4.0,2023-10-11 22:57:38,1.59,12670,6.36
538894,22633,HAND WARMER UNION JACK,1.0,2023-10-11 22:57:38,1.84,12670,1.84
538894,47566,PARTY BUNTING,1.0,2023-10-11 22:57:38,4.47,12670,4.47
538894,84879,ASSORTED COLOUR BIRD ORNAMENT,3.0,2023-10-11 22:57:38,1.73,12670,5.19
538895,20727,LUNCH BAG BLACK SKULL.,4.0,2023-09-29 07:43:53,1.58,12670,6.32
538895,22383,LUNCH BAG SUKI DESIGN,2.0,2023-09-29 07:43:53,1.61,12670,3.22
538895,84029E,RED WOOLLY HOTTIE WHITE HEART.,2.0,2023-09-29 07:43:53,3.24,12670,6.48
538896,22086,PAPER CHAIN KIT 50'S CHRISTMAS,2.0,2023-12-04 17:51:27,2.61,12845,5.22
538896,20727,LUNCH BAG BLACK SKULL.,3.0,2023-12-04 17:51:27,1.71,12845,5.13
538896,22382,LUNCH BAG SPACEBOY DESIGN,3.0,2023-12-04 17:51:27,1.65,12845,4.95
538896,84969,BOX OF 6 ASSORTED COLOUR TEASPOONS,2.0,2023-12-04 17:51:27,4.15,12845,8.3
538896,22411,JUMBO SHOPPER VINTAGE RED PAISLEY,2.0,2023-12-04 17:51:27,2.01,12845,4.02
538898,22745,POPPY'S PLAYHOUSE BEDROOM,6.0,2023-06-26 06:03:18,2.2,13055,13.2
538898,22386,JUMBO BAG PINK POLKADOT,2.0,2023-06-26 06:03:18,2.0,13055,4.0
538898,47566,PARTY BUNTING,1.0,2023-06-26 06:03:18,4.68,13055,4.68
538898,21730,GLASS STAR FROSTED T-LIGHT HOLDER,2.0,2023-06-26 06:03:18,4.05,13055,8.1
538899,21931,JUMBO STORAGE BAG SUKI,2.0,2023-06-18 10:04:20,2.03,12821,4.06
538899,84029E,RED WOOLLY HOTTIE WHITE HEART.,4.0,2023-06-18 10:04:20,3.47,12821,13.88
538899,85123A,WHITE HANGING HEART T-LIGHT HOLDER,1.0,2023-06-18 10:04:20,2.45,12821,2.45
538900,21931,JUMBO STORAGE BAG SUKI,6.0,2023-02-10 13:32:28,1.97,13030,11.82
538900,22749,POPPY'S PLAYHOUSE LIVINGROOM,1.0,2023-02-10 13:32:28,2.16,13030,2.16
538900,20728,LUNCH BAG CARS BLUE,3.0,2023-02-10 13:32:28,1.66,13030,4.98
538901,20727,LUNCH BAG BLACK SKULL.,6.0,2023-07-27 21:05:31,1.62,12999,9.72
538901,84029E,RED WOOLLY HOTTIE WHITE HEART.,1.0,2023-07-27 21:05:31,3.41,12999,3.41
538902,71053,WHITE METAL LANTERN,2.0,2023-11-09 20:19:42,3.24,12736,6.48
538902,21931,JUMBO STORAGE BAG SUKI,2.0,2023-11-09 20:19:42,1.92,12736,3.84
538902,20727,LUNCH BAG BLACK SKULL.,4.0,2023-11-09 20:19:42,1.64,12736,6.56
538902,22411,JUMBO SHOPPER VINTAGE RED PAISLEY,6.0,2023-11-09 20:19:42,1.96,12736,11.76
538902,22748,POPPY'S PLAYHOUSE KITCHEN,1.0,2023-11-09 20:19:42,2.04,12736,2.04
538905,85099B,JUMBO BAG RED RETROSPOT,3.0,2023-09-20 02:28:25,2.04,12347,6.12
538905,47566,PARTY BUNTING,2.0,2023-09-20 02:28:25,4.54,12347,9.08
538905,85123A,WHITE HANGING HEART T-LIGHT HOLDER,3.0,2023-09-20 02:28:25,2.6,12347,7.8
538905,22411,JUMBO SHOPPER VINTAGE RED PAISLEY,4.0,2023-09-20 02:28:25,1.94,12347,7.76
538906,22749,POPPY'S PLAYHOUSE LIVINGROOM,2.0,2023-11-03 04:36:04,2.07,13017,4.14
538906,21730,GLASS STAR FROSTED T-LIGHT HOLDER,2.0,2023-11-03 04:36:04,4.39,13017,8.78
538906,22411,JUMBO SHOPPER VINTAGE RED PAISLEY,1.0,2023-11-03 04:36:04,1.94,13017,1.94
538906,84969,BOX OF 6 ASSORTED COLOUR TEASPOONS,1.0,2023-11-03 04:36:04,4.38,13017,4.38
538907,22745,POPPY'S PLAYHOUSE BEDROOM,1.0,2023-10-03 19:45:10,2.07,12490,2.07
538907,22384,LUNCH BAG PINK POLKADOT,2.0,2023-10-03 19:45:10,1.59,12490,3.18
538907,22383,LUNCH BAG SUKI DESIGN,1.0,2023-10-03 19:45:10,1.68,12490,1.68
538907,22748,POPPY'S PLAYHOUSE KITCHEN,3.0,2023-10-03 19:45:10,2.11,12490,6.33
538909,22383,LUNCH BAG SUKI DESIGN,1.0,2023-06-08 22:24:23,1.59,12977,1.59
538910,22748,POPPY'S PLAYHOUSE KITCHEN,4.0,2023-10-07 15:57:06,2.03,12877,8.12
538910,85099B,JUMBO BAG RED RETROSPOT,1.0,2023-10-07 15:57:06,1.92,12877,1.92
538911,84406B,CREAM CUPID HEARTS COAT HANGER,2.0,2023-08-14 19:17:23,2.85,12426,5.7
538912,84029G,KNITTED UNION FLAG HOT WATER BOTTLE,2.0,2023-10-25 15:51:01,3.24,13099,6.48
538912,22632,HAND WARMER RED POLKA DOT,1.0,2023-10-25 15:51:01,1.79,13099,1.79
538912,20728,LUNCH BAG CARS BLUE,1.0,2023-10-25 15:51:01,1.58,13099,1.58
538912,20726,LUNCH BAG WOODLAND,1.0,2023-10-25 15:51:01,1.61,13099,1.61
538912,22310,IVORY KNITTED MUG COSY,1.0,2023-10-25 15:51:01,1.57,13099,1.57
538913,84406B,CREAM CUPID HEARTS COAT HANGER,1.0,2023-10-09 05:50:25,2.78,12523,2.78
538915,22383,LUNCH BAG SUKI DESIGN,1.0,2023-09-27 08:11:47,1.67,12852,1.67
538915,71053,WHITE METAL LANTERN,2.0,2023-09-27 08:11:47,3.39,12852,6.78
538915,22748,POPPY'S PLAYHOUSE KITCHEN,1.0,2023-09-27 08:11:47,2.07,12852,2.07
538916,21730,GLASS STAR FROSTED T-LIGHT HOLDER,1.0,2023-08-06 14:43:17,4.34,12877,4.34
538916,22745,POPPY'S PLAYHOUSE BEDROOM,1.0,2023-08-06 14:43:17,2.15,12877,2.15
538916,84969,BOX OF 6 ASSORTED COLOUR TEASPOONS,3.0,2023-08-06 14:43:17,4.45,12877,13.35
538916,84879,ASSORTED COLOUR BIRD ORNAMENT,2.0,2023-08-06 14:43:17,1.63,12877,3.26
538917,22383,LUNCH BAG SUKI DESIGN,1.0,2023-07-14 14:58:08,1.68,12868,1.68
538917,22749,POPPY'S PLAYHOUSE LIVINGROOM,4.0,2023-07-14 14:58:08,2.16,12868,8.64
538917,20725,LUNCH BAG RED RETROSPOT,2.0,2023-07-14 14:58:08,1.61,12868,3.22
538917,22632,HAND WARMER RED POLKA DOT,2.0,2023-07-14 14:58:08,1.85,12868,3.7
538917,22633,HAND WARMER UNION JACK,1.0,2023-07-14 14:58:08,1.79,12868,1.79
538919,22383,LUNCH BAG SUKI DESIGN,2.0,2023-07-18 20:56:08,1.65,12710,3.3
538920,22384,LUNCH BAG PINK POLKADOT,3.0,2023-08-27 08:09:34,1.66,12587,4.98
538921,71053,WHITE METAL LANTERN,1.0,2023-07-13 06:29:58,3.47,12467,3.47
538921,22384,LUNCH BAG PINK POLKADOT,1.0,2023-07-13 06:29:58,1.64,12467,1.64
538922,20726,LUNCH BAG WOODLAND,1.0,2023-10-10 05:46:41,1.6,12449,1.6
538923,21730,GLASS STAR FROSTED T-LIGHT HOLDER,1.0,2023-08-31 06:40:17,4.43,12619,4.43
538923,85099F,JUMBO BAG STRAWBERRY,2.0,2023-08-31 06:40:17,1.98,12619,3.96
538923,22383,LUNCH BAG SUKI DESIGN,1.0,2023-08-31 06:40:17,1.62,12619,1.62
538923,20728,LUNCH BAG CARS BLUE,3.0,2023-08-31 06:40:17,1.68,12619,5.04
538923,22411,JUMBO SHOPPER VINTAGE RED PAISLEY,6.0,2023-08-31 06:40:17,1.95,12619,11.7
538924,22411,JUMBO SHOPPER VINTAGE RED PAISLEY,1.0,2023-05-15 01:51:18,2.05,12834,2.05
538924,22633,HAND WARMER UNION JACK,3.0,2023-05-15 01:51:18,1.9,12834,5.7
538924,85099F,JUMBO BAG STRAWBERRY,2.0,2023-05-15 01:51:18,1.96,12834,3.92
538925,20726,LUNCH BAG WOODLAND,1.0,2023-06-23 22:38:05,1.63,12877,1.63
538925,21931,JUMBO STORAGE BAG SUKI,3.0,2023-06-23 22:38:05,2.03,12877,6.09
538925,22382,LUNCH BAG SPACEBOY DESIGN,3.0,2023-06-23 22:38:05,1.59,12877,4.77
538925,20728,LUNCH BAG CARS BLUE,4.0,2023-06-23 22:38:05,1.68,12877,6.72
538925,22745,POPPY'S PLAYHOUSE BEDROOM,3.0,2023-06-23 22:38:05,2.01,12877,6.03
538925,22632,HAND WARMER RED POLKA DOT,2.0,2023-06-23 22:38:05,1.78,12877,3.56
538926,22384,LUNCH BAG PINK POLKADOT,2.0,2023-08-21 03:50:04,1.63,12560,3.26
538926,22748,POPPY'S PLAYHOUSE KITCHEN,3.0,2023-08-21 03:50:04,2.16,12560,6.48
538927,84029E,RED WOOLLY HOTTIE WHITE HEART.,1.0,2023-08-06 06:58:53,3.46,12617,3.46
538927,21730,GLASS STAR FROSTED T-LIGHT HOLDER,3.0,2023-08-06 06:58:53,4.11,12617,12.33
538930,85123A,WHITE HANGING HEART T-LIGHT HOLDER,3.0,2023-05-19 01:24:25,2.46,13021,7.38
538930,22383,LUNCH BAG SUKI DESIGN,2.0,2023-05-19 01:24:25,1.61,13021,3.22
538930,20726,LUNCH BAG WOODLAND,3.0,2023-05-19 01:24:25,1.67,13021,5.01
538931,84029G,KNITTED UNION FLAG HOT WATER BOTTLE,1.0,2023-04-25 23:00:13,3.37,12845,3.37
538931,22384,LUNCH BAG PINK POLKADOT,4.0,2023-04-25 23:00:13,1.71,12845,6.84
538931,47566,PARTY BUNTING,1.0,2023-04-25 23:00:13,4.85,12845,4.85
538931,20725,LUNCH BAG RED RETROSPOT,4.0,2023-04-25 23:00:13,1.57,12845,6.28
538932,22745,POPPY'S PLAYHOUSE BEDROOM,3.0,2023-08-14 16:31:35,2.19,13021,6.57
538932,22383,LUNCH BAG SUKI DESIGN,4.0,2023-08-14 16:31:35,1.7,13021,6.8
538932,22384,LUNCH BAG PINK POLKADOT,1.0,2023-08-14 16:31:35,1.59,13021,1.59
538932,85123A,WHITE HANGING HEART T-LIGHT HOLDER,1.0,2023-08-14 16:31:35,2.52,13021,2.52
538932,22086,PAPER CHAIN KIT 50'S CHRISTMAS,3.0,2023-08-14 16:31:35,2.66,13021,7.98
538933,84029G,KNITTED UNION FLAG HOT WATER BOTTLE,3.0,2023-11-03 18:47:03,3.5,13051,10.5
538934,71053,WHITE METAL LANTERN,2.0,2023-10-24 03:33:41,3.28,12582,6.56
538935,22310,IVORY KNITTED MUG COSY,3.0,2023-11-12 21:42:33,1.63,12787,4.89
538935,22383,LUNCH BAG SUKI DESIGN,2.0,2023-11-12 21:42:33,1.63,12787,3.26
538936,84406B,CREAM CUPID HEARTS COAT HANGER,2.0,2023-05-31 20:02:18,2.79,12887,5.58
538936,22386,JUMBO BAG PINK POLKADOT,2.0,2023-05-31 20:02:18,2.02,12887,4.04
538937,20726,LUNCH BAG WOODLAND,3.0,2023-06-05 16:16:13,1.57,12878,4.71
538937,22086,PAPER CHAIN KIT 50'S CHRISTMAS,3.0,2023-06-05 16:16:13,2.64,12878,7.92
538937,84029E,RED WOOLLY HOTTIE WHITE HEART.,2.0,2023-06-05 16:16:13,3.55,12878,7.1
538937,22632,HAND WARMER RED POLKA DOT,1.0,2023-06-05 16:16:13,1.83,12878,1.83
538937,20725,LUNCH BAG RED RETROSPOT,3.0,2023-06-05 16:16:13,1.67,12878,5.01
538938,22749,POPPY'S PLAYHOUSE LIVINGROOM,1.0,2023-06-30 13:43:53,2.01,12712,2.01
538938,21730,GLASS STAR FROSTED T-LIGHT HOLDER,2.0,2023-06-30 13:43:53,4.07,12712,8.14
538938,84406B,CREAM CUPID HEARTS COAT HANGER,4.0,2023-06-30 13:43:53,2.76,12712,11.04
538938,22384,LUNCH BAG PINK POLKADOT,2.0,2023-06-30 13:43:53,1.66,12712,3.32
538938,20726,LUNCH BAG WOODLAND,2.0,2023-06-30 13:43:53,1.72,12712,3.44
538938,22310,IVORY KNITTED MUG COSY,1.0,2023-06-30 13:43:53,1.66,12712,1.66
538939,21730,GLASS STAR FROSTED T-LIGHT HOLDER,2.0,2023-08-09 07:00:38,4.06,12422,8.12
538939,22384,LUNCH BAG PINK POLKADOT,3.0,2023-08-09 07:00:38,1.59,12422,4.77
538939,71053,WHITE METAL LANTERN,2.0,2023-08-09 07:00:38,3.27,12422,6.54
538940,22384,LUNCH BAG PINK POLKADOT,6.0,2023-08-18 05:31:53,1.67,12877,10.02
538940,22086,PAPER CHAIN KIT 50'S CHRISTMAS,6.0,2023-08-18 05:31:53,2.49,12877,14.94
538940,22745,POPPY'S PLAYHOUSE BEDROOM,2.0,2023-08-18 05:31:53,2.01,12877,4.02
538940,22748,POPPY'S PLAYHOUSE KITCHEN,6.0,2023-08-18 05:31:53,2.05,12877,12.3
538941,84879,ASSORTED COLOUR BIRD ORNAMENT,2.0,2023-11-12 07:02:38,1.65,12704,3.3
538941,22411,JUMBO SHOPPER VINTAGE RED PAISLEY,6.0,2023-11-12 07:02:38,2.04,12704,12.24
538941,22386,JUMBO BAG PINK POLKADOT,1.0,2023-11-12 07:02:38,1.95,12704,1.95
538942,22633,HAND WARMER UNION JACK,3.0,2023-11-01 16:41:23,1.86,12831,5.58
538943,20727,LUNCH BAG BLACK SKULL.,1.0,2023-01-30 07:37:51,1.67,12734,1.67
538943,84969,BOX OF 6 ASSORTED COLOUR TEASPOONS,1.0,2023-01-30 07:37:51,4.46,12734,4.46
538944,84029E,RED WOOLLY HOTTIE WHITE HEART.,4.0,2023-05-15 01:17:09,3.31,12878,13.24
538944,20728,LUNCH BAG CARS BLUE,1.0,2023-05-15 01:17:09,1.64,12878,1.64
538945,85099F,JUMBO BAG STRAWBERRY,2.0,2023-03-07 12:50:46,1.98,12689,3.96
538945,85123A,WHITE HANGING HEART T-LIGHT HOLDER,1.0,2023-03-07 12:50:46,2.52,12689,2.52
538946,22745,POPPY'S PLAYHOUSE BEDROOM,1.0,2023-10-20 14:31:33,2.06,12440,2.06
538946,22749,POPPY'S PLAYHOUSE LIVINGROOM,2.0,2023-10-20 14:31:33,2.06,12440,4.12
538946,20727,LUNCH BAG BLACK SKULL.,1.0,2023-10-20 14:31:33,1.67,12440,1.67
538946,22310,IVORY KNITTED MUG COSY,1.0,2023-10-20 14:31:33,1.7,12440,1.7
538946,20726,LUNCH BAG WOODLAND,3.0,2023-10-20 14:31:33,1.72,12440,5.16
538947,22384,LUNCH BAG PINK POLKADOT,1.0,2023-12-10 05:06:37,1.64,12727,1.64
538947,22749,POPPY'S PLAYHOUSE LIVINGROOM,1.0,2023-12-10 05:06:37,2.0,12727,2.0
538948,22748,POPPY'S PLAYHOUSE KITCHEN,1.0,2023-09-08 08:35:41,2.06,12877,2.06
538948,22086,PAPER CHAIN KIT 50'S CHRISTMAS,1.0,2023-09-08 08:35:41,2.47,12877,2.47
538948,84406B,CREAM CUPID HEARTS COAT HANGER,3.0,2023-09-08 08:35:41,2.75,12877,8.25
538949,84406B,CREAM CUPID HEARTS COAT HANGER,2.0,2023-10-23 22:26:40,2.65,12940,5.3
538951,71053,WHITE METAL LANTERN,2.0,2023-06-02 14:08:57,3.47,12486,6.94
538951,20728,LUNCH BAG CARS BLUE,1.0,2023-06-02 14:08:57,1.58,12486,1.58
538952,71053,WHITE METAL LANTERN,6.0,2023-11-13 05:18:11,3.54,12877,21.24
538952,85123A,WHITE HANGING HEART T-LIGHT HOLDER,4.0,2023-11-13 05:18:11,2.67,12877,10.68
538954,85099B,JUMBO BAG RED RETROSPOT,1.0,2023-09-14 17:32:25,1.85,12961,1.85
538954,22749,POPPY'S PLAYHOUSE LIVINGROOM,3.0,2023-09-14 17:32:25,2.11,12961,6.33
538954,20728,LUNCH BAG CARS BLUE,2.0,2023-09-14 17:32:25,1.62,12961,3.24
538954,84029G,KNITTED UNION FLAG HOT WATER BOTTLE,1.0,2023-09-14 17:32:25,3.38,12961,3.38
538955,22632,HAND WARMER RED POLKA DOT,1.0,2023-04-19 21:40:23,1.8,12815,1.8
538955,22383,LUNCH BAG SUKI DESIGN,3.0,2023-04-19 21:40:23,1.59,12815,4.77
538956,47566,PARTY BUNTING,1.0,2023-07-29 13:33:45,4.57,12379,4.57
538956,85099B,JUMBO BAG RED RETROSPOT,1.0,2023-07-29 13:33:45,1.96,12379,1.96
538956,84879,ASSORTED COLOUR BIRD ORNAMENT,4.0,2023-07-29 13:33:45,1.67,12379,6.68
538956,22386,JUMBO BAG PINK POLKADOT,2.0,2023-07-29 13:33:45,2.02,12379,4.04
538957,71053,WHITE METAL LANTERN,2.0,2023-07-23 05:40:14,3.43,12877,6.86
538957,21931,JUMBO STORAGE BAG SUKI,3.0,2023-07-23 05:40:14,1.95,12877,5.85
538957,22383,LUNCH BAG SUKI DESIGN,1.0,2023-07-23 05:40:14,1.7,12877,1.7
538957,22086,PAPER CHAIN KIT 50'S CHRISTMAS,1.0,2023-07-23 05:40:14,2.67,12877,2.67
538957,22384,LUNCH BAG PINK POLKADOT,1.0,2023-07-23 05:40:14,1.67,12877,1.67
538958,22384,LUNCH BAG PINK POLKADOT,6.0,2023-11-15 17:17:36,1.65,12927,9.9
538958,85099B,JUMBO BAG RED RETROSPOT,2.0,2023-11-15 17:17:36,1.91,12927,3.82
538958,22386,JUMBO BAG PINK POLKADOT,1.0,2023-11-15 17:17:36,1.91,12927,1.91
538960,22632,HAND WARMER RED POLKA DOT,1.0,2023-07-25 10:13:59,1.89,12586,1.89
538960,84969,BOX OF 6 ASSORTED COLOUR TEASPOONS,1.0,2023-07-25 10:13:59,4.28,12586,4.28
538960,22386,JUMBO BAG PINK POLKADOT,6.0,2023-07-25 10:13:59,1.98,12586,11.88
538960,20725,LUNCH BAG RED RETROSPOT,3.0,2023-07-25 10:13:59,1.67,12586,5.01
538961,47566,PARTY BUNTING,3.0,2023-10-06 22:41:21,4.79,12845,14.37
538961,20728,LUNCH BAG CARS BLUE,1.0,2023-10-06 22:41:21,1.58,12845,1.58
538961,22384,LUNCH BAG PINK POLKADOT,3.0,2023-10-06 22:41:21,1.65,12845,4.95
538961,71053,WHITE METAL LANTERN,3.0,2023-10-06 22:41:21,3.29,12845,9.87
538961,22383,LUNCH BAG SUKI DESIGN,3.0,2023-10-06 22:41:21,1.61,12845,4.83
538962,22382,LUNCH BAG SPACEBOY DESIGN,4.0,2023-06-10 11:21:32,1.71,12877,6.84
538962,47566,PARTY BUNTING,1.0,2023-06-10 11:21:32,4.58,12877,4.58
538962,85123A,WHITE HANGING HEART T-LIGHT HOLDER,2.0,2023-06-10 11:21:32,2.62,12877,5.24
538962,22383,LUNCH BAG SUKI DESIGN,3.0,2023-06-10 11:21:32,1.63,12877,4.89
538962,20726,LUNCH BAG WOODLAND,2.0,2023-06-10 11:21:32,1.59,12877,3.18
538963,20726,LUNCH BAG WOODLAND,6.0,2023-06-23 07:01:10,1.7,12366,10.2
538968,84879,ASSORTED COLOUR BIRD ORNAMENT,2.0,2023-07-08 19:56:17,1.71,12819,3.42
538968,22633,HAND WARMER UNION JACK,3.0,2023-07-08 19:56:17,1.91,12819,5.73
538969,22745,POPPY'S PLAYHOUSE BEDROOM,4.0,2023-07-06 21:24:16,2.04,12877,8.16
538971,22386,JUMBO BAG PINK POLKADOT,4.0,2023-05-08 17:37:25,1.98,12989,7.92
538971,47566,PARTY BUNTING,2.0,2023-05-08 17:37:25,4.53,12989,9.06
538971,84029E,RED WOOLLY HOTTIE WHITE HEART.,2.0,2023-05-08 17:37:25,3.37,12989,6.74
538971,22749,POPPY'S PLAYHOUSE LIVINGROOM,2.0,2023-05-08 17:37:25,2.19,12989,4.38
538972,22384,LUNCH BAG PINK POLKADOT,2.0,2023-05-31 22:27:50,1.61,12814,3.22
538972,84969,BOX OF 6 ASSORTED COLOUR TEASPOONS,1.0,2023-05-31 22:27:50,4.17,12814,4.17
538973,22411,JUMBO SHOPPER VINTAGE RED PAISLEY,1.0,2023-09-19 15:30:16,1.94,13063,1.94
538973,22383,LUNCH BAG SUKI DESIGN,1.0,2023-09-19 15:30:16,1.58,13063,1.58
538973,20728,LUNCH BAG CARS BLUE,2.0,2023-09-19 15:30:16,1.72,13063,3.44
538973,20725,LUNCH BAG RED RETROSPOT,2.0,2023-09-19 15:30:16,1.57,13063,3.14
538975,85099F,JUMBO BAG STRAWBERRY,1.0,2023-11-14 17:53:56,1.99,12877,1.99
538975,22382,LUNCH BAG SPACEBOY DESIGN,1.0,2023-11-14 17:53:56,1.68,12877,1.68
538977,85123A,WHITE HANGING HEART T-LIGHT HOLDER,1.0,2023-07-21 17:03:39,2.67,12598,2.67
538977,22386,JUMBO BAG PINK POLKADOT,1.0,2023-07-21 17:03:39,1.9,12598,1.9
538977,20726,LUNCH BAG WOODLAND,1.0,2023-07-21 17:03:39,1.63,12598,1.63
538977,22745,POPPY'S PLAYHOUSE BEDROOM,2.0,2023-07-21 17:03:39,2.04,12598,4.08
538978,20728,LUNCH BAG CARS BLUE,1.0,2023-08-25 12:20:03,1.7,12505,1.7
538978,22310,IVORY KNITTED MUG COSY,1.0,2023-08-25 12:20:03,1.68,12505,1.68
538978,22384,LUNCH BAG PINK POLKADOT,3.0,2023-08-25 12:20:03,1.73,12505,5.19
538979,22386,JUMBO BAG PINK POLKADOT,6.0,2023-11-20 20:49:39,1.95,12389,11.7
538979,22383,LUNCH BAG SUKI DESIGN,2.0,2023-11-20 20:49:39,1.7,12389,3.4
538979,22748,POPPY'S PLAYHOUSE KITCHEN,2.0,2023-11-20 20:49:39,2.18,12389,4.36
538981,22382,LUNCH BAG SPACEBOY DESIGN,1.0,2023-11-10 10:27:40,1.71,12878,1.71
538982,22748,POPPY'S PLAYHOUSE KITCHEN,4.0,2023-11-24 10:10:24,2.11,12877,8.44
538982,20728,LUNCH BAG CARS BLUE,2.0,2023-11-24 10:10:24,1.7,12877,3.4
538982,20727,LUNCH BAG BLACK SKULL.,1.0,2023-11-24 10:10:24,1.6,12877,1.6
538982,47566,PARTY BUNTING,1.0,2023-11-24 10:10:24,4.82,12877,4.82
538982,22633,HAND WARMER UNION JACK,1.0,2023-11-24 10:10:24,1.81,12877,1.81
538982,84029E,RED WOOLLY HOTTIE WHITE HEART.,3.0,2023-11-24 10:10:24,3.29,12877,9.87
538983,47566,PARTY BUNTING,2.0,2023-10-28 23:33:53,4.56,13135,9.12
538983,22383,LUNCH BAG SUKI DESIGN,4.0,2023-10-28 23:33:53,1.65,13135,6.6
538983,21730,GLASS STAR FROSTED T-LIGHT HOLDER,1.0,2023-10-28 23:33:53,4.28,13135,4.28
538983,22382,LUNCH BAG SPACEBOY DESIGN,4.0,2023-10-28 23:33:53,1.6,13135,6.4
538984,22086,PAPER CHAIN KIT 50'S CHRISTMAS,4.0,2023-04-08 18:21:16,2.62,12736,10.48
538984,20728,LUNCH BAG CARS BLUE,1.0,2023-04-08 18:21:16,1.65,12736,1.65
538984,47566,PARTY BUNTING,1.0,2023-04-08 18:21:16,4.53,12736,4.53
538984,22386,JUMBO BAG PINK POLKADOT,2.0,2023-04-08 18:21:16,1.88,12736,3.76
538984,71053,WHITE METAL LANTERN,3.0,2023-04-08 18:21:16,3.39,12736,10.17
538985,71053,WHITE METAL LANTERN,1.0,2023-02-03 13:04:23,3.35,12449,3.35
538985,22749,POPPY'S PLAYHOUSE LIVINGROOM,1.0,2023-02-03 13:04:23,2.13,12449,2.13
538985,22411,JUMBO SHOPPER VINTAGE RED PAISLEY,2.0,2023-02-03 13:04:23,1.91,12449,3.82
538985,21931,JUMBO STORAGE BAG SUKI,1.0,2023-02-03 13:04:23,1.91,12449,1.91
538985,85123A,WHITE HANGING HEART T-LIGHT HOLDER,2.0,2023-02-03 13:04:23,2.46,12449,4.92
538985,22633,HAND WARMER UNION JACK,1.0,2023-02-03 13:04:23,1.92,12449,1.92
538986,22411,JUMBO SHOPPER VINTAGE RED PAISLEY,1.0,2023-08-12 16:55:35,2.03,12854,2.03
538986,22310,IVORY KNITTED MUG COSY,2.0,2023-08-12 16:55:35,1.66,12854,3.32
538986,85123A,WHITE HANGING HEART T-LIGHT HOLDER,1.0,2023-08-12 16:55:35,2.66,12854,2.66
538986,22745,POPPY'S PLAYHOUSE BEDROOM,3.0,2023-08-12 16:55:35,2.12,12854,6.36
538987,20725,LUNCH BAG RED RETROSPOT,4.0,2023-10-26 19:56:48,1.72,13007,6.88
538987,22745,POPPY'S PLAYHOUSE BEDROOM,1.0,2023-10-26 19:56:48,2.17,13007,2.17
538987,85099B,JUMBO BAG RED RETROSPOT,1.0,2023-10-26 19:56:48,1.9,13007,1.9
538988,22382,LUNCH BAG SPACEBOY DESIGN,2.0,2023-11-19 16:56:13,1.67,13030,3.34
538988,20726,LUNCH BAG WOODLAND,2.0,2023-11-19 16:56:13,1.67,13030,3.34
538988,22386,JUMBO BAG PINK POLKADOT,6.0,2023-11-19 16:56:13,1.98,13030,11.88
538988,84406B,CREAM CUPID HEARTS COAT HANGER,3.0,2023-11-19 16:56:13,2.68,13030,8.04
538990,84406B,CREAM CUPID HEARTS COAT HANGER,2.0,2023-10-18 16:59:21,2.71,12500,5.42
538990,84879,ASSORTED COLOUR BIRD ORNAMENT,3.0,2023-10-18 16:59:21,1.61,12500,4.83
538992,22086,PAPER CHAIN KIT 50'S CHRISTMAS,4.0,2023-11-19 05:31:05,2.61,12462,10.44
538992,22632,HAND WARMER RED POLKA DOT,4.0,2023-11-19 05:31:05,1.77,12462,7.08
538994,47566,PARTY BUNTING,1.0,2023-09-16 12:23:30,4.88,12877,4.88
538994,20726,LUNCH BAG WOODLAND,1.0,2023-09-16 12:23:30,1.65,12877,1.65
538994,85099F,JUMBO BAG STRAWBERRY,2.0,2023-09-16 12:23:30,2.0,12877,4.0
538994,20728,LUNCH BAG CARS BLUE,1.0,2023-09-16 12:23:30,1.71,12877,1.71
538994,22749,POPPY'S PLAYHOUSE LIVINGROOM,2.0,2023-09-16 12:23:30,2.05,12877,4.1
538995,22086,PAPER CHAIN KIT 50'S CHRISTMAS,1.0,2023-11-05 10:08:20,2.47,12398,2.47
538995,71053,WHITE METAL LANTERN,6.0,2023-11-05 10:08:20,3.3,12398,19.8
538996,85123A,WHITE HANGING HEART T-LIGHT HOLDER,2.0,2023-04-25 06:21:47,2.52,12480,5.04
538996,22632,HAND WARMER RED POLKA DOT,1.0,2023-04-25 06:21:47,1.81,12480,1.81
538997,22749,POPPY'S PLAYHOUSE LIVINGROOM,6.0,2023-07-07 16:32:51,2.18,12712,13.08
538997,20727,LUNCH BAG BLACK SKULL.,2.0,2023-07-07 16:32:51,1.62,12712,3.24
538997,22633,HAND WARMER UNION JACK,1.0,2023-07-07 16:32:51,1.93,12712,1.93
538997,22411,JUMBO SHOPPER VINTAGE RED PAISLEY,1.0,2023-07-07 16:32:51,1.9,12712,1.9
538998,84029E,RED WOOLLY HOTTIE WHITE HEART.,1.0,2023-06-19 13:01:06,3.47,12757,3.47
538998,22633,HAND WARMER UNION JACK,2.0,2023-06-19 13:01:06,1.91,12757,3.82
538998,21730,GLASS STAR FROSTED T-LIGHT HOLDER,3.0,2023-06-19 13:01:06,4.41,12757,13.23
538999,20727,LUNCH BAG BLACK SKULL.,1.0,2023-07-27 17:48:42,1.61,12602,1.61
538999,20726,LUNCH BAG WOODLAND,1.0,2023-07-27 17:48:42,1.59,12602,1.59
539002,22086,PAPER CHAIN KIT 50'S CHRISTMAS,1.0,2023-06-22 10:56:57,2.51,12824,2.51
539002,22748,POPPY'S PLAYHOUSE KITCHEN,4.0,2023-06-22 10:56:57,2.13,12824,8.52
539002,22384,LUNCH BAG PINK POLKADOT,6.0,2023-06-22 10:56:57,1.72,12824,10.32
539002,71053,WHITE METAL LANTERN,1.0,2023-06-22 10:56:57,3.27,12824,3.27
539003,85123A,WHITE HANGING HEART T-LIGHT HOLDER,6.0,2023-02-24 10:31:53,2.61,12736,15.66
539003,22086,PAPER CHAIN KIT 50'S CHRISTMAS,3.0,2023-02-24 10:31:53,2.66,12736,7.98
539003,22633,HAND WARMER UNION JACK,3.0,2023-02-24 10:31:53,1.83,12736,5.49
539003,84969,BOX OF 6 ASSORTED COLOUR TEASPOONS,1.0,2023-02-24 10:31:53,4.32,12736,4.32
539004,71053,WHITE METAL LANTERN,1.0,2023-10-08 08:24:41,3.3,12602,3.3
539004,22382,LUNCH BAG SPACEBOY DESIGN,1.0,2023-10-08 08:24:41,1.7,12602,1.7
539005,22382,LUNCH BAG SPACEBOY DESIGN,1.0,2023-04-03 14:28:43,1.66,12486,1.66
539005,84969,BOX OF 6 ASSORTED COLOUR TEASPOONS,1.0,2023-04-03 14:28:43,4.27,12486,4.27
539006,20725,LUNCH BAG RED RETROSPOT,1.0,2023-09-27 00:15:43,1.66,12877,1.66
539006,21931,JUMBO STORAGE BAG SUKI,2.0,2023-09-27 00:15:43,1.94,12877,3.88
539007,22383,LUNCH BAG SUKI DESIGN,2.0,2023-10-20 20:28:17,1.57,13051,3.14
539007,85099B,JUMBO BAG RED RETROSPOT,4.0,2023-10-20 20:28:17,1.99,13051,7.96
539007,22382,LUNCH BAG SPACEBOY DESIGN,2.0,2023-10-20 20:28:17,1.71,13051,3.42
539008,20726,LUNCH BAG WOODLAND,1.0,2023-08-05 19:20:35,1.57,12416,1.57
539008,84969,BOX OF 6 ASSORTED COLOUR TEASPOONS,4.0,2023-08-05 19:20:35,4.43,12416,17.72
539010,22411,JUMBO SHOPPER VINTAGE RED PAISLEY,3.0,2023-04-18 18:47:44,1.88,12834,5.64
539011,71053,WHITE METAL LANTERN,2.0,2023-06-15 11:22:48,3.46,12518,6.92
539011,85099F,JUMBO BAG STRAWBERRY,1.0,2023-06-15 11:22:48,1.97,12518,1.97
539011,22749,POPPY'S PLAYHOUSE LIVINGROOM,6.0,2023-06-15 11:22:48,2.16,12518,12.96
539011,20725,LUNCH BAG RED RETROSPOT,1.0,2023-06-15 11:22:48,1.61,12518,1.61
539012,22386,JUMBO BAG PINK POLKADOT,1.0,2023-12-10 02:52:28,2.02,12876,2.02
539012,84969,BOX OF 6 ASSORTED COLOUR TEASPOONS,2.0,2023-12-10 02:52:28,4.07,12876,8.14
539012,20725,LUNCH BAG RED RETROSPOT,1.0,2023-12-10 02:52:28,1.69,12876,1.69
539013,22632,HAND WARMER RED POLKA DOT,1.0,2023-07-17 10:43:32,1.9,12813,1.9
539013,22411,JUMBO SHOPPER VINTAGE RED PAISLEY,1.0,2023-07-17 10:43:32,1.96,12813,1.96
539013,84029G,KNITTED UNION FLAG HOT WATER BOTTLE,6.0,2023-07-17 10:43:32,3.3,12813,19.8
539013,20726,LUNCH BAG WOODLAND,2.0,2023-07-17 10:43:32,1.64,12813,3.28
539013,22386,JUMBO BAG PINK POLKADOT,2.0,2023-07-17 10:43:32,1.93,12813,3.86
539014,20728,LUNCH BAG CARS BLUE,1.0,2023-11-15 02:21:39,1.68,12712,1.68
539014,71053,WHITE METAL LANTERN,4.0,2023-11-15 02:21:39,3.35,12712,13.4
539014,84406B,CREAM CUPID HEARTS COAT HANGER,1.0,2023-11-15 02:21:39,2.66,12712,2.66
539014,21931,JUMBO STORAGE BAG SUKI,1.0,2023-11-15 02:21:39,1.96,12712,1.96
539014,22745,POPPY'S PLAYHOUSE BEDROOM,1.0,2023-11-15 02:21:39,2.16,12712,2.16
539014,22411,JUMBO SHOPPER VINTAGE RED PAISLEY,1.0,2023-11-15 02:21:39,1.92,12712,1.92
539016,85099B,JUMBO BAG RED RETROSPOT,6.0,2023-07-03 20:18:32,2.02,12633,12.12
539016,22632,HAND WARMER RED POLKA DOT,2.0,2023-07-03 20:18:32,1.93,12633,3.86
539016,20726,LUNCH BAG WOODLAND,6.0,2023-07-03 20:18:32,1.73,12633,10.38
539016,84029G,KNITTED UNION FLAG HOT WATER BOTTLE,4.0,2023-07-03 20:18:32,3.4,12633,13.6
539016,22310,IVORY KNITTED MUG COSY,3.0,2023-07-03 20:18:32,1.64,12633,4.92
539018,84029G,KNITTED UNION FLAG HOT WATER BOTTLE,1.0,2023-11-03 06:26:28,3.46,12868,3.46
539018,20725,LUNCH BAG RED RETROSPOT,1.0,2023-11-03 06:26:28,1.66,12868,1.66
539019,84969,BOX OF 6 ASSORTED COLOUR TEASPOONS,1.0,2023-10-02 08:18:55,4.2,12453,4.2
539021,21730,GLASS STAR FROSTED T-LIGHT HOLDER,4.0,2023-07-29 04:01:29,4.13,12864,16.52
539021,21931,JUMBO STORAGE BAG SUKI,3.0,2023-07-29 04:01:29,1.98,12864,5.94
539021,20726,LUNCH BAG WOODLAND,2.0,2023-07-29 04:01:29,1.59,12864,3.18
539021,20727,LUNCH BAG BLACK SKULL.,1.0,2023-07-29 04:01:29,1.61,12864,1.61
539022,47566,PARTY BUNTING,1.0,2023-10-31 15:07:57,4.64,12380,4.64
539022,21730,GLASS STAR FROSTED T-LIGHT HOLDER,1.0,2023-10-31 15:07:57,4.05,12380,4.05
539022,22383,LUNCH BAG SUKI DESIGN,2.0,2023-10-31 15:07:57,1.72,12380,3.44
539022,20727,LUNCH BAG BLACK SKULL.,2.0,2023-10-31 15:07:57,1.62,12380,3.24
539022,85123A,WHITE HANGING HEART T-LIGHT HOLDER,1.0,2023-10-31 15:07:57,2.44,12380,2.44
539022,22633,HAND WARMER UNION JACK,2.0,2023-10-31 15:07:57,1.76,12380,3.52
539023,85099F,JUMBO BAG STRAWBERRY,3.0,2023-10-25 07:25:28,1.99,12415,5.97
539023,22411,JUMBO SHOPPER VINTAGE RED PAISLEY,2.0,2023-10-25 07:25:28,2.05,12415,4.1
539024,22384,LUNCH BAG PINK POLKADOT,4.0,2023-07-25 20:00:25,1.63,12834,6.52
539024,20727,LUNCH BAG BLACK SKULL.,2.0,2023-07-25 20:00:25,1.68,12834,3.36
539024,22382,LUNCH BAG SPACEBOY DESIGN,1.0,2023-07-25 20:00:25,1.68,12834,1.68
539024,21730,GLASS STAR FROSTED T-LIGHT HOLDER,4.0,2023-07-25 20:00:25,4.44,12834,17.76
539024,84879,ASSORTED COLOUR BIRD ORNAMENT,6.0,2023-07-25 20:00:25,1.63,12834,9.78
539025,22384,LUNCH BAG PINK POLKADOT,1.0,2023-05-15 13:57:12,1.65,12877,1.65
539026,22310,IVORY KNITTED MUG COSY,1.0,2023-09-29 11:11:00,1.64,13034,1.64
539026,84879,ASSORTED COLOUR BIRD ORNAMENT,3.0,2023-09-29 11:11:00,1.7,13034,5.1
539027,20728,LUNCH BAG CARS BLUE,3.0,2023-09-30 16:39:54,1.63,12810,4.89
539027,85123A,WHITE HANGING HEART T-LIGHT HOLDER,1.0,2023-09-30 16:39:54,2.57,12810,2.57
539027,21730,GLASS STAR FROSTED T-LIGHT HOLDER,1.0,2023-09-30 16:39:54,4.46,12810,4.46
539028,22384,LUNCH BAG PINK POLKADOT,1.0,2023-02-17 05:24:01,1.6,12877,1.6
539028,47566,PARTY BUNTING,1.0,2023-02-17 05:24:01,4.6,12877,4.6
539028,84029E,RED WOOLLY HOTTIE WHITE HEART.,1.0,2023-02-17 05:24:01,3.29,12877,3.29
539028,20725,LUNCH BAG RED RETROSPOT,1.0,2023-02-17 05:24:01,1.57,12877,1.57
539028,22749,POPPY'S PLAYHOUSE LIVINGROOM,1.0,2023-02-17 05:24:01,2.06,12877,2.06
539029,22386,JUMBO BAG PINK POLKADOT,2.0,2023-07-12 08:18:51,2.01,12729,4.02
539029,22383,LUNCH BAG SUKI DESIGN,1.0,2023-07-12 08:18:51,1.73,12729,1.73
539030,20725,LUNCH BAG RED RETROSPOT,1.0,2023-07-28 11:36:33,1.64,12960,1.64
539031,85099F,JUMBO BAG STRAWBERRY,1.0,2023-06-07 02:39:09,1.85,13145,1.85
539031,22383,LUNCH BAG SUKI DESIGN,1.0,2023-06-07 02:39:09,1.73,13145,1.73
539031,20725,LUNCH BAG RED RETROSPOT,2.0,2023-06-07 02:39:09,1.65,13145,3.3
539031,22632,HAND WARMER RED POLKA DOT,6.0,2023-06-07 02:39:09,1.92,13145,11.52
539031,20727,LUNCH BAG BLACK SKULL.,1.0,2023-06-07 02:39:09,1.58,13145,1.58
539031,22749,POPPY'S PLAYHOUSE LIVINGROOM,1.0,2023-06-07 02:39:09,2.04,13145,2.04
539032,84029E,RED WOOLLY HOTTIE WHITE HEART.,6.0,2023-05-22 05:03:16,3.34,13111,20.04
539032,85123A,WHITE HANGING HEART T-LIGHT HOLDER,4.0,2023-05-22 05:03:16,2.59,13111,10.36
539033,22632,HAND WARMER RED POLKA DOT,2.0,2023-03-19 07:52:52,1.77,12565,3.54
539033,85123A,WHITE HANGING HEART T-LIGHT HOLDER,6.0,2023-03-19 07:52:52,2.45,12565,14.7
539033,21931,JUMBO STORAGE BAG SUKI,6.0,2023-03-19 07:52:52,1.89,12565,11.34
539033,21730,GLASS STAR FROSTED T-LIGHT HOLDER,3.0,2023-03-19 07:52:52,4.42,12565,13.26
539034,20727,LUNCH BAG BLACK SKULL.,1.0,2023-08-15 13:12:04,1.69,12758,1.69
539035,22749,POPPY'S PLAYHOUSE LIVINGROOM,3.0,2023-07-03 00:41:21,2.12,12440,6.36
539036,22382,LUNCH BAG SPACEBOY DESIGN,1.0,2023-03-23 03:58:41,1.71,12347,1.71
539037,22086,PAPER CHAIN KIT 50'S CHRISTMAS,3.0,2023-03-21 08:37:13,2.58,12767,7.74
539037,22632,HAND WARMER RED POLKA DOT,2.0,2023-03-21 08:37:13,1.81,12767,3.62
539037,85099F,JUMBO BAG STRAWBERRY,3.0,2023-03-21 08:37:13,1.98,12767,5.94
539037,20726,LUNCH BAG WOODLAND,1.0,2023-03-21 08:37:13,1.71,12767,1.71
539037,21730,GLASS STAR FROSTED T-LIGHT HOLDER,2.0,2023-03-21 08:37:13,4.05,12767,8.1
539037,22745,POPPY'S PLAYHOUSE BEDROOM,2.0,2023-03-21 08:37:13,2.06,12767,4.12
539038,22086,PAPER CHAIN KIT 50'S CHRISTMAS,2.0,2023-04-01 17:52:45,2.56,12877,5.12
539038,21931,JUMBO STORAGE BAG SUKI,2.0,2023-04-01 17:52:45,1.88,12877,3.76
539039,20725,LUNCH BAG RED RETROSPOT,1.0,2023-06-03 04:41:31,1.57,12868,1.57
539039,22748,POPPY'S PLAYHOUSE KITCHEN,2.0,2023-06-03 04:41:31,2.01,12868,4.02
539039,20726,LUNCH BAG WOODLAND,2.0,2023-06-03 04:41:31,1.59,12868,3.18
539039,22310,IVORY KNITTED MUG COSY,6.0,2023-06-03 04:41:31,1.63,12868,9.78
539041,22749,POPPY'S PLAYHOUSE LIVINGROOM,3.0,2023-10-19 09:22:44,2.15,12912,6.45
539043,84969,BOX OF 6 ASSORTED COLOUR TEASPOONS,1.0,2023-10-08 05:36:26,4.14,12845,4.14
539045,85123A,WHITE HANGING HEART T-LIGHT HOLDER,2.0,2023-03-09 21:20:16,2.63,13051,5.26
539046,22411,JUMBO SHOPPER VINTAGE RED PAISLEY,1.0,2023-04-11 11:35:43,1.91,12396,1.91
539046,22383,LUNCH BAG SUKI DESIGN,1.0,2023-04-11 11:35:43,1.72,12396,1.72
539046,20728,LUNCH BAG CARS BLUE,6.0,2023-04-11 11:35:43,1.62,12396,9.72
539046,84406B,CREAM CUPID HEARTS COAT HANGER,1.0,2023-04-11 11:35:43,2.71,12396,2.71
539047,22386,JUMBO BAG PINK POLKADOT,2.0,2023-08-23 07:38:27,1.92,12877,3.84
539047,22632,HAND WARMER RED POLKA DOT,1.0,2023-08-23 07:38:27,1.8,12877,1.8
539047,85099F,JUMBO BAG STRAWBERRY,4.0,2023-08-23 07:38:27,1.97,12877,7.88
539047,21931,JUMBO STORAGE BAG SUKI,2.0,2023-08-23 07:38:27,1.92,12877,3.84
539047,47566,PARTY BUNTING,1.0,2023-08-23 07:38:27,4.5,12877,4.5
539047,84969,BOX OF 6 ASSORTED COLOUR TEASPOONS,1.0,2023-08-23 07:38:27,4.28,12877,4.28
539048,22310,IVORY KNITTED MUG COSY,4.0,2023-05-26 15:04:44,1.58,12672,6.32
539048,84879,ASSORTED COLOUR BIRD ORNAMENT,1.0,2023-05-26 15:04:44,1.62,12672,1.62
539048,84406B,CREAM CUPID HEARTS COAT HANGER,1.0,2023-05-26 15:04:44,2.71,12672,2.71
539049,84406B,CREAM CUPID HEARTS COAT HANGER,2.0,2023-07-16 01:54:05,2.62,12735,5.24
539049,20726,LUNCH BAG WOODLAND,4.0,2023-07-16 01:54:05,1.72,12735,6.88
539049,22086,PAPER CHAIN KIT 50'S CHRISTMAS,1.0,2023-07-16 01:54:05,2.64,12735,2.64
539050,47566,PARTY BUNTING,2.0,2023-02-19 06:28:25,4.49,12380,8.98
539050,22633,HAND WARMER UNION JACK,1.0,2023-02-19 06:28:25,1.78,12380,1.78
539051,21730,GLASS STAR FROSTED T-LIGHT HOLDER,1.0,2023-05-16 13:18:41,4.39,12480,4.39
539051,85099F,JUMBO BAG STRAWBERRY,6.0,2023-05-16 13:18:41,1.95,12480,11.7
539051,20726,LUNCH BAG WOODLAND,3.0,2023-05-16 13:18:41,1.65,12480,4.95
539051,22386,JUMBO BAG PINK POLKADOT,4.0,2023-05-16 13:18:41,2.02,12480,8.08
539051,22384,LUNCH BAG PINK POLKADOT,2.0,2023-05-16 13:18:41,1.72,12480,3.44
539051,84879,ASSORTED COLOUR BIRD ORNAMENT,4.0,2023-05-16 13:18:41,1.66,12480,6.64
539052,22384,LUNCH BAG PINK POLKADOT,1.0,2023-05-08 16:04:01,1.71,12742,1.71
539052,20728,LUNCH BAG CARS BLUE,1.0,2023-05-08 16:04:01,1.69,12742,1.69
539052,71053,WHITE METAL LANTERN,1.0,2023-05-08 16:04:01,3.43,12742,3.43
539052,47566,PARTY BUNTING,4.0,2023-05-08 16:04:01,4.64,12742,18.56
539052,84406B,CREAM CUPID HEARTS COAT HANGER,4.0,2023-05-08 16:04:01,2.71,12742,10.84
539053,85099B,JUMBO BAG RED RETROSPOT,2.0,2023-11-24 22:50:56,1.92,12462,3.84
539053,71053,WHITE METAL LANTERN,2.0,2023-11-24 22:50:56,3.43,12462,6.86
539054,20727,LUNCH BAG BLACK SKULL.,1.0,2023-07-27 12:28:36,1.62,12760,1.62
539054,84879,ASSORTED COLOUR BIRD ORNAMENT,1.0,2023-07-27 12:28:36,1.67,12760,1.67
539054,20726,LUNCH BAG WOODLAND,2.0,2023-07-27 12:28:36,1.67,12760,3.34
539054,84406B,CREAM CUPID HEARTS COAT HANGER,2.0,2023-07-27 12:28:36,2.85,12760,5.7
539054,84029G,KNITTED UNION FLAG HOT WATER BOTTLE,2.0,2023-07-27 12:28:36,3.49,12760,6.98
539055,22632,HAND WARMER RED POLKA DOT,1.0,2023-09-05 05:02:04,1.87,12834,1.87
539056,22633,HAND WARMER UNION JACK,2.0,2023-09-14 11:45:44,1.81,12650,3.62
539056,85099B,JUMBO BAG RED RETROSPOT,1.0,2023-09-14 11:45:44,1.92,12650,1.92
539056,22745,POPPY'S PLAYHOUSE BEDROOM,1.0,2023-09-14 11:45:44,2.05,12650,2.05
539056,71053,WHITE METAL LANTERN,6.0,2023-09-14 11:45:44,3.35,12650,20.1
539056,47566,PARTY BUNTING,2.0,2023-09-14 11:45:44,4.69,12650,9.38
539057,84879,ASSORTED COLOUR BIRD ORNAMENT,1.0,2023-08-04 18:44:56,1.71,12858,1.71
539057,22748,POPPY'S PLAYHOUSE KITCHEN,3.0,2023-08-04 18:44:56,2.01,12858,6.03
539058,22086,PAPER CHAIN KIT 50'S CHRISTMAS,2.0,2023-07-17 06:56:08,2.58,12826,5.16
539058,85099F,JUMBO BAG STRAWBERRY,1.0,2023-07-17 06:56:08,1.86,12826,1.86
539058,22386,JUMBO BAG PINK POLKADOT,1.0,2023-07-17 06:56:08,1.95,12826,1.95
539058,47566,PARTY BUNTING,4.0,2023-07-17 06:56:08,4.47,12826,17.88
539058,20728,LUNCH BAG CARS BLUE,2.0,2023-07-17 06:56:08,1.7,12826,3.4
539058,22748,POPPY'S PLAYHOUSE KITCHEN,2.0,2023-07-17 06:56:08,2.06,12826,4.12
539059,22632,HAND WARMER RED POLKA DOT,3.0,2023-04-26 10:09:13,1.93,12961,5.79
539059,21730,GLASS STAR FROSTED T-LIGHT HOLDER,4.0,2023-04-26 10:09:13,4.38,12961,17.52
539059,20726,LUNCH BAG WOODLAND,6.0,2023-04-26 10:09:13,1.65,12961,9.9
539059,84879,ASSORTED COLOUR BIRD ORNAMENT,1.0,2023-04-26 10:09:13,1.64,12961,1.64
539060,20726,LUNCH BAG WOODLAND,2.0,2023-06-19 04:41:18,1.62,12877,3.24
539060,22749,POPPY'S PLAYHOUSE LIVINGROOM,3.0,2023-06-19 04:41:18,2.05,12877,6.15
539060,85123A,WHITE HANGING HEART T-LIGHT HOLDER,1.0,2023-06-19 04:41:18,2.57,12877,2.57
539061,84029G,KNITTED UNION FLAG HOT WATER BOTTLE,2.0,2023-05-15 00:57:03,3.27,12635,6.54
539063,21931,JUMBO STORAGE BAG SUKI,2.0,2023-08-03 10:36:52,1.85,12500,3.7
539063,21730,GLASS STAR FROSTED T-LIGHT HOLDER,2.0,2023-08-03 10:36:52,4.18,12500,8.36
539063,22086,PAPER CHAIN KIT 50'S CHRISTMAS,1.0,2023-08-03 10:36:52,2.52,12500,2.52
539063,85099B,JUMBO BAG RED RETROSPOT,4.0,2023-08-03 10:36:52,1.87,12500,7.48
539063,84969,BOX OF 6 ASSORTED COLOUR TEASPOONS,1.0,2023-08-03 10:36:52,4.19,12500,4.19
539063,47566,PARTY BUNTING,2.0,2023-08-03 10:36:52,4.82,12500,9.64
539064,22748,POPPY'S PLAYHOUSE KITCHEN,2.0,2023-03-02 02:04:15,2.0,12877,4.0
539064,20727,LUNCH BAG BLACK SKULL.,6.0,2023-03-02 02:04:15,1.65,12877,9.9
539064,85123A,WHITE HANGING HEART T-LIGHT HOLDER,4.0,2023-03-02 02:04:15,2.53,12877,10.12
539065,22384,LUNCH BAG PINK POLKADOT,6.0,2023-10-11 12:32:08,1.63,12815,9.78
539065,22382,LUNCH BAG SPACEBOY DESIGN,2.0,2023-10-11 12:32:08,1.61,12815,3.22
539066,22310,IVORY KNITTED MUG COSY,6.0,2023-09-22 05:24:51,1.64,12613,9.84
539066,22383,LUNCH BAG SUKI DESIGN,2.0,2023-09-22 05:24:51,1.73,12613,3.46
539066,84969,BOX OF 6 ASSORTED COLOUR TEASPOONS,6.0,2023-09-22 05:24:51,4.42,12613,26.52
539066,22749,POPPY'S PLAYHOUSE LIVINGROOM,4.0,2023-09-22 05:24:51,2.14,12613,8.56
539066,20726,LUNCH BAG WOODLAND,6.0,2023-09-22 05:24:51,1.61,12613,9.66
539067,22383,LUNCH BAG SUKI DESIGN,4.0,2023-05-02 14:29:24,1.73,12877,6.92
539067,85099F,JUMBO BAG STRAWBERRY,1.0,2023-05-02 14:29:24,1.88,12877,1.88
539068,85099F,JUMBO BAG STRAWBERRY,2.0,2023-04-23 20:33:08,1.96,12854,3.92
539068,47566,PARTY BUNTING,6.0,2023-04-23 20:33:08,4.83,12854,28.98
539068,22382,LUNCH BAG SPACEBOY DESIGN,3.0,2023-04-23 20:33:08,1.68,12854,5.04
539068,22745,POPPY'S PLAYHOUSE BEDROOM,1.0,2023-04-23 20:33:08,2.09,12854,2.09
539068,71053,WHITE METAL LANTERN,4.0,2023-04-23 20:33:08,3.32,12854,13.28
539068,84969,BOX OF 6 ASSORTED COLOUR TEASPOONS,1.0,2023-04-23 20:33:08,4.19,12854,4.19
539069,20727,LUNCH BAG BLACK SKULL.,3.0,2023-11-16 10:48:37,1.58,12878,4.74
539069,22384,LUNCH BAG PINK POLKADOT,1.0,2023-11-16 10:48:37,1.68,12878,1.68
539069,22745,POPPY'S PLAYHOUSE BEDROOM,2.0,2023-11-16 10:48:37,2.09,12878,4.18
539069,84029G,KNITTED UNION FLAG HOT WATER BOTTLE,1.0,2023-11-16 10:48:37,3.45,12878,3.45
539069,22386,JUMBO BAG PINK POLKADOT,2.0,2023-11-16 10:48:37,1.99,12878,3.98
539070,20727,LUNCH BAG BLACK SKULL.,1.0,2023-10-04 03:04:54,1.64,12396,1.64
539070,84969,BOX OF 6 ASSORTED COLOUR TEASPOONS,1.0,2023-10-04 03:04:54,4.32,12396,4.32
539070,85099F,JUMBO BAG STRAWBERRY,1.0,2023-10-04 03:04:54,1.92,12396,1.92
539070,84879,ASSORTED COLOUR BIRD ORNAMENT,4.0,2023-10-04 03:04:54,1.71,12396,6.84
539070,22748,POPPY'S PLAYHOUSE KITCHEN,1.0,2023-10-04 03:04:54,2.0,12396,2.0
539071,22633,HAND WARMER UNION JACK,1.0,2023-04-01 16:59:01,1.78,12485,1.78
539071,85123A,WHITE HANGING HEART T-LIGHT HOLDER,2.0,2023-04-01 16:59:01,2.58,12485,5.16
539071,84969,BOX OF 6 ASSORTED COLOUR TEASPOONS,1.0,2023-04-01 16:59:01,4.11,12485,4.11
539071,22411,JUMBO SHOPPER VINTAGE RED PAISLEY,2.0,2023-04-01 16:59:01,1.86,12485,3.72
539071,84879,ASSORTED COLOUR BIRD ORNAMENT,2.0,2023-04-01 16:59:01,1.62,12485,3.24
539072,22633,HAND WARMER UNION JACK,1.0,2023-10-11 16:50:40,1.86,12712,1.86
539072,84969,BOX OF 6 ASSORTED COLOUR TEASPOONS,6.0,2023-10-11 16:50:40,4.04,12712,24.24
539072,21730,GLASS STAR FROSTED T-LIGHT HOLDER,6.0,2023-10-11 16:50:40,4.38,12712,26.28
539072,84406B,CREAM CUPID HEARTS COAT HANGER,1.0,2023-10-11 16:50:40,2.65,12712,2.65
539073,22749,POPPY'S PLAYHOUSE LIVINGROOM,2.0,2023-09-27 04:27:08,2.11,13024,4.22
539073,22384,LUNCH BAG PINK POLKADOT,2.0,2023-09-27 04:27:08,1.6,13024,3.2
539073,22745,POPPY'S PLAYHOUSE BEDROOM,6.0,2023-09-27 04:27:08,2.01,13024,12.06
539073,22310,IVORY KNITTED MUG COSY,6.0,2023-09-27 04:27:08,1.66,13024,9.96
539073,21931,JUMBO STORAGE BAG SUKI,1.0,2023-09-27 04:27:08,2.01,13024,2.01
539075,84029E,RED WOOLLY HOTTIE WHITE HEART.,4.0,2023-08-23 11:36:52,3.53,12593,14.12
539075,85123A,WHITE HANGING HEART T-LIGHT HOLDER,2.0,2023-08-23 11:36:52,2.63,12593,5.26
539075,22382,LUNCH BAG SPACEBOY DESIGN,3.0,2023-08-23 11:36:52,1.61,12593,4.83
539075,22383,LUNCH BAG SUKI DESIGN,1.0,2023-08-23 11:36:52,1.71,12593,1.71
539076,85099F,JUMBO BAG STRAWBERRY,2.0,2023-07-01 16:50:41,1.86,12877,3.72
539076,84029E,RED WOOLLY HOTTIE WHITE HEART.,2.0,2023-07-01 16:50:41,3.27,12877,6.54
539076,22086,PAPER CHAIN KIT 50'S CHRISTMAS,2.0,2023-07-01 16:50:41,2.47,12877,4.94
539076,21931,JUMBO STORAGE BAG SUKI,1.0,2023-07-01 16:50:41,2.02,12877,2.02
539077,20725,LUNCH BAG RED RETROSPOT,6.0,2023-05-26 22:21:07,1.59,12854,9.54
539077,21931,JUMBO STORAGE BAG SUKI,1.0,2023-05-26 22:21:07,1.92,12854,1.92
539078,85123A,WHITE HANGING HEART T-LIGHT HOLDER,1.0,2023-09-01 04:53:20,2.67,13062,2.67
539078,22745,POPPY'S PLAYHOUSE BEDROOM,3.0,2023-09-01 04:53:20,2.11,13062,6.33
539078,47566,PARTY BUNTING,3.0,2023-09-01 04:53:20,4.76,13062,14.28
539081,20728,LUNCH BAG CARS BLUE,1.0,2023-11-08 18:06:57,1.66,12787,1.66
539083,20726,LUNCH BAG WOODLAND,2.0,2023-08-04 18:39:55,1.6,12777,3.2
539084,84029E,RED WOOLLY HOTTIE WHITE HEART.,3.0,2023-11-10 08:00:52,3.31,12913,9.93
539085,84406B,CREAM CUPID HEARTS COAT HANGER,1.0,2023-07-16 18:43:35,2.71,12878,2.71
539085,22633,HAND WARMER UNION JACK,3.0,2023-07-16 18:43:35,1.84,12878,5.52
539085,22748,POPPY'S PLAYHOUSE KITCHEN,1.0,2023-07-16 18:43:35,2.11,12878,2.11
539085,22632,HAND WARMER RED POLKA DOT,2.0,2023-07-16 18:43:35,1.86,12878,3.72
539085,21931,JUMBO STORAGE BAG SUKI,3.0,2023-07-16 18:43:35,1.93,12878,5.79
539089,22632,HAND WARMER RED POLKA DOT,6.0,2023-08-07 04:40:45,1.93,12878,11.58
539089,84029E,RED WOOLLY HOTTIE WHITE HEART.,1.0,2023-08-07 04:40:45,3.5,12878,3.5
539089,84406B,CREAM CUPID HEARTS COAT HANGER,3.0,2023-08-07 04:40:45,2.76,12878,8.28
539089,71053,WHITE METAL LANTERN,1.0,2023-08-07 04:40:45,3.25,12878,3.25
539089,47566,PARTY BUNTING,3.0,2023-08-07 04:40:45,4.58,12878,13.74
539090,22383,LUNCH BAG SUKI DESIGN,1.0,2023-04-24 00:53:16,1.72,12593,1.72
539090,22386,JUMBO BAG PINK POLKADOT,1.0,2023-04-24 00:53:16,2.02,12593,2.02
539090,22310,IVORY KNITTED MUG COSY,4.0,2023-04-24 00:53:16,1.72,12593,6.88
539090,84969,BOX OF 6 ASSORTED COLOUR TEASPOONS,2.0,2023-04-24 00:53:16,4.21,12593,8.42
539091,20727,LUNCH BAG BLACK SKULL.,1.0,2023-04-11 16:39:31,1.64,12977,1.64
539092,22382,LUNCH BAG SPACEBOY DESIGN,2.0,2023-07-23 13:26:01,1.63,12877,3.26
539093,47566,PARTY BUNTING,6.0,2023-09-04 02:08:26,4.8,12458,28.8
539093,22384,LUNCH BAG PINK POLKADOT,2.0,2023-09-04 02:08:26,1.73,12458,3.46
539093,22086,PAPER CHAIN KIT 50'S CHRISTMAS,1.0,2023-09-04 02:08:26,2.54,12458,2.54
539093,20727,LUNCH BAG BLACK SKULL.,4.0,2023-09-04 02:08:26,1.7,12458,6.8
539093,22310,IVORY KNITTED MUG COSY,2.0,2023-09-04 02:08:26,1.71,12458,3.42
539094,20727,LUNCH BAG BLACK SKULL.,1.0,2023-11-27 07:01:09,1.73,13097,1.73
539094,84879,ASSORTED COLOUR BIRD ORNAMENT,2.0,2023-11-27 07:01:09,1.62,13097,3.24
539094,22633,HAND WARMER UNION JACK,1.0,2023-11-27 07:01:09,1.88,13097,1.88
539094,85123A,WHITE HANGING HEART T-LIGHT HOLDER,6.0,2023-11-27 07:01:09,2.58,13097,15.48
539094,84969,BOX OF 6 ASSORTED COLOUR TEASPOONS,1.0,2023-11-27 07:01:09,4.12,13097,4.12
539095,22633,HAND WARMER UNION JACK,2.0,2023-08-07 09:43:15,1.85,12562,3.7
539095,21730,GLASS STAR FROSTED T-LIGHT HOLDER,1.0,2023-08-07 09:43:15,4.18,12562,4.18
539095,20728,LUNCH BAG CARS BLUE,2.0,2023-08-07 09:43:15,1.72,12562,3.44
539095,71053,WHITE METAL LANTERN,2.0,2023-08-07 09:43:15,3.44,12562,6.88
539095,20725,LUNCH BAG RED RETROSPOT,2.0,2023-08-07 09:43:15,1.71,12562,3.42
539096,22310,IVORY KNITTED MUG COSY,1.0,2023-10-14 07:59:17,1.72,12524,1.72
539096,84879,ASSORTED COLOUR BIRD ORNAMENT,3.0,2023-10-14 07:59:17,1.73,12524,5.19
539097,22382,LUNCH BAG SPACEBOY DESIGN,2.0,2023-07-21 13:40:00,1.6,12603,3.2
539097,22086,PAPER CHAIN KIT 50'S CHRISTMAS,2.0,2023-07-21 13:40:00,2.57,12603,5.14
539097,84029G,KNITTED UNION FLAG HOT WATER BOTTLE,2.0,2023-07-21 13:40:00,3.54,12603,7.08
539097,71053,WHITE METAL LANTERN,1.0,2023-07-21 13:40:00,3.3,12603,3.3
539097,85099B,JUMBO BAG RED RETROSPOT,2.0,2023-07-21 13:40:00,1.98,12603,3.96
539098,22632,HAND WARMER RED POLKA DOT,2.0,2023-07-02 12:32:12,1.88,12845,3.76
539099,22632,HAND WARMER RED POLKA DOT,1.0,2023-09-12 01:37:37,1.89,12870,1.89
539099,22749,POPPY'S PLAYHOUSE LIVINGROOM,1.0,2023-09-12 01:37:37,2.01,12870,2.01
539099,85099F,JUMBO BAG STRAWBERRY,1.0,2023-09-12 01:37:37,1.88,12870,1.88
539101,84029E,RED WOOLLY HOTTIE WHITE HEART.,2.0,2023-06-27 06:59:50,3.29,12348,6.58
539101,20726,LUNCH BAG WOODLAND,1.0,2023-06-27 06:59:50,1.72,12348,1.72
539101,22749,POPPY'S PLAYHOUSE LIVINGROOM,3.0,2023-06-27 06:59:50,2.17,12348,6.51
539102,85123A,WHITE HANGING HEART T-LIGHT HOLDER,6.0,2023-11-29 12:03:23,2.6,13103,15.6
539102,22386,JUMBO BAG PINK POLKADOT,4.0,2023-11-29 12:03:23,2.01,13103,8.04
539102,71053,WHITE METAL LANTERN,1.0,2023-11-29 12:03:23,3.26,13103,3.26
539102,22632,HAND WARMER RED POLKA DOT,1.0,2023-11-29 12:03:23,1.78,13103,1.78
539102,22633,HAND WARMER UNION JACK,3.0,2023-11-29 12:03:23,1.8,13103,5.4
539102,85099B,JUMBO BAG RED RETROSPOT,3.0,2023-11-29 12:03:23,1.93,13103,5.79
539103,71053,WHITE METAL LANTERN,2.0,2023-08-23 23:13:00,3.47,12821,6.94
539103,22748,POPPY'S PLAYHOUSE KITCHEN,1.0,2023-08-23 23:13:00,2.15,12821,2.15
539103,22310,IVORY KNITTED MUG COSY,1.0,2023-08-23 23:13:00,1.6,12821,1.6
539103,21931,JUMBO STORAGE BAG SUKI,1.0,2023-08-23 23:13:00,1.95,12821,1.95
539103,20725,LUNCH BAG RED RETROSPOT,4.0,2023-08-23 23:13:00,1.65,12821,6.6
539104,85123A,WHITE HANGING HEART T-LIGHT HOLDER,1.0,2023-10-29 17:10:34,2.53,12500,2.53
539104,22411,JUMBO SHOPPER VINTAGE RED PAISLEY,1.0,2023-10-29 17:10:34,1.87,12500,1.87
539104,85099B,JUMBO BAG RED RETROSPOT,1.0,2023-10-29 17:10:34,1.92,12500,1.92
539104,20725,LUNCH BAG RED RETROSPOT,2.0,2023-10-29 17:10:34,1.63,12500,3.26
539105,20726,LUNCH BAG WOODLAND,2.0,2023-04-22 15:20:56,1.57,12543,3.14
539105,71053,WHITE METAL LANTERN,3.0,2023-04-22 15:20:56,3.31,12543,9.93
539107,22310,IVORY KNITTED MUG COSY,4.0,2023-10-10 03:48:12,1.71,12593,6.84
539107,22086,PAPER CHAIN KIT 50'S CHRISTMAS,2.0,2023-10-10 03:48:12,2.53,12593,5.06
539107,85099F,JUMBO BAG STRAWBERRY,2.0,2023-10-10 03:48:12,1.94,12593,3.88
539108,84029E,RED WOOLLY HOTTIE WHITE HEART.,2.0,2023-07-26 14:24:22,3.38,12586,6.76
539108,22749,POPPY'S PLAYHOUSE LIVINGROOM,3.0,2023-07-26 14:24:22,2.06,12586,6.18
539109,22632,HAND WARMER RED POLKA DOT,3.0,2023-05-21 08:42:31,1.87,12878,5.61
539110,22749,POPPY'S PLAYHOUSE LIVINGROOM,2.0,2023-10-29 22:29:11,2.01,12667,4.02
539110,22383,LUNCH BAG SUKI DESIGN,2.0,2023-10-29 22:29:11,1.66,12667,3.32
539110,21931,JUMBO STORAGE BAG SUKI,2.0,2023-10-29 22:29:11,1.9,12667,3.8
539111,20725,LUNCH BAG RED RETROSPOT,1.0,2023-03-21 00:51:41,1.63,12448,1.63
539111,47566,PARTY BUNTING,3.0,2023-03-21 00:51:41,4.47,12448,13.41
539111,22310,IVORY KNITTED MUG COSY,1.0,2023-03-21 00:51:41,1.57,12448,1.57
539111,84406B,CREAM CUPID HEARTS COAT HANGER,6.0,2023-03-21 00:51:41,2.7,12448,16.2
539111,20728,LUNCH BAG CARS BLUE,1.0,2023-03-21 00:51:41,1.71,12448,1.71
539112,84406B,CREAM CUPID HEARTS COAT HANGER,4.0,2023-05-06 16:09:27,2.62,12357,10.48
539112,71053,WHITE METAL LANTERN,1.0,2023-05-06 16:09:27,3.55,12357,3.55
539113,22633,HAND WARMER UNION JACK,1.0,2023-08-15 03:01:45,1.8,12821,1.8
539113,20725,LUNCH BAG RED RETROSPOT,4.0,2023-08-15 03:01:45,1.58,12821,6.32
539113,84406B,CREAM CUPID HEARTS COAT HANGER,6.0,2023-08-15 03:01:45,2.63,12821,15.78
539113,22383,LUNCH BAG SUKI DESIGN,3.0,2023-08-15 03:01:45,1.67,12821,5.01
539113,84969,BOX OF 6 ASSORTED COLOUR TEASPOONS,2.0,2023-08-15 03:01:45,4.12,12821,8.24
539114,84029G,KNITTED UNION FLAG HOT WATER BOTTLE,2.0,2023-04-19 16:42:06,3.47,12401,6.94
539114,22310,IVORY KNITTED MUG COSY,3.0,2023-04-19 16:42:06,1.6,12401,4.8
539114,22633,HAND WARMER UNION JACK,6.0,2023-04-19 16:42:06,1.8,12401,10.8
539114,21730,GLASS STAR FROSTED T-LIGHT HOLDER,1.0,2023-04-19 16:42:06,4.21,12401,4.21
539115,21931,JUMBO STORAGE BAG SUKI,1.0,2023-08-28 09:18:32,1.91,13026,1.91
539115,84029G,KNITTED UNION FLAG HOT WATER BOTTLE,3.0,2023-08-28 09:18:32,3.45,13026,10.35
539115,20726,LUNCH BAG WOODLAND,2.0,2023-08-28 09:18:32,1.67,13026,3.34
539115,22745,POPPY'S PLAYHOUSE BEDROOM,6.0,2023-08-28 09:18:32,2.19,13026,13.14
539115,20725,LUNCH BAG RED RETROSPOT,3.0,2023-08-28 09:18:32,1.59,13026,4.77
539115,22384,LUNCH BAG PINK POLKADOT,1.0,2023-08-28 09:18:32,1.71,13026,1.71
539117,84029G,KNITTED UNION FLAG HOT WATER BOTTLE,1.0,2023-11-04 20:46:45,3.51,12817,3.51
539117,22749,POPPY'S PLAYHOUSE LIVINGROOM,1.0,2023-11-04 20:46:45,2.2,12817,2.2
539117,22086,PAPER CHAIN KIT 50'S CHRISTMAS,1.0,2023-11-04 20:46:45,2.44,12817,2.44
539118,84029E,RED WOOLLY HOTTIE WHITE HEART.,1.0,2023-10-22 05:09:25,3.34,12849,3.34
539118,84029G,KNITTED UNION FLAG HOT WATER BOTTLE,1.0,2023-10-22 05:09:25,3.45,12849,3.45
539119,22411,JUMBO SHOPPER VINTAGE RED PAISLEY,1.0,2023-09-21 14:28:15,1.86,12878,1.86
539119,22086,PAPER CHAIN KIT 50'S CHRISTMAS,2.0,2023-09-21 14:28:15,2.66,12878,5.32
539119,22748,POPPY'S PLAYHOUSE KITCHEN,6.0,2023-09-21 14:28:15,2.1,12878,12.6
539119,22749,POPPY'S PLAYHOUSE LIVINGROOM,2.0,2023-09-21 14:28:15,2.13,12878,4.26
539119,20725,LUNCH BAG RED RETROSPOT,1.0,2023-09-21 14:28:15,1.62,12878,1.62
539122,47566,PARTY BUNTING,3.0,2023-09-21 23:14:33,4.7,12607,14.1
539122,84969,BOX OF 6 ASSORTED COLOUR TEASPOONS,1.0,2023-09-21 23:14:33,4.34,12607,4.34
539122,21730,GLASS STAR FROSTED T-LIGHT HOLDER,4.0,2023-09-21 23:14:33,4.1,12607,16.4
539124,22086,PAPER CHAIN KIT 50'S CHRISTMAS,6.0,2023-10-12 14:25:21,2.52,12845,15.12
539124,22310,IVORY KNITTED MUG COSY,3.0,2023-10-12 14:25:21,1.58,12845,4.74
539124,84406B,CREAM CUPID HEARTS COAT HANGER,4.0,2023-10-12 14:25:21,2.81,12845,11.24
539124,22632,HAND WARMER RED POLKA DOT,3.0,2023-10-12 14:25:21,1.84,12845,5.52
539124,20725,LUNCH BAG RED RETROSPOT,3.0,2023-10-12 14:25:21,1.72,12845,5.16
539125,84969,BOX OF 6 ASSORTED COLOUR TEASPOONS,2.0,2023-07-06 15:08:50,4.46,13066,8.92
539126,22086,PAPER CHAIN KIT 50'S CHRISTMAS,2.0,2023-05-22 16:34:50,2.58,12961,5.16
539126,85099F,JUMBO BAG STRAWBERRY,2.0,2023-05-22 16:34:50,1.98,12961,3.96
539126,22749,POPPY'S PLAYHOUSE LIVINGROOM,4.0,2023-05-22 16:34:50,2.14,12961,8.56
539128,22384,LUNCH BAG PINK POLKADOT,3.0,2023-11-03 12:57:45,1.65,12877,4.95
539129,85099F,JUMBO BAG STRAWBERRY,3.0,2023-07-12 18:49:08,1.97,13004,5.91
539129,22745,POPPY'S PLAYHOUSE BEDROOM,3.0,2023-07-12 18:49:08,2.15,13004,6.45
539129,21730,GLASS STAR FROSTED T-LIGHT HOLDER,3.0,2023-07-12 18:49:08,4.22,13004,12.66
539129,84969,BOX OF 6 ASSORTED COLOUR TEASPOONS,1.0,2023-07-12 18:49:08,4.15,13004,4.15
539129,20727,LUNCH BAG BLACK SKULL.,1.0,2023-07-12 18:49:08,1.62,13004,1.62
539130,20726,LUNCH BAG WOODLAND,2.0,2023-08-25 17:51:27,1.62,12736,3.24
539130,20728,LUNCH BAG CARS BLUE,2.0,2023-08-25 17:51:27,1.71,12736,3.42
539131,22086,PAPER CHAIN KIT 50'S CHRISTMAS,1.0,2023-06-16 20:57:13,2.56,12877,2.56
539133,84029G,KNITTED UNION FLAG HOT WATER BOTTLE,1.0,2023-03-28 23:33:01,3.42,12877,3.42
539133,22411,JUMBO SHOPPER VINTAGE RED PAISLEY,1.0,2023-03-28 23:33:01,1.86,12877,1.86
539133,22748,POPPY'S PLAYHOUSE KITCHEN,2.0,2023-03-28 23:33:01,2.02,12877,4.04
539133,22310,IVORY KNITTED MUG COSY,6.0,2023-03-28 23:33:01,1.59,12877,9.54
539134,84969,BOX OF 6 ASSORTED COLOUR TEASPOONS,4.0,2023-09-18 02:15:25,4.13,12461,16.52
539134,22749,POPPY'S PLAYHOUSE LIVINGROOM,6.0,2023-09-18 02:15:25,2.04,12461,12.24
539134,22382,LUNCH BAG SPACEBOY DESIGN,2.0,2023-09-18 02:15:25,1.6,12461,3.2
539134,71053,WHITE METAL LANTERN,1.0,2023-09-18 02:15:25,3.52,12461,3.52
539135,85123A,WHITE HANGING HEART T-LIGHT HOLDER,2.0,2023-09-11 15:59:48,2.49,13030,4.98
539135,20725,LUNCH BAG RED RETROSPOT,2.0,2023-09-11 15:59:48,1.67,13030,3.34
539135,22386,JUMBO BAG PINK POLKADOT,3.0,2023-09-11 15:59:48,1.86,13030,5.58
539135,22749,POPPY'S PLAYHOUSE LIVINGROOM,3.0,2023-09-11 15:59:48,2.02,13030,6.06
539135,22384,LUNCH BAG PINK POLKADOT,1.0,2023-09-11 15:59:48,1.65,13030,1.65
539135,21730,GLASS STAR FROSTED T-LIGHT HOLDER,4.0,2023-09-11 15:59:48,4.43,13030,17.72
539136,84879,ASSORTED COLOUR BIRD ORNAMENT,3.0,2023-05-23 19:40:20,1.63,13051,4.89
539137,47566,PARTY BUNTING,3.0,2023-10-15 16:18:00,4.87,12817,14.61
539137,22749,POPPY'S PLAYHOUSE LIVINGROOM,2.0,2023-10-15 16:18:00,2.0,12817,4.0
539137,85099B,JUMBO BAG RED RETROSPOT,2.0,2023-10-15 16:18:00,1.88,12817,3.76
539138,20725,LUNCH BAG RED RETROSPOT,3.0,2023-07-05 11:54:59,1.6,12877,4.8
539139,84029G,KNITTED UNION FLAG HOT WATER BOTTLE,2.0,2023-02-11 20:06:43,3.26,13144,6.52
539139,20727,LUNCH BAG BLACK SKULL.,3.0,2023-02-11 20:06:43,1.68,13144,5.04
539139,21730,GLASS STAR FROSTED T-LIGHT HOLDER,2.0,2023-02-11 20:06:43,4.45,13144,8.9
539140,22411,JUMBO SHOPPER VINTAGE RED PAISLEY,3.0,2023-01-31 01:24:15,1.91,13077,5.73
539140,22749,POPPY'S PLAYHOUSE LIVINGROOM,1.0,2023-01-31 01:24:15,2.02,13077,2.02
539140,47566,PARTY BUNTING,2.0,2023-01-31 01:24:15,4.74,13077,9.48
539140,21730,GLASS STAR FROSTED T-LIGHT HOLDER,4.0,2023-01-31 01:24:15,4.15,13077,16.6
539141,20726,LUNCH BAG WOODLAND,2.0,2023-06-08 04:07:20,1.73,12821,3.46
539141,84029G,KNITTED UNION FLAG HOT WATER BOTTLE,1.0,2023-06-08 04:07:20,3.24,12821,3.24
539141,47566,PARTY BUNTING,1.0,2023-06-08 04:07:20,4.7,12821,4.7
539142,21730,GLASS STAR FROSTED T-LIGHT HOLDER,3.0,2023-02-27 14:34:25,4.14,12877,12.42
539142,21931,JUMBO STORAGE BAG SUKI,2.0,2023-02-27 14:34:25,2.03,12877,4.06
539142,22383,LUNCH BAG SUKI DESIGN,1.0,2023-02-27 14:34:25,1.62,12877,1.62
539143,20727,LUNCH BAG BLACK SKULL.,3.0,2023-07-18 07:37:26,1.65,12496,4.95
539144,85123A,WHITE HANGING HEART T-LIGHT HOLDER,4.0,2023-10-06 09:01:57,2.66,12348,10.64
539144,84879,ASSORTED COLOUR BIRD ORNAMENT,1.0,2023-10-06 09:01:57,1.75,12348,1.75
539144,84969,BOX OF 6 ASSORTED COLOUR TEASPOONS,1.0,2023-10-06 09:01:57,4.1,12348,4.1
539144,71053,WHITE METAL LANTERN,1.0,2023-10-06 09:01:57,3.5,12348,3.5
539144,20727,LUNCH BAG BLACK SKULL.,3.0,2023-10-06 09:01:57,1.6,12348,4.8
539145,22745,POPPY'S PLAYHOUSE BEDROOM,3.0,2023-06-27 06:05:07,2.02,12659,6.06
539145,22310,IVORY KNITTED MUG COSY,1.0,2023-06-27 06:05:07,1.63,12659,1.63
539146,22411,JUMBO SHOPPER VINTAGE RED PAISLEY,3.0,2023-05-24 12:23:54,1.92,12736,5.76
539146,71053,WHITE METAL LANTERN,6.0,2023-05-24 12:23:54,3.35,12736,20.1
539146,84969,BOX OF 6 ASSORTED COLOUR TEASPOONS,1.0,2023-05-24 12:23:54,4.36,12736,4.36
539146,22748,POPPY'S PLAYHOUSE KITCHEN,3.0,2023-05-24 12:23:54,2.19,12736,6.57
539146,22633,HAND WARMER UNION JACK,4.0,2023-05-24 12:23:54,1.84,12736,7.36
539146,84029G,KNITTED UNION FLAG HOT WATER BOTTLE,1.0,2023-05-24 12:23:54,3.32,12736,3.32
539147,22411,JUMBO SHOPPER VINTAGE RED PAISLEY,2.0,2023-08-15 00:44:37,1.93,12853,3.86
539147,22633,HAND WARMER UNION JACK,6.0,2023-08-15 00:44:37,1.86,12853,11.16
539148,85099F,JUMBO BAG STRAWBERRY,3.0,2023-09-02 14:04:08,1.93,12742,5.79
539148,22745,POPPY'S PLAYHOUSE BEDROOM,4.0,2023-09-02 14:04:08,2.17,12742,8.68
539148,22749,POPPY'S PLAYHOUSE LIVINGROOM,3.0,2023-09-02 14:04:08,2.09,12742,6.27
539148,22633,HAND WARMER UNION JACK,1.0,2023-09-02 14:04:08,1.84,12742,1.84
539148,22086,PAPER CHAIN KIT 50'S CHRISTMAS,2.0,2023-09-02 14:04:08,2.59,12742,5.18
539149,47566,PARTY BUNTING,6.0,2023-04-06 03:16:25,4.54,12416,27.24
539149,22633,HAND WARMER UNION JACK,2.0,2023-04-06 03:16:25,1.79,12416,3.58
539150,21931,JUMBO STORAGE BAG SUKI,1.0,2023-06-09 11:35:06,1.86,12453,1.86
539150,85099F,JUMBO BAG STRAWBERRY,1.0,2023-06-09 11:35:06,1.95,12453,1.95
539150,22384,LUNCH BAG PINK POLKADOT,1.0,2023-06-09 11:35:06,1.66,12453,1.66
539150,71053,WHITE METAL LANTERN,2.0,2023-06-09 11:35:06,3.51,12453,7.02
539150,22745,POPPY'S PLAYHOUSE BEDROOM,4.0,2023-06-09 11:35:06,2.15,12453,8.6
539151,85123A,WHITE HANGING HEART T-LIGHT HOLDER,1.0,2023-05-12 15:28:33,2.55,12869,2.55
539151,22411,JUMBO SHOPPER VINTAGE RED PAISLEY,3.0,2023-05-12 15:28:33,1.97,12869,5.91
539151,22086,PAPER CHAIN KIT 50'S CHRISTMAS,2.0,2023-05-12 15:28:33,2.44,12869,4.88
539152,84406B,CREAM CUPID HEARTS COAT HANGER,1.0,2023-11-26 08:52:22,2.75,12834,2.75
539152,22382,LUNCH BAG SPACEBOY DESIGN,4.0,2023-11-26 08:52:22,1.72,12834,6.88
539152,21931,JUMBO STORAGE BAG SUKI,1.0,2023-11-26 08:52:22,1.87,12834,1.87
539152,47566,PARTY BUNTING,1.0,2023-11-26 08:52:22,4.48,12834,4.48
539154,47566,PARTY BUNTING,1.0,2023-08-26 04:02:11,4.8,12784,4.8
539154,22386,JUMBO BAG PINK POLKADOT,2.0,2023-08-26 04:02:11,1.94,12784,3.88
539154,22745,POPPY'S PLAYHOUSE BEDROOM,1.0,2023-08-26 04:02:11,2.2,12784,2.2
539155,84969,BOX OF 6 ASSORTED COLOUR TEASPOONS,6.0,2023-10-06 13:18:47,4.44,12877,26.64
539155,20726,LUNCH BAG WOODLAND,3.0,2023-10-06 13:18:47,1.66,12877,4.98
539155,22382,LUNCH BAG SPACEBOY DESIGN,2.0,2023-10-06 13:18:47,1.61,12877,3.22
539155,22086,PAPER CHAIN KIT 50'S CHRISTMAS,1.0,2023-10-06 13:18:47,2.52,12877,2.52
539155,22384,LUNCH BAG PINK POLKADOT,2.0,2023-10-06 13:18:47,1.66,12877,3.32
539155,21730,GLASS STAR FROSTED T-LIGHT HOLDER,1.0,2023-10-06 13:18:47,4.32,12877,4.32
539156,22749,POPPY'S PLAYHOUSE LIVINGROOM,6.0,2023-11-21 00:32:19,2.13,13073,12.78
539156,84969,BOX OF 6 ASSORTED COLOUR TEASPOONS,1.0,2023-11-21 00:32:19,4.23,13073,4.23
539156,84029E,RED WOOLLY HOTTIE WHITE HEART.,4.0,2023-11-21 00:32:19,3.54,13073,14.16
539156,20726,LUNCH BAG WOODLAND,1.0,2023-11-21 00:32:19,1.59,13073,1.59
539157,21931,JUMBO STORAGE BAG SUKI,1.0,2023-09-16 06:54:08,1.88,13063,1.88
539157,22384,LUNCH BAG PINK POLKADOT,4.0,2023-09-16 06:54:08,1.7,13063,6.8
539157,22745,POPPY'S PLAYHOUSE BEDROOM,2.0,2023-09-16 06:54:08,2.09,13063,4.18
539158,85123A,WHITE HANGING HEART T-LIGHT HOLDER,2.0,2023-10-30 10:01:02,2.44,12713,4.88
539158,84969,BOX OF 6 ASSORTED COLOUR TEASPOONS,1.0,2023-10-30 10:01:02,4.13,12713,4.13
539160,47566,PARTY BUNTING,2.0,2023-09-22 19:46:34,4.42,12877,8.84
539160,22310,IVORY KNITTED MUG COSY,1.0,2023-09-22 19:46:34,1.71,12877,1.71
539160,84406B,CREAM CUPID HEARTS COAT HANGER,4.0,2023-09-22 19:46:34,2.77,12877,11.08
539161,84406B,CREAM CUPID HEARTS COAT HANGER,4.0,2023-12-01 14:57:03,2.62,13131,10.48
539161,22382,LUNCH BAG SPACEBOY DESIGN,1.0,2023-12-01 14:57:03,1.67,13131,1.67
539161,21931,JUMBO STORAGE BAG SUKI,2.0,2023-12-01 14:57:03,1.97,13131,3.94
539161,20726,LUNCH BAG WOODLAND,2.0,2023-12-01 14:57:03,1.61,13131,3.22
539161,21730,GLASS STAR FROSTED T-LIGHT HOLDER,1.0,2023-12-01 14:57:03,4.18,13131,4.18
539161,20727,LUNCH BAG BLACK SKULL.,2.0,2023-12-01 14:57:03,1.59,13131,3.18
539162,85099B,JUMBO BAG RED RETROSPOT,2.0,2023-07-28 09:01:10,2.04,13071,4.08
539162,20726,LUNCH BAG WOODLAND,1.0,2023-07-28 09:01:10,1.68,13071,1.68
539162,47566,PARTY BUNTING,1.0,2023-07-28 09:01:10,4.82,13071,4.82
539162,20725,LUNCH BAG RED RETROSPOT,2.0,2023-07-28 09:01:10,1.57,13071,3.14
539162,85123A,WHITE HANGING HEART T-LIGHT HOLDER,2.0,2023-07-28 09:01:10,2.43,13071,4.86
539163,22633,HAND WARMER UNION JACK,1.0,2023-02-16 08:35:50,1.84,12607,1.84
539163,20725,LUNCH BAG RED RETROSPOT,4.0,2023-02-16 08:35:50,1.62,12607,6.48
539163,22748,POPPY'S PLAYHOUSE KITCHEN,2.0,2023-02-16 08:35:50,2.11,12607,4.22
539163,22310,IVORY KNITTED MUG COSY,2.0,2023-02-16 08:35:50,1.64,12607,3.28
539163,85099F,JUMBO BAG STRAWBERRY,2.0,2023-02-16 08:35:50,1.96,12607,3.92
539164,22632,HAND WARMER RED POLKA DOT,2.0,2023-12-05 05:13:07,1.78,12877,3.56
539164,84406B,CREAM CUPID HEARTS COAT HANGER,2.0,2023-12-05 05:13:07,2.62,12877,5.24
539166,47566,PARTY BUNTING,2.0,2023-07-15 21:37:01,4.86,12877,9.72
539166,71053,WHITE METAL LANTERN,4.0,2023-07-15 21:37:01,3.41,12877,13.64
539166,84029E,RED WOOLLY HOTTIE WHITE HEART.,1.0,2023-07-15 21:37:01,3.35,12877,3.35
539167,21730,GLASS STAR FROSTED T-LIGHT HOLDER,1.0,2023-10-28 10:26:57,4.18,12877,4.18
539168,84406B,CREAM CUPID HEARTS COAT HANGER,1.0,2023-04-17 15:53:54,2.78,12758,2.78
539168,22749,POPPY'S PLAYHOUSE LIVINGROOM,1.0,2023-04-17 15:53:54,2.07,12758,2.07
539168,71053,WHITE METAL LANTERN,4.0,2023-04-17 15:53:54,3.53,12758,14.12
539168,22411,JUMBO SHOPPER VINTAGE RED PAISLEY,1.0,2023-04-17 15:53:54,1.88,12758,1.88
539168,85099B,JUMBO BAG RED RETROSPOT,1.0,2023-04-17 15:53:54,2.03,12758,2.03
539169,20727,LUNCH BAG BLACK SKULL.,1.0,2023-04-29 18:18:46,1.62,12660,1.62
539169,84029G,KNITTED UNION FLAG HOT WATER BOTTLE,2.0,2023-04-29 18:18:46,3.31,12660,6.62
539169,22632,HAND WARMER RED POLKA DOT,3.0,2023-04-29 18:18:46,1.82,12660,5.46
539169,85099F,JUMBO BAG STRAWBERRY,4.0,2023-04-29 18:18:46,1.89,12660,7.56
539170,22086,PAPER CHAIN KIT 50'S CHRISTMAS,1.0,2023-11-02 14:00:31,2.45,12819,2.45
539170,22386,JUMBO BAG PINK POLKADOT,3.0,2023-11-02 14:00:31,1.96,12819,5.88
539170,22382,LUNCH BAG SPACEBOY DESIGN,3.0,2023-11-02 14:00:31,1.64,12819,4.92
539171,22386,JUMBO BAG PINK POLKADOT,2.0,2023-07-31 06:25:02,1.87,12787,3.74
539171,22411,JUMBO SHOPPER VINTAGE RED PAISLEY,4.0,2023-07-31 06:25:02,1.95,12787,7.8
539171,47566,PARTY BUNTING,3.0,2023-07-31 06:25:02,4.55,12787,13.65
539171,20727,LUNCH BAG BLACK SKULL.,1.0,2023-07-31 06:25:02,1.69,12787,1.69
539171,22383,LUNCH BAG SUKI DESIGN,1.0,2023-07-31 06:25:02,1.71,12787,1.71
539172,22310,IVORY KNITTED MUG COSY,3.0,2023-11-26 05:29:21,1.72,12877,5.16
539172,22748,POPPY'S PLAYHOUSE KITCHEN,6.0,2023-11-26 05:29:21,2.19,12877,13.14
539173,22748,POPPY'S PLAYHOUSE KITCHEN,3.0,2023-12-01 20:01:41,2.16,12550,6.48
539174,47566,PARTY BUNTING,1.0,2023-10-30 14:00:21,4.68,12878,4.68
539174,22748,POPPY'S PLAYHOUSE KITCHEN,6.0,2023-10-30 14:00:21,2.07,12878,12.42
539177,22632,HAND WARMER RED POLKA DOT,4.0,2023-09-11 12:43:44,1.83,12503,7.32
539177,20725,LUNCH BAG RED RETROSPOT,4.0,2023-09-11 12:43:44,1.64,12503,6.56
539177,47566,PARTY BUNTING,2.0,2023-09-11 12:43:44,4.57,12503,9.14
539177,20726,LUNCH BAG WOODLAND,1.0,2023-09-11 12:43:44,1.61,12503,1.61
539178,84029G,KNITTED UNION FLAG HOT WATER BOTTLE,1.0,2023-07-20 14:36:12,3.48,12731,3.48
539178,22745,POPPY'S PLAYHOUSE BEDROOM,2.0,2023-07-20 14:36:12,2.09,12731,4.18
539178,22749,POPPY'S PLAYHOUSE LIVINGROOM,1.0,2023-07-20 14:36:12,2.12,12731,2.12
539178,20728,LUNCH BAG CARS BLUE,1.0,2023-07-20 14:36:12,1.63,12731,1.63
539179,84029G,KNITTED UNION FLAG HOT WATER BOTTLE,3.0,2023-09-25 06:36:07,3.27,13135,9.81
539182,84406B,CREAM CUPID HEARTS COAT HANGER,6.0,2023-08-02 01:35:16,2.68,12374,16.08
539183,22749,POPPY'S PLAYHOUSE LIVINGROOM,1.0,2023-09-07 12:48:49,2.02,12792,2.02
539183,22411,JUMBO SHOPPER VINTAGE RED PAISLEY,6.0,2023-09-07 12:48:49,1.9,12792,11.4
539183,20725,LUNCH BAG RED RETROSPOT,6.0,2023-09-07 12:48:49,1.61,12792,9.66
539183,84029E,RED WOOLLY HOTTIE WHITE HEART.,3.0,2023-09-07 12:48:49,3.53,12792,10.59
539183,20728,LUNCH BAG CARS BLUE,1.0,2023-09-07 12:48:49,1.62,12792,1.62
539183,71053,WHITE METAL LANTERN,6.0,2023-09-07 12:48:49,3.44,12792,20.64
539184,22745,POPPY'S PLAYHOUSE BEDROOM,1.0,2023-09-03 04:02:22,2.14,12480,2.14
539186,22749,POPPY'S PLAYHOUSE LIVINGROOM,2.0,2023-10-05 13:52:29,2.08,12670,4.16
539186,22632,HAND WARMER RED POLKA DOT,1.0,2023-10-05 13:52:29,1.8,12670,1.8
539186,21931,JUMBO STORAGE BAG SUKI,2.0,2023-10-05 13:52:29,1.94,12670,3.88
539186,20726,LUNCH BAG WOODLAND,1.0,2023-10-05 13:52:29,1.69,12670,1.69
539186,21730,GLASS STAR FROSTED T-LIGHT HOLDER,2.0,2023-10-05 13:52:29,4.05,12670,8.1
539186,84029E,RED WOOLLY HOTTIE WHITE HEART.,3.0,2023-10-05 13:52:29,3.27,12670,9.81
539187,22382,LUNCH BAG SPACEBOY DESIGN,6.0,2023-04-20 06:46:58,1.63,12878,9.78
539189,84879,ASSORTED COLOUR BIRD ORNAMENT,3.0,2023-11-19 15:53:41,1.66,13135,4.98
539190,20728,LUNCH BAG CARS BLUE,3.0,2023-08-22 09:26:24,1.7,13145,5.1
539190,84029E,RED WOOLLY HOTTIE WHITE HEART.,1.0,2023-08-22 09:26:24,3.36,13145,3.36
539190,21730,GLASS STAR FROSTED T-LIGHT HOLDER,3.0,2023-08-22 09:26:24,4.22,13145,12.66
539191,22632,HAND WARMER RED POLKA DOT,1.0,2023-10-05 16:33:21,1.88,12607,1.88
539191,22749,POPPY'S PLAYHOUSE LIVINGROOM,1.0,2023-10-05 16:33:21,2.2,12607,2.2
539191,22386,JUMBO BAG PINK POLKADOT,3.0,2023-10-05 16:33:21,2.03,12607,6.09
539192,20727,LUNCH BAG BLACK SKULL.,3.0,2023-04-20 02:27:41,1.7,12877,5.1
539192,84406B,CREAM CUPID HEARTS COAT HANGER,2.0,2023-04-20 02:27:41,2.76,12877,5.52
539192,85099B,JUMBO BAG RED RETROSPOT,1.0,2023-04-20 02:27:41,1.95,12877,1.95
539195,22086,PAPER CHAIN KIT 50'S CHRISTMAS,1.0,2023-07-06 14:05:24,2.47,12598,2.47
539196,47566,PARTY BUNTING,1.0,2023-11-02 17:23:06,4.75,12587,4.75
539196,22748,POPPY'S PLAYHOUSE KITCHEN,1.0,2023-11-02 17:23:06,2.19,12587,2.19
539196,84029E,RED WOOLLY HOTTIE WHITE HEART.,1.0,2023-11-02 17:23:06,3.36,12587,3.36
539196,21730,GLASS STAR FROSTED T-LIGHT HOLDER,2.0,2023-11-02 17:23:06,4.18,12587,8.36
539197,84029G,KNITTED UNION FLAG HOT WATER BOTTLE,6.0,2023-12-09 04:15:24,3.47,12424,20.82
539201,22745,POPPY'S PLAYHOUSE BEDROOM,6.0,2023-10-18 01:59:05,2.02,12877,12.12
539202,22086,PAPER CHAIN KIT 50'S CHRISTMAS,1.0,2023-06-04 15:25:25,2.57,12710,2.57
539202,22310,IVORY KNITTED MUG COSY,1.0,2023-06-04 15:25:25,1.58,12710,1.58
539202,85099F,JUMBO BAG STRAWBERRY,3.0,2023-06-04 15:25:25,2.04,12710,6.12
539202,22383,LUNCH BAG SUKI DESIGN,2.0,2023-06-04 15:25:25,1.57,12710,3.14
539202,20725,LUNCH BAG RED RETROSPOT,2.0,2023-06-04 15:25:25,1.66,12710,3.32
539204,84029G,KNITTED UNION FLAG HOT WATER BOTTLE,1.0,2023-11-04 17:39:48,3.43,12877,3.43
539205,22745,POPPY'S PLAYHOUSE BEDROOM,6.0,2023-06-18 15:42:21,2.13,12773,12.78
539205,22411,JUMBO SHOPPER VINTAGE RED PAISLEY,1.0,2023-06-18 15:42:21,2.0,12773,2.0
539207,84029E,RED WOOLLY HOTTIE WHITE HEART.,1.0,2023-07-19 19:44:10,3.4,13097,3.4
539207,20727,LUNCH BAG BLACK SKULL.,1.0,2023-07-19 19:44:10,1.57,13097,1.57
539207,20725,LUNCH BAG RED RETROSPOT,1.0,2023-07-19 19:44:10,1.64,13097,1.64
539207,84969,BOX OF 6 ASSORTED COLOUR TEASPOONS,1.0,2023-07-19 19:44:10,4.04,13097,4.04
539207,22748,POPPY'S PLAYHOUSE KITCHEN,4.0,2023-07-19 19:44:10,2.01,13097,8.04
539207,71053,WHITE METAL LANTERN,1.0,2023-07-19 19:44:10,3.56,13097,3.56
539209,22748,POPPY'S PLAYHOUSE KITCHEN,2.0,2023-07-02 07:11:18,2.01,12877,4.02
539209,22384,LUNCH BAG PINK POLKADOT,6.0,2023-07-02 07:11:18,1.62,12877,9.72
539209,84029E,RED WOOLLY HOTTIE WHITE HEART.,2.0,2023-07-02 07:11:18,3.23,12877,6.46
539210,22411,JUMBO SHOPPER VINTAGE RED PAISLEY,2.0,2023-11-14 01:36:28,1.9,13004,3.8
539211,22749,POPPY'S PLAYHOUSE LIVINGROOM,1.0,2023-08-18 18:14:45,2.1,12347,2.1
539211,84969,BOX OF 6 ASSORTED COLOUR TEASPOONS,2.0,2023-08-18 18:14:45,4.39,12347,8.78
539211,84406B,CREAM CUPID HEARTS COAT HANGER,4.0,2023-08-18 18:14:45,2.88,12347,11.52
539212,85099F,JUMBO BAG STRAWBERRY,3.0,2023-06-06 15:01:11,2.03,12467,6.09
539212,85123A,WHITE HANGING HEART T-LIGHT HOLDER,4.0,2023-06-06 15:01:11,2.62,12467,10.48
539213,22383,LUNCH BAG SUKI DESIGN,2.0,2023-08-12 14:09:05,1.68,12877,3.36
539215,85099F,JUMBO BAG STRAWBERRY,4.0,2023-04-01 06:05:47,2.01,12897,8.04
539215,84406B,CREAM CUPID HEARTS COAT HANGER,1.0,2023-04-01 06:05:47,2.71,12897,2.71
539216,21931,JUMBO STORAGE BAG SUKI,6.0,2023-03-03 06:51:58,1.96,12472,11.76
539216,21730,GLASS STAR FROSTED T-LIGHT HOLDER,1.0,2023-03-03 06:51:58,4.43,12472,4.43
539216,22749,POPPY'S PLAYHOUSE LIVINGROOM,1.0,2023-03-03 06:51:58,2.02,12472,2.02
539216,22382,LUNCH BAG SPACEBOY DESIGN,1.0,2023-03-03 06:51:58,1.61,12472,1.61
539216,22086,PAPER CHAIN KIT 50'S CHRISTMAS,2.0,2023-03-03 06:51:58,2.53,12472,5.06
539217,21931,JUMBO STORAGE BAG SUKI,3.0,2023-07-28 15:09:18,2.05,12411,6.15
539217,22383,LUNCH BAG SUKI DESIGN,2.0,2023-07-28 15:09:18,1.59,12411,3.18
539217,71053,WHITE METAL LANTERN,2.0,2023-07-28 15:09:18,3.24,12411,6.48
539217,20728,LUNCH BAG CARS BLUE,1.0,2023-07-28 15:09:18,1.7,12411,1.7
539218,71053,WHITE METAL LANTERN,1.0,2023-09-07 19:41:51,3.27,12877,3.27
539218,22745,POPPY'S PLAYHOUSE BEDROOM,2.0,2023-09-07 19:41:51,2.09,12877,4.18
539218,22633,HAND WARMER UNION JACK,2.0,2023-09-07 19:41:51,1.78,12877,3.56
539219,22384,LUNCH BAG PINK POLKADOT,1.0,2023-05-28 07:31:02,1.64,12602,1.64
539220,22632,HAND WARMER RED POLKA DOT,3.0,2023-06-23 19:45:27,1.9,12968,5.7
539220,22748,POPPY'S PLAYHOUSE KITCHEN,6.0,2023-06-23 19:45:27,2.0,12968,12.0
539220,22386,JUMBO BAG PINK POLKADOT,2.0,2023-06-23 19:45:27,1.89,12968,3.78
539220,84029E,RED WOOLLY HOTTIE WHITE HEART.,1.0,2023-06-23 19:45:27,3.24,12968,3.24
539220,47566,PARTY BUNTING,1.0,2023-06-23 19:45:27,4.8,12968,4.8
539220,22383,LUNCH BAG SUKI DESIGN,1.0,2023-06-23 19:45:27,1.58,12968,1.58
539221,22384,LUNCH BAG PINK POLKADOT,1.0,2023-03-25 02:12:48,1.72,12529,1.72
539221,84029G,KNITTED UNION FLAG HOT WATER BOTTLE,6.0,2023-03-25 02:12:48,3.44,12529,20.64
539221,84969,BOX OF 6 ASSORTED COLOUR TEASPOONS,2.0,2023-03-25 02:12:48,4.22,12529,8.44
539221,22748,POPPY'S PLAYHOUSE KITCHEN,6.0,2023-03-25 02:12:48,2.11,12529,12.66
539222,85099B,JUMBO BAG RED RETROSPOT,6.0,2023-06-10 09:24:47,1.95,12381,11.7
539224,22632,HAND WARMER RED POLKA DOT,1.0,2023-07-23 07:29:35,1.93,13061,1.93
539224,20725,LUNCH BAG RED RETROSPOT,6.0,2023-07-23 07:29:35,1.62,13061,9.72
539224,21931,JUMBO STORAGE BAG SUKI,6.0,2023-07-23 07:29:35,1.99,13061,11.94
539224,22633,HAND WARMER UNION JACK,1.0,2023-07-23 07:29:35,1.9,13061,1.9
539224,71053,WHITE METAL LANTERN,1.0,2023-07-23 07:29:35,3.54,13061,3.54
539225,21931,JUMBO STORAGE BAG SUKI,1.0,2023-02-03 00:26:50,2.04,12626,2.04
539227,84879,ASSORTED COLOUR BIRD ORNAMENT,1.0,2023-09-06 22:56:09,1.7,12868,1.7
539227,22411,JUMBO SHOPPER VINTAGE RED PAISLEY,2.0,2023-09-06 22:56:09,1.88,12868,3.76
539227,22748,POPPY'S PLAYHOUSE KITCHEN,3.0,2023-09-06 22:56:09,2.13,12868,6.39
539227,22633,HAND WARMER UNION JACK,2.0,2023-09-06 22:56:09,1.77,12868,3.54
539227,22310,IVORY KNITTED MUG COSY,2.0,2023-09-06 22:56:09,1.69,12868,3.38
539227,22749,POPPY'S PLAYHOUSE LIVINGROOM,1.0,2023-09-06 22:56:09,2.16,12868,2.16
539231,22086,PAPER CHAIN KIT 50'S CHRISTMAS,3.0,2023-05-08 05:08:53,2.5,12889,7.5
539231,21931,JUMBO STORAGE BAG SUKI,6.0,2023-05-08 05:08:53,2.04,12889,12.24
539233,22383,LUNCH BAG SUKI DESIGN,4.0,2023-10-19 12:47:29,1.73,12877,6.92
539233,22411,JUMBO SHOPPER VINTAGE RED PAISLEY,4.0,2023-10-19 12:47:29,2.0,12877,8.0
539233,84029E,RED WOOLLY HOTTIE WHITE HEART.,2.0,2023-10-19 12:47:29,3.46,12877,6.92
539233,22086,PAPER CHAIN KIT 50'S CHRISTMAS,6.0,2023-10-19 12:47:29,2.64,12877,15.84
539233,84879,ASSORTED COLOUR BIRD ORNAMENT,1.0,2023-10-19 12:47:29,1.72,12877,1.72
539235,20726,LUNCH BAG WOODLAND,1.0,2023-06-25 01:37:49,1.68,12586,1.68
539235,84029E,RED WOOLLY HOTTIE WHITE HEART.,3.0,2023-06-25 01:37:49,3.32,12586,9.96
539235,85099B,JUMBO BAG RED RETROSPOT,1.0,2023-06-25 01:37:49,1.95,12586,1.95
539235,22745,POPPY'S PLAYHOUSE BEDROOM,1.0,2023-06-25 01:37:49,2.18,12586,2.18
539236,22633,HAND WARMER UNION JACK,2.0,2023-08-09 20:16:59,1.77,12485,3.54
539236,84406B,CREAM CUPID HEARTS COAT HANGER,1.0,2023-08-09 20:16:59,2.7,12485,2.7
539236,84029E,RED WOOLLY HOTTIE WHITE HEART.,3.0,2023-08-09 20:16:59,3.36,12485,10.08
539237,22086,PAPER CHAIN KIT 50'S CHRISTMAS,6.0,2023-03-02 04:28:09,2.54,12899,15.24
539237,21730,GLASS STAR FROSTED T-LIGHT HOLDER,1.0,2023-03-02 04:28:09,4.38,12899,4.38
539238,22086,PAPER CHAIN KIT 50'S CHRISTMAS,1.0,2023-10-06 11:48:19,2.6,12854,2.6
539238,47566,PARTY BUNTING,2.0,2023-10-06 11:48:19,4.72,12854,9.44
539238,20725,LUNCH BAG RED RETROSPOT,1.0,2023-10-06 11:48:19,1.64,12854,1.64
539238,84029E,RED WOOLLY HOTTIE WHITE HEART.,3.0,2023-10-06 11:48:19,3.26,12854,9.78
539238,84969,BOX OF 6 ASSORTED COLOUR TEASPOONS,2.0,2023-10-06 11:48:19,4.29,12854,8.58
539239,47566,PARTY BUNTING,6.0,2023-10-04 18:54:57,4.65,13077,27.9
539239,84406B,CREAM CUPID HEARTS COAT HANGER,2.0,2023-10-04 18:54:57,2.76,13077,5.52
539240,20725,LUNCH BAG RED RETROSPOT,6.0,2023-04-01 13:30:38,1.64,12877,9.84
539241,21931,JUMBO STORAGE BAG SUKI,4.0,2023-07-04 21:28:13,1.97,12815,7.88
539241,22748,POPPY'S PLAYHOUSE KITCHEN,2.0,2023-07-04 21:28:13,2.13,12815,4.26
539241,21730,GLASS STAR FROSTED T-LIGHT HOLDER,3.0,2023-07-04 21:28:13,4.23,12815,12.69
539241,22086,PAPER CHAIN KIT 50'S CHRISTMAS,3.0,2023-07-04 21:28:13,2.42,12815,7.26
539242,22310,IVORY KNITTED MUG COSY,3.0,2023-07-05 04:50:51,1.66,12877,4.98
539243,22411,JUMBO SHOPPER VINTAGE RED PAISLEY,4.0,2023-06-26 18:01:58,2.02,12651,8.08
539244,20725,LUNCH BAG RED RETROSPOT,1.0,2023-10-04 17:44:38,1.71,12877,1.71
539244,85099F,JUMBO BAG STRAWBERRY,1.0,2023-10-04 17:44:38,2.0,12877,2.0
539244,22382,LUNCH BAG SPACEBOY DESIGN,1.0,2023-10-04 17:44:38,1.64,12877,1.64
539245,22383,LUNCH BAG SUKI DESIGN,1.0,2023-11-25 15:08:21,1.6,12877,1.6
539245,84029E,RED WOOLLY HOTTIE WHITE HEART.,2.0,2023-11-25 15:08:21,3.31,12877,6.62
539245,22384,LUNCH BAG PINK POLKADOT,2.0,2023-11-25 15:08:21,1.69,12877,3.38
539245,84969,BOX OF 6 ASSORTED COLOUR TEASPOONS,3.0,2023-11-25 15:08:21,4.42,12877,13.26
539245,22310,IVORY KNITTED MUG COSY,3.0,2023-11-25 15:08:21,1.67,12877,5.01
539246,22748,POPPY'S PLAYHOUSE KITCHEN,1.0,2023-06-04 08:42:27,2.11,12661,2.11
539246,22383,LUNCH BAG SUKI DESIGN,1.0,2023-06-04 08:42:27,1.68,12661,1.68
539246,22086,PAPER CHAIN KIT 50'S CHRISTMAS,4.0,2023-06-04 08:42:27,2.61,12661,10.44
539246,20728,LUNCH BAG CARS BLUE,1.0,2023-06-04 08:42:27,1.69,12661,1.69
539246,85123A,WHITE HANGING HEART T-LIGHT HOLDER,2.0,2023-06-04 08:42:27,2.49,12661,4.98
539246,21730,GLASS STAR FROSTED T-LIGHT HOLDER,1.0,2023-06-04 08:42:27,4.1,12661,4.1
539247,84879,ASSORTED COLOUR BIRD ORNAMENT,2.0,2023-10-11 18:35:33,1.69,12815,3.38
539247,84969,BOX OF 6 ASSORTED COLOUR TEASPOONS,1.0,2023-10-11 18:35:33,4.1,12815,4.1
539247,22749,POPPY'S PLAYHOUSE LIVINGROOM,2.0,2023-10-11 18:35:33,2.13,12815,4.26
539249,84969,BOX OF 6 ASSORTED COLOUR TEASPOONS,4.0,2023-12-06 08:45:37,4.19,13007,16.76
539249,47566,PARTY BUNTING,2.0,2023-12-06 08:45:37,4.53,13007,9.06
539249,22086,PAPER CHAIN KIT 50'S CHRISTMAS,6.0,2023-12-06 08:45:37,2.5,13007,15.0
539249,22633,HAND WARMER UNION JACK,1.0,2023-12-06 08:45:37,1.85,13007,1.85
539250,22310,IVORY KNITTED MUG COSY,6.0,2023-07-12 06:07:31,1.57,13051,9.42
539251,85123A,WHITE HANGING HEART T-LIGHT HOLDER,1.0,2023-03-13 07:16:20,2.44,12792,2.44
539251,21931,JUMBO STORAGE BAG SUKI,4.0,2023-03-13 07:16:20,1.94,12792,7.76
539252,20728,LUNCH BAG CARS BLUE,1.0,2023-06-23 02:17:23,1.72,12357,1.72
539252,22632,HAND WARMER RED POLKA DOT,4.0,2023-06-23 02:17:23,1.77,12357,7.08
539252,22386,JUMBO BAG PINK POLKADOT,1.0,2023-06-23 02:17:23,1.93,12357,1.93
539252,84029E,RED WOOLLY HOTTIE WHITE HEART.,1.0,2023-06-23 02:17:23,3.34,12357,3.34
539252,85123A,WHITE HANGING HEART T-LIGHT HOLDER,1.0,2023-06-23 02:17:23,2.58,12357,2.58
539253,85099B,JUMBO BAG RED RETROSPOT,6.0,2023-10-13 12:44:09,2.03,12877,12.18
539253,84029E,RED WOOLLY HOTTIE WHITE HEART.,1.0,2023-10-13 12:44:09,3.46,12877,3.46
539253,22632,HAND WARMER RED POLKA DOT,2.0,2023-10-13 12:44:09,1.79,12877,3.58
539254,84879,ASSORTED COLOUR BIRD ORNAMENT,4.0,2023-10-26 13:08:29,1.7,12741,6.8
539254,85123A,WHITE HANGING HEART T-LIGHT HOLDER,6.0,2023-10-26 13:08:29,2.43,12741,14.58
539255,84029E,RED WOOLLY HOTTIE WHITE HEART.,4.0,2023-08-05 21:27:41,3.38,12607,13.52
539255,20725,LUNCH BAG RED RETROSPOT,4.0,2023-08-05 21:27:41,1.67,12607,6.68
539255,84879,ASSORTED COLOUR BIRD ORNAMENT,1.0,2023-08-05 21:27:41,1.65,12607,1.65
539255,22745,POPPY'S PLAYHOUSE BEDROOM,1.0,2023-08-05 21:27:41,2.12,12607,2.12
539256,22749,POPPY'S PLAYHOUSE LIVINGROOM,1.0,2023-06-27 09:43:08,2.18,12385,2.18
539256,20726,LUNCH BAG WOODLAND,2.0,2023-06-27 09:43:08,1.62,12385,3.24
539256,22745,POPPY'S PLAYHOUSE BEDROOM,2.0,2023-06-27 09:43:08,2.18,12385,4.36
539256,22310,IVORY KNITTED MUG COSY,1.0,2023-06-27 09:43:08,1.67,12385,1.67
539257,22748,POPPY'S PLAYHOUSE KITCHEN,1.0,2023-11-02 10:22:30,2.0,12736,2.0
539257,84029G,KNITTED UNION FLAG HOT WATER BOTTLE,2.0,2023-11-02 10:22:30,3.29,12736,6.58
539257,85123A,WHITE HANGING HEART T-LIGHT HOLDER,1.0,2023-11-02 10:22:30,2.56,12736,2.56
539257,84879,ASSORTED COLOUR BIRD ORNAMENT,4.0,2023-11-02 10:22:30,1.74,12736,6.96
539257,84029E,RED WOOLLY HOTTIE WHITE HEART.,2.0,2023-11-02 10:22:30,3.27,12736,6.54
539261,20728,LUNCH BAG CARS BLUE,2.0,2023-05-06 06:11:14,1.65,12707,3.3
539261,21931,JUMBO STORAGE BAG SUKI,2.0,2023-05-06 06:11:14,1.88,12707,3.76
539261,22633,HAND WARMER UNION JACK,1.0,2023-05-06 06:11:14,1.79,12707,1.79
539261,22632,HAND WARMER RED POLKA DOT,1.0,2023-05-06 06:11:14,1.84,12707,1.84
539261,22748,POPPY'S PLAYHOUSE KITCHEN,4.0,2023-05-06 06:11:14,2.18,12707,8.72
539261,22382,LUNCH BAG SPACEBOY DESIGN,1.0,2023-05-06 06:11:14,1.63,12707,1.63
539262,22384,LUNCH BAG PINK POLKADOT,4.0,2023-09-13 19:22:44,1.59,12500,6.36
539262,20727,LUNCH BAG BLACK SKULL.,2.0,2023-09-13 19:22:44,1.68,12500,3.36
539263,84029E,RED WOOLLY HOTTIE WHITE HEART.,4.0,2023-03-20 16:26:24,3.52,12594,14.08
539265,20727,LUNCH BAG BLACK SKULL.,4.0,2023-07-03 14:56:58,1.73,12868,6.92
539265,22411,JUMBO SHOPPER VINTAGE RED PAISLEY,4.0,2023-07-03 14:56:58,1.92,12868,7.68
539265,85099B,JUMBO BAG RED RETROSPOT,4.0,2023-07-03 14:56:58,1.97,12868,7.88
539266,22086,PAPER CHAIN KIT 50'S CHRISTMAS,3.0,2023-08-20 20:55:23,2.51,12877,7.53
539266,22411,JUMBO SHOPPER VINTAGE RED PAISLEY,2.0,2023-08-20 20:55:23,2.04,12877,4.08
539267,22310,IVORY KNITTED MUG COSY,1.0,2023-03-01 02:30:55,1.62,12524,1.62
539267,20726,LUNCH BAG WOODLAND,3.0,2023-03-01 02:30:55,1.69,12524,5.07
539268,84969,BOX OF 6 ASSORTED COLOUR TEASPOONS,4.0,2023-08-23 10:33:36,4.16,12566,16.64
539268,22745,POPPY'S PLAYHOUSE BEDROOM,3.0,2023-08-23 10:33:36,2.01,12566,6.03
539268,22632,HAND WARMER RED POLKA DOT,3.0,2023-08-23 10:33:36,1.78,12566,5.34
539268,20726,LUNCH BAG WOODLAND,1.0,2023-08-23 10:33:36,1.6,12566,1.6
539269,22633,HAND WARMER UNION JACK,1.0,2023-10-03 06:25:15,1.79,12792,1.79
539269,21730,GLASS STAR FROSTED T-LIGHT HOLDER,1.0,2023-10-03 06:25:15,4.09,12792,4.09
539270,21931,JUMBO STORAGE BAG SUKI,1.0,2023-03-20 20:03:31,2.03,12440,2.03
539270,84879,ASSORTED COLOUR BIRD ORNAMENT,2.0,2023-03-20 20:03:31,1.74,12440,3.48
539270,22749,POPPY'S PLAYHOUSE LIVINGROOM,1.0,2023-03-20 20:03:31,2.18,12440,2.18
539271,22383,LUNCH BAG SUKI DESIGN,2.0,2023-09-20 22:55:50,1.71,12588,3.42
539272,84029E,RED WOOLLY HOTTIE WHITE HEART.,1.0,2023-03-01 06:47:47,3.23,12670,3.23
539272,71053,WHITE METAL LANTERN,4.0,2023-03-01 06:47:47,3.35,12670,13.4
539272,22086,PAPER CHAIN KIT 50'S CHRISTMAS,3.0,2023-03-01 06:47:47,2.56,12670,7.68
539273,22384,LUNCH BAG PINK POLKADOT,6.0,2023-05-18 19:12:36,1.71,12792,10.26
539273,22745,POPPY'S PLAYHOUSE BEDROOM,1.0,2023-05-18 19:12:36,2.02,12792,2.02
539276,71053,WHITE METAL LANTERN,4.0,2023-10-14 15:54:29,3.29,12485,13.16
539276,22386,JUMBO BAG PINK POLKADOT,6.0,2023-10-14 15:54:29,1.93,12485,11.58
539276,20726,LUNCH BAG WOODLAND,6.0,2023-10-14 15:54:29,1.71,12485,10.26
539276,22748,POPPY'S PLAYHOUSE KITCHEN,1.0,2023-10-14 15:54:29,2.15,12485,2.15
539277,21931,JUMBO STORAGE BAG SUKI,3.0,2023-06-26 01:23:33,2.04,12792,6.12
539277,22383,LUNCH BAG SUKI DESIGN,3.0,2023-06-26 01:23:33,1.68,12792,5.04
539277,22386,JUMBO BAG PINK POLKADOT,1.0,2023-06-26 01:23:33,1.96,12792,1.96
539277,85099B,JUMBO BAG RED RETROSPOT,6.0,2023-06-26 01:23:33,1.86,12792,11.16
539278,85123A,WHITE HANGING HEART T-LIGHT HOLDER,3.0,2023-10-27 08:39:30,2.47,12397,7.41
539278,21931,JUMBO STORAGE BAG SUKI,1.0,2023-10-27 08:39:30,1.93,12397,1.93
539280,22383,LUNCH BAG SUKI DESIGN,1.0,2023-06-13 18:49:04,1.64,12591,1.64
539280,85099B,JUMBO BAG RED RETROSPOT,2.0,2023-06-13 18:49:04,1.91,12591,3.82
539280,22386,JUMBO BAG PINK POLKADOT,2.0,2023-06-13 18:49:04,1.92,12591,3.84
539280,84406B,CREAM CUPID HEARTS COAT HANGER,1.0,2023-06-13 18:49:04,2.65,12591,2.65
539280,20725,LUNCH BAG RED RETROSPOT,1.0,2023-06-13 18:49:04,1.65,12591,1.65
539281,85099F,JUMBO BAG STRAWBERRY,1.0,2023-10-07 23:01:45,1.9,12780,1.9
539281,47566,PARTY BUNTING,4.0,2023-10-07 23:01:45,4.79,12780,19.16
539281,84879,ASSORTED COLOUR BIRD ORNAMENT,6.0,2023-10-07 23:01:45,1.65,12780,9.9
539281,22411,JUMBO SHOPPER VINTAGE RED PAISLEY,1.0,2023-10-07 23:01:45,1.97,12780,1.97
539281,20726,LUNCH BAG WOODLAND,1.0,2023-10-07 23:01:45,1.58,12780,1.58
539283,20728,LUNCH BAG CARS BLUE,4.0,2023-07-24 07:15:54,1.7,12674,6.8
539283,20725,LUNCH BAG RED RETROSPOT,2.0,2023-07-24 07:15:54,1.73,12674,3.46
539284,84879,ASSORTED COLOUR BIRD ORNAMENT,3.0,2023-08-25 17:37:05,1.74,12365,5.22
539284,22386,JUMBO BAG PINK POLKADOT,1.0,2023-08-25 17:37:05,2.01,12365,2.01
539284,47566,PARTY BUNTING,1.0,2023-08-25 17:37:05,4.43,12365,4.43
539284,22633,HAND WARMER UNION JACK,2.0,2023-08-25 17:37:05,1.93,12365,3.86
539284,20725,LUNCH BAG RED RETROSPOT,2.0,2023-08-25 17:37:05,1.64,12365,3.28
539285,47566,PARTY BUNTING,1.0,2023-11-26 04:54:03,4.81,12886,4.81
539286,22086,PAPER CHAIN KIT 50'S CHRISTMAS,3.0,2023-07-06 02:16:53,2.44,12618,7.32
539286,22749,POPPY'S PLAYHOUSE LIVINGROOM,4.0,2023-07-06 02:16:53,2.02,12618,8.08
539287,22411,JUMBO SHOPPER VINTAGE RED PAISLEY,2.0,2023-05-10 22:09:42,1.89,12500,3.78
539287,84029G,KNITTED UNION FLAG HOT WATER BOTTLE,3.0,2023-05-10 22:09:42,3.31,12500,9.93
539287,20727,LUNCH BAG BLACK SKULL.,1.0,2023-05-10 22:09:42,1.73,12500,1.73
539287,22310,IVORY KNITTED MUG COSY,2.0,2023-05-10 22:09:42,1.72,12500,3.44
539288,20728,LUNCH BAG CARS BLUE,1.0,2023-11-30 01:43:01,1.62,12868,1.62
539289,85099B,JUMBO BAG RED RETROSPOT,3.0,2023-11-05 12:29:57,1.99,13080,5.97
539289,85099F,JUMBO BAG STRAWBERRY,1.0,2023-11-05 12:29:57,1.97,13080,1.97
539290,22748,POPPY'S PLAYHOUSE KITCHEN,2.0,2023-02-24 23:59:03,2.18,12602,4.36
539290,22384,LUNCH BAG PINK POLKADOT,2.0,2023-02-24 23:59:03,1.67,12602,3.34
539291,22749,POPPY'S PLAYHOUSE LIVINGROOM,1.0,2023-04-14 07:01:30,2.1,12628,2.1
539291,22748,POPPY'S PLAYHOUSE KITCHEN,3.0,2023-04-14 07:01:30,2.0,12628,6.0
539291,22086,PAPER CHAIN KIT 50'S CHRISTMAS,2.0,2023-04-14 07:01:30,2.5,12628,5.0
539291,21730,GLASS STAR FROSTED T-LIGHT HOLDER,1.0,2023-04-14 07:01:30,4.33,12628,4.33
539292,71053,WHITE METAL LANTERN,3.0,2023-08-11 03:56:25,3.28,12459,9.84
539292,22633,HAND WARMER UNION JACK,1.0,2023-08-11 03:56:25,1.78,12459,1.78
539292,22384,LUNCH BAG PINK POLKADOT,2.0,2023-08-11 03:56:25,1.66,12459,3.32
539293,85099F,JUMBO BAG STRAWBERRY,1.0,2023-08-13 03:16:57,1.95,12792,1.95
539293,20727,LUNCH BAG BLACK SKULL.,3.0,2023-08-13 03:16:57,1.67,12792,5.01
539293,22382,LUNCH BAG SPACEBOY DESIGN,2.0,2023-08-13 03:16:57,1.73,12792,3.46
539293,22748,POPPY'S PLAYHOUSE KITCHEN,2.0,2023-08-13 03:16:57,2.15,12792,4.3
539293,84029E,RED WOOLLY HOTTIE WHITE HEART.,1.0,2023-08-13 03:16:57,3.34,12792,3.34
539294,20727,LUNCH BAG BLACK SKULL.,2.0,2023-03-24 09:41:08,1.69,12401,3.38
539294,22632,HAND WARMER RED POLKA DOT,2.0,2023-03-24 09:41:08,1.78,12401,3.56
539295,85099F,JUMBO BAG STRAWBERRY,2.0,2023-07-25 06:46:30,1.98,12586,3.96
539295,21730,GLASS STAR FROSTED T-LIGHT HOLDER,1.0,2023-07-25 06:46:30,4.33,12586,4.33
539295,22745,POPPY'S PLAYHOUSE BEDROOM,2.0,2023-07-25 06:46:30,2.19,12586,4.38
539295,22386,JUMBO BAG PINK POLKADOT,1.0,2023-07-25 06:46:30,1.93,12586,1.93
539295,22384,LUNCH BAG PINK POLKADOT,1.0,2023-07-25 06:46:30,1.68,12586,1.68
539295,22086,PAPER CHAIN KIT 50'S CHRISTMAS,2.0,2023-07-25 06:46:30,2.48,12586,4.96
539297,84029E,RED WOOLLY HOTTIE WHITE HEART.,2.0,2023-08-06 19:54:11,3.24,12881,6.48
539297,22383,LUNCH BAG SUKI DESIGN,3.0,2023-08-06 19:54:11,1.58,12881,4.74
539298,85099F,JUMBO BAG STRAWBERRY,4.0,2023-01-25 21:14:10,1.92,12877,7.68
539299,85123A,WHITE HANGING HEART T-LIGHT HOLDER,2.0,2023-09-16 09:26:34,2.45,13112,4.9
539299,22310,IVORY KNITTED MUG COSY,1.0,2023-09-16 09:26:34,1.59,13112,1.59
539299,84969,BOX OF 6 ASSORTED COLOUR TEASPOONS,1.0,2023-09-16 09:26:34,4.3,13112,4.3
539299,84029G,KNITTED UNION FLAG HOT WATER BOTTLE,4.0,2023-09-16 09:26:34,3.38,13112,13.52
539299,84029E,RED WOOLLY HOTTIE WHITE HEART.,2.0,2023-09-16 09:26:34,3.51,13112,7.02
539300,84406B,CREAM CUPID HEARTS COAT HANGER,1.0,2023-12-03 16:30:43,2.63,12651,2.63
539300,85099F,JUMBO BAG STRAWBERRY,1.0,2023-12-03 16:30:43,1.9,12651,1.9
539301,85123A,WHITE HANGING HEART T-LIGHT HOLDER,3.0,2023-05-09 11:01:39,2.63,12877,7.89
539301,84406B,CREAM CUPID HEARTS COAT HANGER,2.0,2023-05-09 11:01:39,2.73,12877,5.46
539303,84406B,CREAM CUPID HEARTS COAT HANGER,1.0,2023-08-25 18:37:09,2.79,12421,2.79
539303,22632,HAND WARMER RED POLKA DOT,2.0,2023-08-25 18:37:09,1.92,12421,3.84
539303,22748,POPPY'S PLAYHOUSE KITCHEN,4.0,2023-08-25 18:37:09,2.02,12421,8.08
539303,22749,POPPY'S PLAYHOUSE LIVINGROOM,1.0,2023-08-25 18:37:09,2.01,12421,2.01
539303,85099F,JUMBO BAG STRAWBERRY,2.0,2023-08-25 18:37:09,2.02,12421,4.04
539304,22086,PAPER CHAIN KIT 50'S CHRISTMAS,2.0,2023-11-04 13:52:05,2.67,12787,5.34
539305,22384,LUNCH BAG PINK POLKADOT,6.0,2023-11-11 14:05:30,1.72,12845,10.32
539305,85099B,JUMBO BAG RED RETROSPOT,1.0,2023-11-11 14:05:30,1.91,12845,1.91
539305,20725,LUNCH BAG RED RETROSPOT,2.0,2023-11-11 14:05:30,1.65,12845,3.3
539306,85099F,JUMBO BAG STRAWBERRY,1.0,2023-09-09 21:02:16,1.86,12650,1.86
539306,20726,LUNCH BAG WOODLAND,3.0,2023-09-09 21:02:16,1.69,12650,5.07
539306,22748,POPPY'S PLAYHOUSE KITCHEN,2.0,2023-09-09 21:02:16,2.18,12650,4.36
539306,21931,JUMBO STORAGE BAG SUKI,4.0,2023-09-09 21:02:16,2.0,12650,8.0
539307,22310,IVORY KNITTED MUG COSY,2.0,2023-11-30 20:39:22,1.71,12886,3.42
539307,22086,PAPER CHAIN KIT 50'S CHRISTMAS,2.0,2023-11-30 20:39:22,2.46,12886,4.92
539307,20728,LUNCH BAG CARS BLUE,6.0,2023-11-30 20:39:22,1.68,12886,10.08
539308,84406B,CREAM CUPID HEARTS COAT HANGER,3.0,2023-05-06 00:24:19,2.66,12863,7.98
539308,21730,GLASS STAR FROSTED T-LIGHT HOLDER,3.0,2023-05-06 00:24:19,4.27,12863,12.81
539308,84969,BOX OF 6 ASSORTED COLOUR TEASPOONS,1.0,2023-05-06 00:24:19,4.22,12863,4.22
539308,22745,POPPY'S PLAYHOUSE BEDROOM,1.0,2023-05-06 00:24:19,2.0,12863,2.0
539308,22382,LUNCH BAG SPACEBOY DESIGN,1.0,2023-05-06 00:24:19,1.57,12863,1.57
539309,22749,POPPY'S PLAYHOUSE LIVINGROOM,6.0,2023-09-19 22:10:09,2.03,12401,12.18
539309,20725,LUNCH BAG RED RETROSPOT,1.0,2023-09-19 22:10:09,1.66,12401,1.66
539309,22632,HAND WARMER RED POLKA DOT,3.0,2023-09-19 22:10:09,1.89,12401,5.67
539309,22382,LUNCH BAG SPACEBOY DESIGN,3.0,2023-09-19 22:10:09,1.69,12401,5.07
539309,20727,LUNCH BAG BLACK SKULL.,3.0,2023-09-19 22:10:09,1.72,12401,5.16
539310,85099F,JUMBO BAG STRAWBERRY,1.0,2023-10-09 08:53:12,1.97,12766,1.97
539310,22745,POPPY'S PLAYHOUSE BEDROOM,1.0,2023-10-09 08:53:12,2.11,12766,2.11
539311,22386,JUMBO BAG PINK POLKADOT,6.0,2023-09-22 09:26:37,1.94,13125,11.64
539312,22383,LUNCH BAG SUKI DESIGN,1.0,2023-11-11 19:20:40,1.68,12533,1.68
539312,84406B,CREAM CUPID HEARTS COAT HANGER,4.0,2023-11-11 19:20:40,2.69,12533,10.76
539312,22632,HAND WARMER RED POLKA DOT,1.0,2023-11-11 19:20:40,1.81,12533,1.81
539313,22632,HAND WARMER RED POLKA DOT,4.0,2023-09-23 00:57:06,1.81,13003,7.24
539313,21730,GLASS STAR FROSTED T-LIGHT HOLDER,2.0,2023-09-23 00:57:06,4.22,13003,8.44
539313,22748,POPPY'S PLAYHOUSE KITCHEN,4.0,2023-09-23 00:57:06,2.03,13003,8.12
539313,22384,LUNCH BAG PINK POLKADOT,1.0,2023-09-23 00:57:06,1.68,13003,1.68
539314,71053,WHITE METAL LANTERN,1.0,2023-06-30 12:01:48,3.42,12877,3.42
539314,85099B,JUMBO BAG RED RETROSPOT,1.0,2023-06-30 12:01:48,1.92,12877,1.92
539314,20725,LUNCH BAG RED RETROSPOT,2.0,2023-06-30 12:01:48,1.67,12877,3.34
539316,84029E,RED WOOLLY HOTTIE WHITE HEART.,1.0,2023-07-15 11:37:08,3.32,12878,3.32
539316,84406B,CREAM CUPID HEARTS COAT HANGER,2.0,2023-07-15 11:37:08,2.68,12878,5.36
539316,20727,LUNCH BAG BLACK SKULL.,1.0,2023-07-15 11:37:08,1.71,12878,1.71
539316,20725,LUNCH BAG RED RETROSPOT,4.0,2023-07-15 11:37:08,1.64,12878,6.56
539317,85099B,JUMBO BAG RED RETROSPOT,2.0,2023-03-06 20:45:24,1.89,12877,3.78
539317,84029E,RED WOOLLY HOTTIE WHITE HEART.,2.0,2023-03-06 20:45:24,3.5,12877,7.0
539317,84029G,KNITTED UNION FLAG HOT WATER BOTTLE,4.0,2023-03-06 20:45:24,3.4,12877,13.6
539317,22086,PAPER CHAIN KIT 50'S CHRISTMAS,1.0,2023-03-06 20:45:24,2.52,12877,2.52
539318,20728,LUNCH BAG CARS BLUE,6.0,2023-03-05 09:12:49,1.64,12829,9.84
539318,22745,POPPY'S PLAYHOUSE BEDROOM,1.0,2023-03-05 09:12:49,2.11,12829,2.11
539318,22310,IVORY KNITTED MUG COSY,1.0,2023-03-05 09:12:49,1.59,12829,1.59
539318,22386,JUMBO BAG PINK POLKADOT,1.0,2023-03-05 09:12:49,1.86,12829,1.86
539319,47566,PARTY BUNTING,1.0,2023-08-09 00:33:19,4.62,12844,4.62
539319,85099F,JUMBO BAG STRAWBERRY,1.0,2023-08-09 00:33:19,2.04,12844,2.04
539319,22310,IVORY KNITTED MUG COSY,2.0,2023-08-09 00:33:19,1.62,12844,3.24
539321,22411,JUMBO SHOPPER VINTAGE RED PAISLEY,2.0,2023-05-14 03:31:16,1.87,12877,3.74
539321,22748,POPPY'S PLAYHOUSE KITCHEN,2.0,2023-05-14 03:31:16,2.09,12877,4.18
539321,20727,LUNCH BAG BLACK SKULL.,2.0,2023-05-14 03:31:16,1.59,12877,3.18
539322,22411,JUMBO SHOPPER VINTAGE RED PAISLEY,1.0,2023-10-14 21:52:41,2.04,12886,2.04
539322,84879,ASSORTED COLOUR BIRD ORNAMENT,2.0,2023-10-14 21:52:41,1.74,12886,3.48
539322,85099B,JUMBO BAG RED RETROSPOT,3.0,2023-10-14 21:52:41,1.93,12886,5.79
539323,22382,LUNCH BAG SPACEBOY DESIGN,1.0,2023-06-29 23:15:11,1.65,12878,1.65
539323,20726,LUNCH BAG WOODLAND,2.0,2023-06-29 23:15:11,1.67,12878,3.34
539323,85099B,JUMBO BAG RED RETROSPOT,1.0,2023-06-29 23:15:11,1.97,12878,1.97
539323,22745,POPPY'S PLAYHOUSE BEDROOM,1.0,2023-06-29 23:15:11,2.09,12878,2.09
539323,22383,LUNCH BAG SUKI DESIGN,6.0,2023-06-29 23:15:11,1.7,12878,10.2
539324,85099B,JUMBO BAG RED RETROSPOT,3.0,2023-07-26 14:30:34,1.88,13081,5.64
539324,22384,LUNCH BAG PINK POLKADOT,2.0,2023-07-26 14:30:34,1.69,13081,3.38
539324,22386,JUMBO BAG PINK POLKADOT,1.0,2023-07-26 14:30:34,1.87,13081,1.87
539324,20725,LUNCH BAG RED RETROSPOT,1.0,2023-07-26 14:30:34,1.7,13081,1.7
539325,22086,PAPER CHAIN KIT 50'S CHRISTMAS,1.0,2023-11-05 03:24:21,2.51,12380,2.51
539326,20725,LUNCH BAG RED RETROSPOT,2.0,2023-03-08 03:04:03,1.65,12710,3.3
539326,85099B,JUMBO BAG RED RETROSPOT,1.0,2023-03-08 03:04:03,2.02,12710,2.02
539326,84406B,CREAM CUPID HEARTS COAT HANGER,2.0,2023-03-08 03:04:03,2.76,12710,5.52
539327,20726,LUNCH BAG WOODLAND,1.0,2023-10-24 10:39:28,1.68,13007,1.68
539327,20728,LUNCH BAG CARS BLUE,2.0,2023-10-24 10:39:28,1.72,13007,3.44
539327,84406B,CREAM CUPID HEARTS COAT HANGER,2.0,2023-10-24 10:39:28,2.8,13007,5.6
539327,84879,ASSORTED COLOUR BIRD ORNAMENT,1.0,2023-10-24 10:39:28,1.62,13007,1.62
539328,20728,LUNCH BAG CARS BLUE,2.0,2023-09-01 00:03:38,1.6,12773,3.2
539328,85099B,JUMBO BAG RED RETROSPOT,1.0,2023-09-01 00:03:38,1.89,12773,1.89
539328,22386,JUMBO BAG PINK POLKADOT,2.0,2023-09-01 00:03:38,1.86,12773,3.72
539329,84879,ASSORTED COLOUR BIRD ORNAMENT,1.0,2023-09-25 20:25:11,1.66,12459,1.66
539329,47566,PARTY BUNTING,1.0,2023-09-25 20:25:11,4.47,12459,4.47
539329,22411,JUMBO SHOPPER VINTAGE RED PAISLEY,1.0,2023-09-25 20:25:11,2.01,12459,2.01
539329,84969,BOX OF 6 ASSORTED COLOUR TEASPOONS,1.0,2023-09-25 20:25:11,4.1,12459,4.1
539330,22411,JUMBO SHOPPER VINTAGE RED PAISLEY,1.0,2023-09-01 19:40:18,2.04,12877,2.04
539332,47566,PARTY BUNTING,1.0,2023-09-25 15:01:13,4.56,13066,4.56
539332,84879,ASSORTED COLOUR BIRD ORNAMENT,3.0,2023-09-25 15:01:13,1.76,13066,5.28
539332,22384,LUNCH BAG PINK POLKADOT,1.0,2023-09-25 15:01:13,1.72,13066,1.72
539332,20727,LUNCH BAG BLACK SKULL.,1.0,2023-09-25 15:01:13,1.57,13066,1.57
539332,22633,HAND WARMER UNION JACK,3.0,2023-09-25 15:01:13,1.79,13066,5.37
539332,84029G,KNITTED UNION FLAG HOT WATER BOTTLE,2.0,2023-09-25 15:01:13,3.49,13066,6.98
539333,84969,BOX OF 6 ASSORTED COLOUR TEASPOONS,2.0,2023-10-20 01:32:24,4.19,12509,8.38
539333,22386,JUMBO BAG PINK POLKADOT,2.0,2023-10-20 01:32:24,1.87,12509,3.74
539333,22383,LUNCH BAG SUKI DESIGN,3.0,2023-10-20 01:32:24,1.68,12509,5.04
539333,85123A,WHITE HANGING HEART T-LIGHT HOLDER,2.0,2023-10-20 01:32:24,2.44,12509,4.88
539333,20727,LUNCH BAG BLACK SKULL.,1.0,2023-10-20 01:32:24,1.58,12509,1.58
539334,84029E,RED WOOLLY HOTTIE WHITE HEART.,1.0,2023-07-04 16:43:29,3.55,12821,3.55
539337,84879,ASSORTED COLOUR BIRD ORNAMENT,1.0,2023-11-08 20:58:35,1.74,12878,1.74
539337,22632,HAND WARMER RED POLKA DOT,1.0,2023-11-08 20:58:35,1.76,12878,1.76
539337,22633,HAND WARMER UNION JACK,2.0,2023-11-08 20:58:35,1.88,12878,3.76
539337,84406B,CREAM CUPID HEARTS COAT HANGER,3.0,2023-11-08 20:58:35,2.84,12878,8.52
539337,22310,IVORY KNITTED MUG COSY,4.0,2023-11-08 20:58:35,1.64,12878,6.56
539338,47566,PARTY BUNTING,1.0,2023-06-08 19:07:25,4.43,12957,4.43
539338,22086,PAPER CHAIN KIT 50'S CHRISTMAS,2.0,2023-06-08 19:07:25,2.6,12957,5.2
539338,85099F,JUMBO BAG STRAWBERRY,1.0,2023-06-08 19:07:25,1.93,12957,1.93
539340,22748,POPPY'S PLAYHOUSE KITCHEN,1.0,2023-09-25 02:40:46,2.03,12864,2.03
539340,22383,LUNCH BAG SUKI DESIGN,4.0,2023-09-25 02:40:46,1.62,12864,6.48
539340,85099F,JUMBO BAG STRAWBERRY,2.0,2023-09-25 02:40:46,1.97,12864,3.94
539340,20725,LUNCH BAG RED RETROSPOT,3.0,2023-09-25 02:40:46,1.73,12864,5.19
539343,22310,IVORY KNITTED MUG COSY,3.0,2023-10-06 08:36:24,1.66,12391,4.98
539343,22386,JUMBO BAG PINK POLKADOT,4.0,2023-10-06 08:36:24,1.96,12391,7.84
539343,22632,HAND WARMER RED POLKA DOT,3.0,2023-10-06 08:36:24,1.8,12391,5.4
539343,22745,POPPY'S PLAYHOUSE BEDROOM,1.0,2023-10-06 08:36:24,2.13,12391,2.13
539343,22382,LUNCH BAG SPACEBOY DESIGN,2.0,2023-10-06 08:36:24,1.73,12391,3.46
539344,22384,LUNCH BAG PINK POLKADOT,2.0,2023-02-19 17:01:14,1.73,12660,3.46
539345,22383,LUNCH BAG SUKI DESIGN,2.0,2023-06-14 23:11:49,1.63,13102,3.26
539345,22310,IVORY KNITTED MUG COSY,2.0,2023-06-14 23:11:49,1.73,13102,3.46
539347,21931,JUMBO STORAGE BAG SUKI,2.0,2023-08-13 22:18:53,1.91,12881,3.82
539347,22749,POPPY'S PLAYHOUSE LIVINGROOM,3.0,2023-08-13 22:18:53,2.15,12881,6.45
539347,22086,PAPER CHAIN KIT 50'S CHRISTMAS,4.0,2023-08-13 22:18:53,2.66,12881,10.64
539347,22745,POPPY'S PLAYHOUSE BEDROOM,3.0,2023-08-13 22:18:53,2.17,12881,6.51
539347,84969,BOX OF 6 ASSORTED COLOUR TEASPOONS,4.0,2023-08-13 22:18:53,4.43,12881,17.72
539349,22633,HAND WARMER UNION JACK,4.0,2023-11-17 06:56:14,1.87,12587,7.48
539350,20727,LUNCH BAG BLACK SKULL.,4.0,2023-02-23 21:15:03,1.62,12877,6.48
539350,84029E,RED WOOLLY HOTTIE WHITE HEART.,3.0,2023-02-23 21:15:03,3.25,12877,9.75
539350,47566,PARTY BUNTING,1.0,2023-02-23 21:15:03,4.59,12877,4.59
539351,71053,WHITE METAL LANTERN,6.0,2023-06-14 19:03:34,3.51,12877,21.06
539351,84029G,KNITTED UNION FLAG HOT WATER BOTTLE,4.0,2023-06-14 19:03:34,3.54,12877,14.16
539351,85099F,JUMBO BAG STRAWBERRY,1.0,2023-06-14 19:03:34,1.91,12877,1.91
539351,22382,LUNCH BAG SPACEBOY DESIGN,3.0,2023-06-14 19:03:34,1.59,12877,4.77
539352,71053,WHITE METAL LANTERN,1.0,2023-10-16 18:00:59,3.51,13007,3.51
539352,20728,LUNCH BAG CARS BLUE,3.0,2023-10-16 18:00:59,1.71,13007,5.13
539352,22748,POPPY'S PLAYHOUSE KITCHEN,1.0,2023-10-16 18:00:59,2.1,13007,2.1
539352,22386,JUMBO BAG PINK POLKADOT,1.0,2023-10-16 18:00:59,1.96,13007,1.96
539353,84969,BOX OF 6 ASSORTED COLOUR TEASPOONS,6.0,2023-11-02 09:06:32,4.26,12977,25.56
539354,20728,LUNCH BAG CARS BLUE,1.0,2023-12-05 15:12:15,1.72,12877,1.72
539354,85123A,WHITE HANGING HEART T-LIGHT HOLDER,1.0,2023-12-05 15:12:15,2.51,12877,2.51
539354,84029G,KNITTED UNION FLAG HOT WATER BOTTLE,1.0,2023-12-05 15:12:15,3.25,12877,3.25
539356,85123A,WHITE HANGING HEART T-LIGHT HOLDER,3.0,2023-10-25 10:10:58,2.62,12651,7.86
539356,84406B,CREAM CUPID HEARTS COAT HANGER,1.0,2023-10-25 10:10:58,2.8,12651,2.8
539356,20727,LUNCH BAG BLACK SKULL.,1.0,2023-10-25 10:10:58,1.72,12651,1.72
539356,84029E,RED WOOLLY HOTTIE WHITE HEART.,6.0,2023-10-25 10:10:58,3.43,12651,20.58
539357,22310,IVORY KNITTED MUG COSY,6.0,2023-06-07 19:11:42,1.6,12500,9.6
539357,20725,LUNCH BAG RED RETROSPOT,4.0,2023-06-07 19:11:42,1.58,12500,6.32
539358,22086,PAPER CHAIN KIT 50'S CHRISTMAS,2.0,2023-12-02 17:40:28,2.63,12379,5.26
539358,22748,POPPY'S PLAYHOUSE KITCHEN,1.0,2023-12-02 17:40:28,2.06,12379,2.06
539358,22411,JUMBO SHOPPER VINTAGE RED PAISLEY,2.0,2023-12-02 17:40:28,1.87,12379,3.74
539359,22632,HAND WARMER RED POLKA DOT,2.0,2023-10-28 23:29:36,1.83,13071,3.66
539359,85099B,JUMBO BAG RED RETROSPOT,1.0,2023-10-28 23:29:36,1.99,13071,1.99
539359,22749,POPPY'S PLAYHOUSE LIVINGROOM,4.0,2023-10-28 23:29:36,2.09,13071,8.36
539359,84029E,RED WOOLLY HOTTIE WHITE HEART.,2.0,2023-10-28 23:29:36,3.37,13071,6.74
539359,84879,ASSORTED COLOUR BIRD ORNAMENT,1.0,2023-10-28 23:29:36,1.7,13071,1.7
539360,20728,LUNCH BAG CARS BLUE,3.0,2023-11-15 16:30:45,1.6,12538,4.8
539361,22384,LUNCH BAG PINK POLKADOT,1.0,2023-08-05 02:35:17,1.72,12927,1.72
539361,85099B,JUMBO BAG RED RETROSPOT,1.0,2023-08-05 02:35:17,1.97,12927,1.97
539361,20727,LUNCH BAG BLACK SKULL.,2.0,2023-08-05 02:35:17,1.67,12927,3.34
539362,22383,LUNCH BAG SUKI DESIGN,2.0,2023-06-29 04:27:15,1.67,12458,3.34
539362,84029G,KNITTED UNION FLAG HOT WATER BOTTLE,1.0,2023-06-29 04:27:15,3.49,12458,3.49
539363,22382,LUNCH BAG SPACEBOY DESIGN,3.0,2023-10-23 21:41:51,1.68,12877,5.04
539363,22745,POPPY'S PLAYHOUSE BEDROOM,2.0,2023-10-23 21:41:51,2.11,12877,4.22
539364,85099B,JUMBO BAG RED RETROSPOT,3.0,2023-03-15 21:17:15,1.95,12845,5.85
539364,20726,LUNCH BAG WOODLAND,1.0,2023-03-15 21:17:15,1.61,12845,1.61
539365,84406B,CREAM CUPID HEARTS COAT HANGER,1.0,2023-08-31 09:33:32,2.78,12793,2.78
539368,84029E,RED WOOLLY HOTTIE WHITE HEART.,1.0,2023-07-28 10:01:32,3.54,12809,3.54
539368,84406B,CREAM CUPID HEARTS COAT HANGER,4.0,2023-07-28 10:01:32,2.62,12809,10.48
539368,84879,ASSORTED COLOUR BIRD ORNAMENT,6.0,2023-07-28 10:01:32,1.74,12809,10.44
539368,85099B,JUMBO BAG RED RETROSPOT,2.0,2023-07-28 10:01:32,1.99,12809,3.98
539369,22632,HAND WARMER RED POLKA DOT,6.0,2023-04-30 22:04:24,1.87,12845,11.22
539369,20726,LUNCH BAG WOODLAND,4.0,2023-04-30 22:04:24,1.64,12845,6.56
539370,22310,IVORY KNITTED MUG COSY,6.0,2023-11-01 18:29:08,1.66,12787,9.96
539370,84879,ASSORTED COLOUR BIRD ORNAMENT,1.0,2023-11-01 18:29:08,1.65,12787,1.65
539370,22749,POPPY'S PLAYHOUSE LIVINGROOM,1.0,2023-11-01 18:29:08,2.14,12787,2.14
539370,85123A,WHITE HANGING HEART T-LIGHT HOLDER,1.0,2023-11-01 18:29:08,2.55,12787,2.55
539370,20726,LUNCH BAG WOODLAND,1.0,2023-11-01 18:29:08,1.71,12787,1.71
539370,22383,LUNCH BAG SUKI DESIGN,3.0,2023-11-01 18:29:08,1.62,12787,4.86
539372,22632,HAND WARMER RED POLKA DOT,1.0,2023-12-03 07:18:46,1.77,12916,1.77
539372,22086,PAPER CHAIN KIT 50'S CHRISTMAS,6.0,2023-12-03 07:18:46,2.49,12916,14.94
539373,20728,LUNCH BAG CARS BLUE,3.0,2023-08-30 02:31:02,1.6,13135,4.8
539373,22411,JUMBO SHOPPER VINTAGE RED PAISLEY,2.0,2023-08-30 02:31:02,1.98,13135,3.96
539373,22633,HAND WARMER UNION JACK,1.0,2023-08-30 02:31:02,1.79,13135,1.79
539374,84029E,RED WOOLLY HOTTIE WHITE HEART.,1.0,2023-08-19 18:28:19,3.42,12754,3.42
539377,84879,ASSORTED COLOUR BIRD ORNAMENT,2.0,2023-04-06 16:46:06,1.71,12572,3.42
539377,85099F,JUMBO BAG STRAWBERRY,6.0,2023-04-06 16:46:06,1.87,12572,11.22
539377,20726,LUNCH BAG WOODLAND,6.0,2023-04-06 16:46:06,1.66,12572,9.96
539377,84406B,CREAM CUPID HEARTS COAT HANGER,2.0,2023-04-06 16:46:06,2.82,12572,5.64
539377,22086,PAPER CHAIN KIT 50'S CHRISTMAS,3.0,2023-04-06 16:46:06,2.59,12572,7.77
539378,21730,GLASS STAR FROSTED T-LIGHT HOLDER,2.0,2023-07-15 02:16:31,4.06,12845,8.12
539378,22748,POPPY'S PLAYHOUSE KITCHEN,2.0,2023-07-15 02:16:31,2.12,12845,4.24
539378,22411,JUMBO SHOPPER VINTAGE RED PAISLEY,3.0,2023-07-15 02:16:31,1.92,12845,5.76
539379,47566,PARTY BUNTING,1.0,2023-09-10 21:47:14,4.88,12730,4.88
539379,22749,POPPY'S PLAYHOUSE LIVINGROOM,2.0,2023-09-10 21:47:14,2.12,12730,4.24
539379,22310,IVORY KNITTED MUG COSY,1.0,2023-09-10 21:47:14,1.72,12730,1.72
539380,85123A,WHITE HANGING HEART T-LIGHT HOLDER,6.0,2023-11-23 11:43:01,2.52,13083,15.12
539380,84029G,KNITTED UNION FLAG HOT WATER BOTTLE,6.0,2023-11-23 11:43:01,3.4,13083,20.4
539380,71053,WHITE METAL LANTERN,2.0,2023-11-23 11:43:01,3.33,13083,6.66
539381,85099F,JUMBO BAG STRAWBERRY,2.0,2023-08-28 05:42:17,1.96,13135,3.92
539381,22382,LUNCH BAG SPACEBOY DESIGN,2.0,2023-08-28 05:42:17,1.64,13135,3.28
539383,22386,JUMBO BAG PINK POLKADOT,4.0,2023-05-28 21:17:20,1.89,12877,7.56
539383,84969,BOX OF 6 ASSORTED COLOUR TEASPOONS,1.0,2023-05-28 21:17:20,4.4,12877,4.4
539384,22086,PAPER CHAIN KIT 50'S CHRISTMAS,1.0,2023-02-25 19:02:37,2.43,12594,2.43
539384,84969,BOX OF 6 ASSORTED COLOUR TEASPOONS,2.0,2023-02-25 19:02:37,4.39,12594,8.78
539384,85123A,WHITE HANGING HEART T-LIGHT HOLDER,3.0,2023-02-25 19:02:37,2.52,12594,7.56
539384,22748,POPPY'S PLAYHOUSE KITCHEN,1.0,2023-02-25 19:02:37,2.02,12594,2.02
539385,84029G,KNITTED UNION FLAG HOT WATER BOTTLE,6.0,2023-03-31 13:13:32,3.47,12877,20.82
539385,22633,HAND WARMER UNION JACK,1.0,2023-03-31 13:13:32,1.79,12877,1.79
539385,22386,JUMBO BAG PINK POLKADOT,2.0,2023-03-31 13:13:32,1.88,12877,3.76
539386,84029E,RED WOOLLY HOTTIE WHITE HEART.,1.0,2023-08-29 03:31:14,3.27,12877,3.27
539386,47566,PARTY BUNTING,3.0,2023-08-29 03:31:14,4.65,12877,13.95
539386,22411,JUMBO SHOPPER VINTAGE RED PAISLEY,4.0,2023-08-29 03:31:14,1.97,12877,7.88
539386,22745,POPPY'S PLAYHOUSE BEDROOM,2.0,2023-08-29 03:31:14,2.03,12877,4.06
539386,21931,JUMBO STORAGE BAG SUKI,1.0,2023-08-29 03:31:14,1.89,12877,1.89
539387,21931,JUMBO STORAGE BAG SUKI,4.0,2023-05-30 08:06:18,1.87,12834,7.48
539389,85123A,WHITE HANGING HEART T-LIGHT HOLDER,1.0,2023-08-19 22:28:33,2.54,12511,2.54
539389,84406B,CREAM CUPID HEARTS COAT HANGER,1.0,2023-08-19 22:28:33,2.67,12511,2.67
539389,21931,JUMBO STORAGE BAG SUKI,4.0,2023-08-19 22:28:33,1.97,12511,7.88
539390,85099F,JUMBO BAG STRAWBERRY,1.0,2023-11-15 04:29:48,1.88,12653,1.88
539390,84406B,CREAM CUPID HEARTS COAT HANGER,1.0,2023-11-15 04:29:48,2.7,12653,2.7
539390,22382,LUNCH BAG SPACEBOY DESIGN,1.0,2023-11-15 04:29:48,1.65,12653,1.65
539390,22384,LUNCH BAG PINK POLKADOT,4.0,2023-11-15 04:29:48,1.58,12653,6.32
539391,20727,LUNCH BAG BLACK SKULL.,4.0,2023-09-08 03:53:42,1.59,13117,6.36
539392,47566,PARTY BUNTING,1.0,2023-10-29 13:33:26,4.73,12787,4.73
539392,84969,BOX OF 6 ASSORTED COLOUR TEASPOONS,6.0,2023-10-29 13:33:26,4.09,12787,24.54
539392,22086,PAPER CHAIN KIT 50'S CHRISTMAS,1.0,2023-10-29 13:33:26,2.57,12787,2.57
539393,22633,HAND WARMER UNION JACK,1.0,2023-04-30 18:47:40,1.83,12588,1.83
539393,47566,PARTY BUNTING,4.0,2023-04-30 18:47:40,4.68,12588,18.72
539393,22384,LUNCH BAG PINK POLKADOT,2.0,2023-04-30 18:47:40,1.66,12588,3.32
539394,84879,ASSORTED COLOUR BIRD ORNAMENT,3.0,2023-08-11 16:10:20,1.63,12821,4.89
539394,22748,POPPY'S PLAYHOUSE KITCHEN,3.0,2023-08-11 16:10:20,2.13,12821,6.39
539394,22384,LUNCH BAG PINK POLKADOT,1.0,2023-08-11 16:10:20,1.69,12821,1.69
539394,22386,JUMBO BAG PINK POLKADOT,1.0,2023-08-11 16:10:20,1.97,12821,1.97
539394,84969,BOX OF 6 ASSORTED COLOUR TEASPOONS,2.0,2023-08-11 16:10:20,4.05,12821,8.1
539395,22632,HAND WARMER RED POLKA DOT,2.0,2023-05-05 08:36:58,1.76,12741,3.52
539395,20726,LUNCH BAG WOODLAND,3.0,2023-05-05 08:36:58,1.57,12741,4.71
539397,22411,JUMBO SHOPPER VINTAGE RED PAISLEY,1.0,2023-10-31 02:42:32,1.95,12486,1.95
539397,22745,POPPY'S PLAYHOUSE BEDROOM,1.0,2023-10-31 02:42:32,2.16,12486,2.16
539397,22386,JUMBO BAG PINK POLKADOT,4.0,2023-10-31 02:42:32,2.01,12486,8.04
539397,21931,JUMBO STORAGE BAG SUKI,2.0,2023-10-31 02:42:32,1.99,12486,3.98
539398,20726,LUNCH BAG WOODLAND,1.0,2023-02-25 20:25:10,1.73,13073,1.73
539398,84406B,CREAM CUPID HEARTS COAT HANGER,1.0,2023-02-25 20:25:10,2.72,13073,2.72
539398,84029G,KNITTED UNION FLAG HOT WATER BOTTLE,3.0,2023-02-25 20:25:10,3.46,13073,10.38
539399,22386,JUMBO BAG PINK POLKADOT,3.0,2023-05-11 18:34:38,2.03,13062,6.09
539399,85099B,JUMBO BAG RED RETROSPOT,1.0,2023-05-11 18:34:38,2.02,13062,2.02
539399,84879,ASSORTED COLOUR BIRD ORNAMENT,1.0,2023-05-11 18:34:38,1.61,13062,1.61
539400,84969,BOX OF 6 ASSORTED COLOUR TEASPOONS,3.0,2023-06-26 16:17:09,4.14,12480,12.42
539401,85123A,WHITE HANGING HEART T-LIGHT HOLDER,3.0,2023-09-11 19:57:38,2.47,12878,7.41
539401,22383,LUNCH BAG SUKI DESIGN,3.0,2023-09-11 19:57:38,1.63,12878,4.89
539401,22086,PAPER CHAIN KIT 50'S CHRISTMAS,2.0,2023-09-11 19:57:38,2.44,12878,4.88
539401,20726,LUNCH BAG WOODLAND,3.0,2023-09-11 19:57:38,1.59,12878,4.77
539401,22633,HAND WARMER UNION JACK,3.0,2023-09-11 19:57:38,1.79,12878,5.37
539403,84406B,CREAM CUPID HEARTS COAT HANGER,4.0,2023-08-04 22:29:18,2.64,12877,10.56
539404,22745,POPPY'S PLAYHOUSE BEDROOM,3.0,2023-09-05 02:00:58,2.03,12739,6.09
539404,85099B,JUMBO BAG RED RETROSPOT,3.0,2023-09-05 02:00:58,1.98,12739,5.94
539404,85099F,JUMBO BAG STRAWBERRY,6.0,2023-09-05 02:00:58,2.01,12739,12.06
539404,85123A,WHITE HANGING HEART T-LIGHT HOLDER,1.0,2023-09-05 02:00:58,2.54,12739,2.54
539404,22386,JUMBO BAG PINK POLKADOT,1.0,2023-09-05 02:00:58,1.92,12739,1.92
539405,22632,HAND WARMER RED POLKA DOT,2.0,2023-02-25 21:49:38,1.89,12741,3.78
539405,85123A,WHITE HANGING HEART T-LIGHT HOLDER,2.0,2023-02-25 21:49:38,2.43,12741,4.86
539405,22411,JUMBO SHOPPER VINTAGE RED PAISLEY,2.0,2023-02-25 21:49:38,1.89,12741,3.78
539406,20725,LUNCH BAG RED RETROSPOT,4.0,2023-09-16 19:55:35,1.59,12831,6.36
539406,21730,GLASS STAR FROSTED T-LIGHT HOLDER,2.0,2023-09-16 19:55:35,4.11,12831,8.22
539406,20726,LUNCH BAG WOODLAND,1.0,2023-09-16 19:55:35,1.63,12831,1.63
539407,22386,JUMBO BAG PINK POLKADOT,4.0,2023-05-09 07:09:33,1.89,12622,7.56
539407,21730,GLASS STAR FROSTED T-LIGHT HOLDER,1.0,2023-05-09 07:09:33,4.42,12622,4.42
539407,22383,LUNCH BAG SUKI DESIGN,2.0,2023-05-09 07:09:33,1.72,12622,3.44
539409,22745,POPPY'S PLAYHOUSE BEDROOM,1.0,2023-04-22 14:46:40,2.17,12878,2.17
539409,84029G,KNITTED UNION FLAG HOT WATER BOTTLE,3.0,2023-04-22 14:46:40,3.29,12878,9.87
539409,22632,HAND WARMER RED POLKA DOT,3.0,2023-04-22 14:46:40,1.81,12878,5.43
539410,22382,LUNCH BAG SPACEBOY DESIGN,4.0,2023-10-05 19:38:41,1.64,12878,6.56
539410,22386,JUMBO BAG PINK POLKADOT,3.0,2023-10-05 19:38:41,2.03,12878,6.09
539410,71053,WHITE METAL LANTERN,1.0,2023-10-05 19:38:41,3.54,12878,3.54
539410,84029E,RED WOOLLY HOTTIE WHITE HEART.,3.0,2023-10-05 19:38:41,3.34,12878,10.02
539410,85123A,WHITE HANGING HEART T-LIGHT HOLDER,3.0,2023-10-05 19:38:41,2.67,12878,8.01
539411,84029E,RED WOOLLY HOTTIE WHITE HEART.,1.0,2023-09-30 05:59:09,3.38,12415,3.38
539411,22386,JUMBO BAG PINK POLKADOT,1.0,2023-09-30 05:59:09,2.05,12415,2.05
539411,22086,PAPER CHAIN KIT 50'S CHRISTMAS,1.0,2023-09-30 05:59:09,2.45,12415,2.45
539412,84879,ASSORTED COLOUR BIRD ORNAMENT,2.0,2023-08-06 09:28:15,1.68,12697,3.36
539412,22748,POPPY'S PLAYHOUSE KITCHEN,2.0,2023-08-06 09:28:15,2.13,12697,4.26
539412,22411,JUMBO SHOPPER VINTAGE RED PAISLEY,2.0,2023-08-06 09:28:15,1.86,12697,3.72
539414,20725,LUNCH BAG RED RETROSPOT,1.0,2023-01-31 00:45:00,1.6,12486,1.6
539414,22411,JUMBO SHOPPER VINTAGE RED PAISLEY,2.0,2023-01-31 00:45:00,1.91,12486,3.82
539414,22382,LUNCH BAG SPACEBOY DESIGN,6.0,2023-01-31 00:45:00,1.65,12486,9.9
539414,85123A,WHITE HANGING HEART T-LIGHT HOLDER,6.0,2023-01-31 00:45:00,2.49,12486,14.94
539414,22086,PAPER CHAIN KIT 50'S CHRISTMAS,1.0,2023-01-31 00:45:00,2.48,12486,2.48
539415,47566,PARTY BUNTING,1.0,2023-08-30 01:49:18,4.71,12765,4.71
539415,22633,HAND WARMER UNION JACK,3.0,2023-08-30 01:49:18,1.78,12765,5.34
539415,71053,WHITE METAL LANTERN,2.0,2023-08-30 01:49:18,3.51,12765,7.02
539416,22411,JUMBO SHOPPER VINTAGE RED PAISLEY,4.0,2023-05-15 06:10:18,2.05,13021,8.2
539418,20728,LUNCH BAG CARS BLUE,4.0,2023-05-31 14:41:10,1.58,12692,6.32
539418,21730,GLASS STAR FROSTED T-LIGHT HOLDER,2.0,2023-05-31 14:41:10,4.42,12692,8.84
539419,20726,LUNCH BAG WOODLAND,1.0,2023-10-11 06:34:08,1.71,12877,1.71
539419,85099F,JUMBO BAG STRAWBERRY,4.0,2023-10-11 06:34:08,2.04,12877,8.16
539419,22383,LUNCH BAG SUKI DESIGN,6.0,2023-10-11 06:34:08,1.58,12877,9.48
539419,21931,JUMBO STORAGE BAG SUKI,6.0,2023-10-11 06:34:08,1.92,12877,11.52
539419,22310,IVORY KNITTED MUG COSY,3.0,2023-10-11 06:34:08,1.67,12877,5.01
539419,71053,WHITE METAL LANTERN,1.0,2023-10-11 06:34:08,3.25,12877,3.25
539420,22632,HAND WARMER RED POLKA DOT,1.0,2023-10-08 17:27:03,1.87,12878,1.87
539420,22748,POPPY'S PLAYHOUSE KITCHEN,1.0,2023-10-08 17:27:03,2.04,12878,2.04
539420,84969,BOX OF 6 ASSORTED COLOUR TEASPOONS,1.0,2023-10-08 17:27:03,4.41,12878,4.41
539420,22384,LUNCH BAG PINK POLKADOT,1.0,2023-10-08 17:27:03,1.62,12878,1.62
539420,47566,PARTY BUNTING,1.0,2023-10-08 17:27:03,4.83,12878,4.83
539420,21931,JUMBO STORAGE BAG SUKI,6.0,2023-10-08 17:27:03,1.95,12878,11.7
539421,22386,JUMBO BAG PINK POLKADOT,4.0,2023-02-13 07:50:33,2.04,13020,8.16
539421,85123A,WHITE HANGING HEART T-LIGHT HOLDER,1.0,2023-02-13 07:50:33,2.58,13020,2.58
539421,84969,BOX OF 6 ASSORTED COLOUR TEASPOONS,1.0,2023-02-13 07:50:33,4.4,13020,4.4
539421,22745,POPPY'S PLAYHOUSE BEDROOM,2.0,2023-02-13 07:50:33,2.1,13020,4.2
539422,20727,LUNCH BAG BLACK SKULL.,2.0,2023-07-23 03:23:52,1.71,12877,3.42
539422,85099F,JUMBO BAG STRAWBERRY,1.0,2023-07-23 03:23:52,1.94,12877,1.94
539422,84879,ASSORTED COLOUR BIRD ORNAMENT,1.0,2023-07-23 03:23:52,1.69,12877,1.69
539422,85099B,JUMBO BAG RED RETROSPOT,3.0,2023-07-23 03:23:52,2.01,12877,6.03
539423,20728,LUNCH BAG CARS BLUE,2.0,2023-07-05 13:59:33,1.6,13008,3.2
539423,84406B,CREAM CUPID HEARTS COAT HANGER,3.0,2023-07-05 13:59:33,2.76,13008,8.28
539423,84969,BOX OF 6 ASSORTED COLOUR TEASPOONS,4.0,2023-07-05 13:59:33,4.29,13008,17.16
539423,22386,JUMBO BAG PINK POLKADOT,1.0,2023-07-05 13:59:33,1.91,13008,1.91
539424,20725,LUNCH BAG RED RETROSPOT,6.0,2023-11-15 22:53:33,1.58,12940,9.48
539424,22632,HAND WARMER RED POLKA DOT,2.0,2023-11-15 22:53:33,1.77,12940,3.54
539424,22382,LUNCH BAG SPACEBOY DESIGN,1.0,2023-11-15 22:53:33,1.64,12940,1.64
539425,21931,JUMBO STORAGE BAG SUKI,3.0,2023-06-24 20:23:13,1.85,12877,5.55
539425,20728,LUNCH BAG CARS BLUE,2.0,2023-06-24 20:23:13,1.64,12877,3.28
539426,85099F,JUMBO BAG STRAWBERRY,4.0,2023-01-30 01:58:08,2.0,12396,8.0
539426,22086,PAPER CHAIN KIT 50'S CHRISTMAS,1.0,2023-01-30 01:58:08,2.56,12396,2.56
539426,22633,HAND WARMER UNION JACK,1.0,2023-01-30 01:58:08,1.86,12396,1.86
539426,20727,LUNCH BAG BLACK SKULL.,6.0,2023-01-30 01:58:08,1.6,12396,9.6
539426,22745,POPPY'S PLAYHOUSE BEDROOM,3.0,2023-01-30 01:58:08,2.12,12396,6.36
539428,20726,LUNCH BAG WOODLAND,4.0,2023-05-22 03:55:36,1.71,12509,6.84
539428,20727,LUNCH BAG BLACK SKULL.,1.0,2023-05-22 03:55:36,1.7,12509,1.7
539428,84879,ASSORTED COLOUR BIRD ORNAMENT,1.0,2023-05-22 03:55:36,1.77,12509,1.77
539428,84406B,CREAM CUPID HEARTS COAT HANGER,3.0,2023-05-22 03:55:36,2.71,12509,8.13
539428,85099F,JUMBO BAG STRAWBERRY,1.0,2023-05-22 03:55:36,2.02,12509,2.02
539429,47566,PARTY BUNTING,1.0,2023-06-26 02:29:01,4.48,12878,4.48
539429,22382,LUNCH BAG SPACEBOY DESIGN,2.0,2023-06-26 02:29:01,1.61,12878,3.22
539430,20726,LUNCH BAG WOODLAND,3.0,2023-06-18 10:04:13,1.67,13112,5.01
539431,47566,PARTY BUNTING,1.0,2023-06-29 14:05:13,4.43,12572,4.43
539432,22086,PAPER CHAIN KIT 50'S CHRISTMAS,4.0,2023-04-20 10:21:15,2.44,12581,9.76
539433,22384,LUNCH BAG PINK POLKADOT,1.0,2023-12-02 08:27:55,1.67,12767,1.67
539433,22383,LUNCH BAG SUKI DESIGN,1.0,2023-12-02 08:27:55,1.7,12767,1.7
539433,22382,LUNCH BAG SPACEBOY DESIGN,1.0,2023-12-02 08:27:55,1.71,12767,1.71
539433,22633,HAND WARMER UNION JACK,2.0,2023-12-02 08:27:55,1.82,12767,3.64
539435,84879,ASSORTED COLOUR BIRD ORNAMENT,2.0,2023-11-01 11:51:28,1.65,12969,3.3
539435,84029G,KNITTED UNION FLAG HOT WATER BOTTLE,1.0,2023-11-01 11:51:28,3.39,12969,3.39
539435,22383,LUNCH BAG SUKI DESIGN,3.0,2023-11-01 11:51:28,1.67,12969,5.01
539436,20725,LUNCH BAG RED RETROSPOT,2.0,2023-06-16 05:56:27,1.57,12783,3.14
539436,22749,POPPY'S PLAYHOUSE LIVINGROOM,2.0,2023-06-16 05:56:27,2.07,12783,4.14
539436,22633,HAND WARMER UNION JACK,2.0,2023-06-16 05:56:27,1.78,12783,3.56
539439,22411,JUMBO SHOPPER VINTAGE RED PAISLEY,6.0,2023-11-13 01:22:48,1.94,12881,11.64
539439,22310,IVORY KNITTED MUG COSY,1.0,2023-11-13 01:22:48,1.72,12881,1.72
539439,22386,JUMBO BAG PINK POLKADOT,1.0,2023-11-13 01:22:48,1.93,12881,1.93
539439,21730,GLASS STAR FROSTED T-LIGHT HOLDER,1.0,2023-11-13 01:22:48,4.4,12881,4.4
539440,22386,JUMBO BAG PINK POLKADOT,1.0,2023-09-27 05:59:55,1.96,13094,1.96
539440,84879,ASSORTED COLOUR BIRD ORNAMENT,1.0,2023-09-27 05:59:55,1.71,13094,1.71
539440,20725,LUNCH BAG RED RETROSPOT,6.0,2023-09-27 05:59:55,1.64,13094,9.84
539440,84029G,KNITTED UNION FLAG HOT WATER BOTTLE,2.0,2023-09-27 05:59:55,3.53,13094,7.06
539441,22086,PAPER CHAIN KIT 50'S CHRISTMAS,1.0,2023-06-25 01:01:09,2.5,12747,2.5
539441,84029E,RED WOOLLY HOTTIE WHITE HEART.,4.0,2023-06-25 01:01:09,3.35,12747,13.4
539441,47566,PARTY BUNTING,2.0,2023-06-25 01:01:09,4.71,12747,9.42
539441,22310,IVORY KNITTED MUG COSY,1.0,2023-06-25 01:01:09,1.6,12747,1.6
539443,84969,BOX OF 6 ASSORTED COLOUR TEASPOONS,1.0,2023-10-06 11:02:27,4.12,12724,4.12
539443,22748,POPPY'S PLAYHOUSE KITCHEN,6.0,2023-10-06 11:02:27,2.01,12724,12.06
539443,20726,LUNCH BAG WOODLAND,1.0,2023-10-06 11:02:27,1.71,12724,1.71
539443,85099F,JUMBO BAG STRAWBERRY,1.0,2023-10-06 11:02:27,1.93,12724,1.93
539443,20728,LUNCH BAG CARS BLUE,1.0,2023-10-06 11:02:27,1.63,12724,1.63
539444,20727,LUNCH BAG BLACK SKULL.,1.0,2023-09-23 10:46:24,1.57,12496,1.57
539444,20726,LUNCH BAG WOODLAND,2.0,2023-09-23 10:46:24,1.59,12496,3.18
539445,85123A,WHITE HANGING HEART T-LIGHT HOLDER,4.0,2023-03-08 20:10:33,2.65,12877,10.6
539445,47566,PARTY BUNTING,1.0,2023-03-08 20:10:33,4.72,12877,4.72
539445,22411,JUMBO SHOPPER VINTAGE RED PAISLEY,1.0,2023-03-08 20:10:33,1.86,12877,1.86
539445,84029G,KNITTED UNION FLAG HOT WATER BOTTLE,1.0,2023-03-08 20:10:33,3.44,12877,3.44
539445,84969,BOX OF 6 ASSORTED COLOUR TEASPOONS,2.0,2023-03-08 20:10:33,4.1,12877,8.2
539446,20726,LUNCH BAG WOODLAND,2.0,2023-08-03 09:30:11,1.63,13008,3.26
539447,71053,WHITE METAL LANTERN,4.0,2023-11-21 17:32:31,3.29,12791,13.16
539447,22632,HAND WARMER RED POLKA DOT,3.0,2023-11-21 17:32:31,1.92,12791,5.76
539447,22383,LUNCH BAG SUKI DESIGN,6.0,2023-11-21 17:32:31,1.65,12791,9.9
539447,84029E,RED WOOLLY HOTTIE WHITE HEART.,2.0,2023-11-21 17:32:31,3.54,12791,7.08
539447,21730,GLASS STAR FROSTED T-LIGHT HOLDER,2.0,2023-11-21 17:32:31,4.43,12791,8.86
539447,20726,LUNCH BAG WOODLAND,6.0,2023-11-21 17:32:31,1.58,12791,9.48
539448,85099B,JUMBO BAG RED RETROSPOT,3.0,2023-10-25 12:36:31,1.95,12436,5.85
539448,22632,HAND WARMER RED POLKA DOT,3.0,2023-10-25 12:36:31,1.89,12436,5.67
539449,84406B,CREAM CUPID HEARTS COAT HANGER,3.0,2023-09-09 04:57:15,2.85,12447,8.55
539449,22411,JUMBO SHOPPER VINTAGE RED PAISLEY,3.0,2023-09-09 04:57:15,1.89,12447,5.67
539449,84879,ASSORTED COLOUR BIRD ORNAMENT,1.0,2023-09-09 04:57:15,1.77,12447,1.77
539450,22086,PAPER CHAIN KIT 50'S CHRISTMAS,2.0,2023-04-20 11:25:58,2.54,12557,5.08
539450,85123A,WHITE HANGING HEART T-LIGHT HOLDER,6.0,2023-04-20 11:25:58,2.57,12557,15.42
539450,22749,POPPY'S PLAYHOUSE LIVINGROOM,3.0,2023-04-20 11:25:58,2.12,12557,6.36
539450,22382,LUNCH BAG SPACEBOY DESIGN,3.0,2023-04-20 11:25:58,1.65,12557,4.95
539451,22383,LUNCH BAG SUKI DESIGN,2.0,2023-09-30 02:02:33,1.68,12877,3.36
539454,84406B,CREAM CUPID HEARTS COAT HANGER,1.0,2023-11-18 05:47:21,2.81,12586,2.81
539454,22386,JUMBO BAG PINK POLKADOT,1.0,2023-11-18 05:47:21,1.95,12586,1.95
539455,22633,HAND WARMER UNION JACK,3.0,2023-05-22 04:46:55,1.92,12619,5.76
539455,85099B,JUMBO BAG RED RETROSPOT,2.0,2023-05-22 04:46:55,1.86,12619,3.72
539455,22086,PAPER CHAIN KIT 50'S CHRISTMAS,3.0,2023-05-22 04:46:55,2.67,12619,8.01
539455,20728,LUNCH BAG CARS BLUE,2.0,2023-05-22 04:46:55,1.59,12619,3.18
539456,85123A,WHITE HANGING HEART T-LIGHT HOLDER,3.0,2023-07-30 11:51:50,2.43,12397,7.29
539456,47566,PARTY BUNTING,2.0,2023-07-30 11:51:50,4.8,12397,9.6
539456,21931,JUMBO STORAGE BAG SUKI,6.0,2023-07-30 11:51:50,1.96,12397,11.76
539456,22384,LUNCH BAG PINK POLKADOT,3.0,2023-07-30 11:51:50,1.64,12397,4.92
539456,20727,LUNCH BAG BLACK SKULL.,1.0,2023-07-30 11:51:50,1.64,12397,1.64
539456,85099B,JUMBO BAG RED RETROSPOT,6.0,2023-07-30 11:51:50,2.04,12397,12.24
539457,22383,LUNCH BAG SUKI DESIGN,3.0,2023-10-11 07:22:23,1.72,12777,5.16
539457,20727,LUNCH BAG BLACK SKULL.,3.0,2023-10-11 07:22:23,1.63,12777,4.89
539457,84029E,RED WOOLLY HOTTIE WHITE HEART.,3.0,2023-10-11 07:22:23,3.5,12777,10.5
539457,22310,IVORY KNITTED MUG COSY,3.0,2023-10-11 07:22:23,1.73,12777,5.19
539457,22386,JUMBO BAG PINK POLKADOT,1.0,2023-10-11 07:22:23,1.92,12777,1.92
539457,21931,JUMBO STORAGE BAG SUKI,4.0,2023-10-11 07:22:23,2.0,12777,8.0
539458,22745,POPPY'S PLAYHOUSE BEDROOM,1.0,2023-11-16 05:05:51,2.0,12607,2.0
539459,84879,ASSORTED COLOUR BIRD ORNAMENT,4.0,2023-11-22 01:36:47,1.73,12450,6.92
539460,20726,LUNCH BAG WOODLAND,1.0,2023-10-25 17:27:12,1.65,12834,1.65
539460,22745,POPPY'S PLAYHOUSE BEDROOM,3.0,2023-10-25 17:27:12,2.02,12834,6.06
539460,84879,ASSORTED COLOUR BIRD ORNAMENT,1.0,2023-10-25 17:27:12,1.73,12834,1.73
539460,84969,BOX OF 6 ASSORTED COLOUR TEASPOONS,3.0,2023-10-25 17:27:12,4.27,12834,12.81
539460,22384,LUNCH BAG PINK POLKADOT,1.0,2023-10-25 17:27:12,1.72,12834,1.72
539461,22086,PAPER CHAIN KIT 50'S CHRISTMAS,1.0,2023-09-19 02:21:56,2.57,13097,2.57
539461,22310,IVORY KNITTED MUG COSY,1.0,2023-09-19 02:21:56,1.63,13097,1.63
539461,85099B,JUMBO BAG RED RETROSPOT,3.0,2023-09-19 02:21:56,1.91,13097,5.73
539461,84969,BOX OF 6 ASSORTED COLOUR TEASPOONS,4.0,2023-09-19 02:21:56,4.31,13097,17.24
539462,84879,ASSORTED COLOUR BIRD ORNAMENT,6.0,2023-12-08 01:19:00,1.77,12572,10.62
539462,22384,LUNCH BAG PINK POLKADOT,3.0,2023-12-08 01:19:00,1.66,12572,4.98
539462,84029G,KNITTED UNION FLAG HOT WATER BOTTLE,3.0,2023-12-08 01:19:00,3.4,12572,10.2
539462,20725,LUNCH BAG RED RETROSPOT,2.0,2023-12-08 01:19:00,1.62,12572,3.24
539462,85099B,JUMBO BAG RED RETROSPOT,1.0,2023-12-08 01:19:00,1.98,12572,1.98
539462,22411,JUMBO SHOPPER VINTAGE RED PAISLEY,6.0,2023-12-08 01:19:00,2.01,12572,12.06
539464,20725,LUNCH BAG RED RETROSPOT,6.0,2023-08-31 01:08:04,1.61,12754,9.66
539464,84879,ASSORTED COLOUR BIRD ORNAMENT,2.0,2023-08-31 01:08:04,1.62,12754,3.24
539464,85099B,JUMBO BAG RED RETROSPOT,1.0,2023-08-31 01:08:04,1.88,12754,1.88
539464,84029E,RED WOOLLY HOTTIE WHITE HEART.,6.0,2023-08-31 01:08:04,3.4,12754,20.4
539465,22383,LUNCH BAG SUKI DESIGN,3.0,2023-11-09 11:14:16,1.62,12565,4.86
539465,22632,HAND WARMER RED POLKA DOT,2.0,2023-11-09 11:14:16,1.8,12565,3.6
539465,85123A,WHITE HANGING HEART T-LIGHT HOLDER,1.0,2023-11-09 11:14:16,2.57,12565,2.57
539465,84969,BOX OF 6 ASSORTED COLOUR TEASPOONS,2.0,2023-11-09 11:14:16,4.13,12565,8.26
539465,47566,PARTY BUNTING,1.0,2023-11-09 11:14:16,4.71,12565,4.71
539465,85099F,JUMBO BAG STRAWBERRY,2.0,2023-11-09 11:14:16,1.97,12565,3.94
539467,22383,LUNCH BAG SUKI DESIGN,1.0,2023-10-29 20:05:14,1.69,12824,1.69
539467,84879,ASSORTED COLOUR BIRD ORNAMENT,1.0,2023-10-29 20:05:14,1.62,12824,1.62
539467,20725,LUNCH BAG RED RETROSPOT,3.0,2023-10-29 20:05:14,1.57,12824,4.71
539468,85099F,JUMBO BAG STRAWBERRY,6.0,2023-08-25 09:21:09,1.9,12588,11.4
539468,22748,POPPY'S PLAYHOUSE KITCHEN,3.0,2023-08-25 09:21:09,2.11,12588,6.33
539468,20726,LUNCH BAG WOODLAND,1.0,2023-08-25 09:21:09,1.63,12588,1.63
539469,22386,JUMBO BAG PINK POLKADOT,4.0,2023-07-29 03:37:52,2.01,12940,8.04
539469,84879,ASSORTED COLOUR BIRD ORNAMENT,3.0,2023-07-29 03:37:52,1.63,12940,4.89
539470,20727,LUNCH BAG BLACK SKULL.,1.0,2023-08-17 12:47:10,1.62,12953,1.62
539470,47566,PARTY BUNTING,6.0,2023-08-17 12:47:10,4.79,12953,28.74
539470,22411,JUMBO SHOPPER VINTAGE RED PAISLEY,1.0,2023-08-17 12:47:10,2.0,12953,2.0
539471,22633,HAND WARMER UNION JACK,2.0,2023-09-09 18:37:10,1.82,12854,3.64
539471,22632,HAND WARMER RED POLKA DOT,2.0,2023-09-09 18:37:10,1.87,12854,3.74
539471,84029E,RED WOOLLY HOTTIE WHITE HEART.,1.0,2023-09-09 18:37:10,3.4,12854,3.4
539471,85099B,JUMBO BAG RED RETROSPOT,1.0,2023-09-09 18:37:10,1.97,12854,1.97
539473,22382,LUNCH BAG SPACEBOY DESIGN,3.0,2023-08-28 07:48:51,1.6,12877,4.8
539473,84969,BOX OF 6 ASSORTED COLOUR TEASPOONS,2.0,2023-08-28 07:48:51,4.17,12877,8.34
539474,71053,WHITE METAL LANTERN,2.0,2023-03-07 12:20:08,3.29,12607,6.58
539475,22382,LUNCH BAG SPACEBOY DESIGN,1.0,2023-09-08 10:20:42,1.7,12790,1.7
539475,84879,ASSORTED COLOUR BIRD ORNAMENT,1.0,2023-09-08 10:20:42,1.65,12790,1.65
539475,22745,POPPY'S PLAYHOUSE BEDROOM,3.0,2023-09-08 10:20:42,2.2,12790,6.6
539475,20727,LUNCH BAG BLACK SKULL.,2.0,2023-09-08 10:20:42,1.67,12790,3.34
539475,84029G,KNITTED UNION FLAG HOT WATER BOTTLE,4.0,2023-09-08 10:20:42,3.48,12790,13.92
539477,22745,POPPY'S PLAYHOUSE BEDROOM,1.0,2023-11-17 08:35:02,2.12,12877,2.12
539477,21730,GLASS STAR FROSTED T-LIGHT HOLDER,3.0,2023-11-17 08:35:02,4.23,12877,12.69
539477,20725,LUNCH BAG RED RETROSPOT,1.0,2023-11-17 08:35:02,1.66,12877,1.66
539477,22384,LUNCH BAG PINK POLKADOT,2.0,2023-11-17 08:35:02,1.65,12877,3.3
539477,84969,BOX OF 6 ASSORTED COLOUR TEASPOONS,1.0,2023-11-17 08:35:02,4.44,12877,4.44
539478,84879,ASSORTED COLOUR BIRD ORNAMENT,1.0,2023-03-12 05:32:06,1.66,13063,1.66
539478,22086,PAPER CHAIN KIT 50'S CHRISTMAS,6.0,2023-03-12 05:32:06,2.54,13063,15.24
539478,84029E,RED WOOLLY HOTTIE WHITE HEART.,1.0,2023-03-12 05:32:06,3.33,13063,3.33
539478,21931,JUMBO STORAGE BAG SUKI,2.0,2023-03-12 05:32:06,2.05,13063,4.1
539478,20726,LUNCH BAG WOODLAND,1.0,2023-03-12 05:32:06,1.7,13063,1.7
539478,71053,WHITE METAL LANTERN,2.0,2023-03-12 05:32:06,3.54,13063,7.08
539479,85099B,JUMBO BAG RED RETROSPOT,1.0,2023-10-03 00:26:19,1.95,12461,1.95
539479,22748,POPPY'S PLAYHOUSE KITCHEN,3.0,2023-10-03 00:26:19,2.13,12461,6.39
539480,71053,WHITE METAL LANTERN,6.0,2023-10-18 13:59:54,3.23,12434,19.38
539480,22411,JUMBO SHOPPER VINTAGE RED PAISLEY,4.0,2023-10-18 13:59:54,1.97,12434,7.88
539480,20728,LUNCH BAG CARS BLUE,1.0,2023-10-18 13:59:54,1.73,12434,1.73
539481,21931,JUMBO STORAGE BAG SUKI,2.0,2023-05-29 18:31:05,1.86,12824,3.72
539481,85123A,WHITE HANGING HEART T-LIGHT HOLDER,1.0,2023-05-29 18:31:05,2.44,12824,2.44
539481,84029G,KNITTED UNION FLAG HOT WATER BOTTLE,4.0,2023-05-29 18:31:05,3.53,12824,14.12
539482,22386,JUMBO BAG PINK POLKADOT,1.0,2023-09-19 03:24:53,1.9,12385,1.9
539482,85099F,JUMBO BAG STRAWBERRY,1.0,2023-09-19 03:24:53,1.88,12385,1.88
539482,85123A,WHITE HANGING HEART T-LIGHT HOLDER,6.0,2023-09-19 03:24:53,2.47,12385,14.82
539482,47566,PARTY BUNTING,2.0,2023-09-19 03:24:53,4.65,12385,9.3
539483,84406B,CREAM CUPID HEARTS COAT HANGER,3.0,2023-08-10 01:45:37,2.84,12878,8.52
539483,22383,LUNCH BAG SUKI DESIGN,4.0,2023-08-10 01:45:37,1.6,12878,6.4
539483,22745,POPPY'S PLAYHOUSE BEDROOM,2.0,2023-08-10 01:45:37,2.09,12878,4.18
539484,20725,LUNCH BAG RED RETROSPOT,2.0,2023-05-29 16:49:23,1.64,12607,3.28
539486,85099F,JUMBO BAG STRAWBERRY,1.0,2023-11-03 00:41:03,1.92,12882,1.92
539487,20727,LUNCH BAG BLACK SKULL.,2.0,2023-06-12 11:58:15,1.67,12878,3.34
539487,22633,HAND WARMER UNION JACK,3.0,2023-06-12 11:58:15,1.82,12878,5.46
539487,84406B,CREAM CUPID HEARTS COAT HANGER,6.0,2023-06-12 11:58:15,2.64,12878,15.84
539488,84879,ASSORTED COLOUR BIRD ORNAMENT,3.0,2023-07-23 14:40:51,1.61,12878,4.83
539488,84029E,RED WOOLLY HOTTIE WHITE HEART.,1.0,2023-07-23 14:40:51,3.51,12878,3.51
539490,22386,JUMBO BAG PINK POLKADOT,2.0,2023-11-24 17:52:54,2.01,12736,4.02
539490,22382,LUNCH BAG SPACEBOY DESIGN,3.0,2023-11-24 17:52:54,1.66,12736,4.98
539492,85099F,JUMBO BAG STRAWBERRY,1.0,2023-06-15 18:27:14,1.95,12792,1.95
539492,85123A,WHITE HANGING HEART T-LIGHT HOLDER,2.0,2023-06-15 18:27:14,2.62,12792,5.24
539492,20728,LUNCH BAG CARS BLUE,2.0,2023-06-15 18:27:14,1.58,12792,3.16
539492,22633,HAND WARMER UNION JACK,4.0,2023-06-15 18:27:14,1.8,12792,7.2
539492,22383,LUNCH BAG SUKI DESIGN,2.0,2023-06-15 18:27:14,1.66,12792,3.32
539492,20727,LUNCH BAG BLACK SKULL.,1.0,2023-06-15 18:27:14,1.59,12792,1.59
539493,20728,LUNCH BAG CARS BLUE,1.0,2023-08-13 18:20:54,1.69,12927,1.69
539493,22382,LUNCH BAG SPACEBOY DESIGN,6.0,2023-08-13 18:20:54,1.59,12927,9.54
539493,22384,LUNCH BAG PINK POLKADOT,2.0,2023-08-13 18:20:54,1.7,12927,3.4
539493,84406B,CREAM CUPID HEARTS COAT HANGER,1.0,2023-08-13 18:20:54,2.75,12927,2.75
539493,22411,JUMBO SHOPPER VINTAGE RED PAISLEY,2.0,2023-08-13 18:20:54,1.96,12927,3.92
539493,84029E,RED WOOLLY HOTTIE WHITE HEART.,1.0,2023-08-13 18:20:54,3.51,12927,3.51
539494,21730,GLASS STAR FROSTED T-LIGHT HOLDER,2.0,2023-09-10 07:09:28,4.05,12878,8.1
539494,22632,HAND WARMER RED POLKA DOT,1.0,2023-09-10 07:09:28,1.91,12878,1.91
539495,22384,LUNCH BAG PINK POLKADOT,6.0,2023-11-23 23:15:48,1.59,12787,9.54
539495,22749,POPPY'S PLAYHOUSE LIVINGROOM,6.0,2023-11-23 23:15:48,2.18,12787,13.08
539495,21730,GLASS STAR FROSTED T-LIGHT HOLDER,1.0,2023-11-23 23:15:48,4.4,12787,4.4
539496,22632,HAND WARMER RED POLKA DOT,1.0,2023-09-10 21:09:20,1.87,12607,1.87
539496,22384,LUNCH BAG PINK POLKADOT,1.0,2023-09-10 21:09:20,1.65,12607,1.65
539496,84029E,RED WOOLLY HOTTIE WHITE HEART.,1.0,2023-09-10 21:09:20,3.34,12607,3.34
539496,85099B,JUMBO BAG RED RETROSPOT,3.0,2023-09-10 21:09:20,1.95,12607,5.85
539497,22386,JUMBO BAG PINK POLKADOT,3.0,2023-08-23 11:29:04,2.01,12877,6.03
539497,71053,WHITE METAL LANTERN,3.0,2023-08-23 11:29:04,3.28,12877,9.84
539497,22748,POPPY'S PLAYHOUSE KITCHEN,1.0,2023-08-23 11:29:04,2.01,12877,2.01
539497,20728,LUNCH BAG CARS BLUE,1.0,2023-08-23 11:29:04,1.64,12877,1.64
539497,84879,ASSORTED COLOUR BIRD ORNAMENT,1.0,2023-08-23 11:29:04,1.65,12877,1.65
539497,85099F,JUMBO BAG STRAWBERRY,6.0,2023-08-23 11:29:04,1.86,12877,11.16
539498,22745,POPPY'S PLAYHOUSE BEDROOM,4.0,2023-09-12 17:55:19,2.2,12877,8.8
539498,47566,PARTY BUNTING,1.0,2023-09-12 17:55:19,4.64,12877,4.64
539498,85123A,WHITE HANGING HEART T-LIGHT HOLDER,4.0,2023-09-12 17:55:19,2.6,12877,10.4
539498,22086,PAPER CHAIN KIT 50'S CHRISTMAS,1.0,2023-09-12 17:55:19,2.43,12877,2.43
539499,22749,POPPY'S PLAYHOUSE LIVINGROOM,3.0,2023-11-02 14:00:37,2.12,12965,6.36
539499,84029E,RED WOOLLY HOTTIE WHITE HEART.,2.0,2023-11-02 14:00:37,3.53,12965,7.06
539499,22384,LUNCH BAG PINK POLKADOT,3.0,2023-11-02 14:00:37,1.62,12965,4.86
539501,22411,JUMBO SHOPPER VINTAGE RED PAISLEY,4.0,2023-09-21 13:24:49,1.98,12821,7.92
539501,21931,JUMBO STORAGE BAG SUKI,2.0,2023-09-21 13:24:49,1.95,12821,3.9
539501,22386,JUMBO BAG PINK POLKADOT,1.0,2023-09-21 13:24:49,2.04,12821,2.04
539501,84406B,CREAM CUPID HEARTS COAT HANGER,1.0,2023-09-21 13:24:49,2.72,12821,2.72
539502,20726,LUNCH BAG WOODLAND,1.0,2023-07-22 18:29:35,1.66,12593,1.66
539503,84029E,RED WOOLLY HOTTIE WHITE HEART.,1.0,2023-01-27 09:04:19,3.25,12886,3.25
539504,84879,ASSORTED COLOUR BIRD ORNAMENT,1.0,2023-10-30 01:19:22,1.66,12877,1.66
539504,84029E,RED WOOLLY HOTTIE WHITE HEART.,2.0,2023-10-30 01:19:22,3.5,12877,7.0
539504,22384,LUNCH BAG PINK POLKADOT,2.0,2023-10-30 01:19:22,1.73,12877,3.46
539504,21730,GLASS STAR FROSTED T-LIGHT HOLDER,1.0,2023-10-30 01:19:22,4.4,12877,4.4
539505,85099F,JUMBO BAG STRAWBERRY,1.0,2023-05-18 19:50:27,1.97,12511,1.97
539505,84406B,CREAM CUPID HEARTS COAT HANGER,2.0,2023-05-18 19:50:27,2.85,12511,5.7
539506,21730,GLASS STAR FROSTED T-LIGHT HOLDER,2.0,2023-09-10 11:38:31,4.29,12868,8.58
539506,22632,HAND WARMER RED POLKA DOT,1.0,2023-09-10 11:38:31,1.79,12868,1.79
539506,85099B,JUMBO BAG RED RETROSPOT,4.0,2023-09-10 11:38:31,2.01,12868,8.04
539506,20726,LUNCH BAG WOODLAND,2.0,2023-09-10 11:38:31,1.58,12868,3.16
539506,22384,LUNCH BAG PINK POLKADOT,1.0,2023-09-10 11:38:31,1.69,12868,1.69
539507,20728,LUNCH BAG CARS BLUE,4.0,2023-01-23 23:21:09,1.68,13007,6.72
539507,21931,JUMBO STORAGE BAG SUKI,2.0,2023-01-23 23:21:09,1.87,13007,3.74
539507,22383,LUNCH BAG SUKI DESIGN,4.0,2023-01-23 23:21:09,1.61,13007,6.44
539508,85099B,JUMBO BAG RED RETROSPOT,1.0,2023-06-19 07:41:53,1.95,12595,1.95
539508,22382,LUNCH BAG SPACEBOY DESIGN,2.0,2023-06-19 07:41:53,1.71,12595,3.42
539508,20728,LUNCH BAG CARS BLUE,4.0,2023-06-19 07:41:53,1.68,12595,6.72
539508,22383,LUNCH BAG SUKI DESIGN,2.0,2023-06-19 07:41:53,1.7,12595,3.4
539508,20727,LUNCH BAG BLACK SKULL.,2.0,2023-06-19 07:41:53,1.71,12595,3.42
539508,22745,POPPY'S PLAYHOUSE BEDROOM,2.0,2023-06-19 07:41:53,2.01,12595,4.02
539512,20726,LUNCH BAG WOODLAND,1.0,2023-06-12 10:07:01,1.63,12877,1.63
539512,84029E,RED WOOLLY HOTTIE WHITE HEART.,6.0,2023-06-12 10:07:01,3.52,12877,21.12
539512,85099B,JUMBO BAG RED RETROSPOT,1.0,2023-06-12 10:07:01,1.97,12877,1.97
539512,22748,POPPY'S PLAYHOUSE KITCHEN,1.0,2023-06-12 10:07:01,2.11,12877,2.11
539513,22632,HAND WARMER RED POLKA DOT,2.0,2023-09-16 15:03:20,1.77,12877,3.54
539513,22310,IVORY KNITTED MUG COSY,1.0,2023-09-16 15:03:20,1.71,12877,1.71
539513,20725,LUNCH BAG RED RETROSPOT,6.0,2023-09-16 15:03:20,1.63,12877,9.78
539513,85099F,JUMBO BAG STRAWBERRY,1.0,2023-09-16 15:03:20,2.04,12877,2.04
539513,71053,WHITE METAL LANTERN,3.0,2023-09-16 15:03:20,3.51,12877,10.53
539513,20728,LUNCH BAG CARS BLUE,2.0,2023-09-16 15:03:20,1.66,12877,3.32
539514,21931,JUMBO STORAGE BAG SUKI,1.0,2023-08-08 04:03:43,2.02,12572,2.02
539514,20726,LUNCH BAG WOODLAND,4.0,2023-08-08 04:03:43,1.67,12572,6.68
539514,22632,HAND WARMER RED POLKA DOT,1.0,2023-08-08 04:03:43,1.8,12572,1.8
539515,84879,ASSORTED COLOUR BIRD ORNAMENT,3.0,2023-11-19 10:57:22,1.7,13077,5.1
539515,21931,JUMBO STORAGE BAG SUKI,4.0,2023-11-19 10:57:22,1.9,13077,7.6
539515,21730,GLASS STAR FROSTED T-LIGHT HOLDER,2.0,2023-11-19 10:57:22,4.07,13077,8.14
539515,84406B,CREAM CUPID HEARTS COAT HANGER,1.0,2023-11-19 10:57:22,2.71,13077,2.71
539516,84029E,RED WOOLLY HOTTIE WHITE HEART.,1.0,2023-04-01 19:46:40,3.46,12607,3.46
539516,85099F,JUMBO BAG STRAWBERRY,4.0,2023-04-01 19:46:40,1.93,12607,7.72
539516,20728,LUNCH BAG CARS BLUE,2.0,2023-04-01 19:46:40,1.67,12607,3.34
539516,20727,LUNCH BAG BLACK SKULL.,3.0,2023-04-01 19:46:40,1.61,12607,4.83
539518,84029G,KNITTED UNION FLAG HOT WATER BOTTLE,1.0,2023-02-19 18:57:53,3.28,12877,3.28
539518,22382,LUNCH BAG SPACEBOY DESIGN,2.0,2023-02-19 18:57:53,1.59,12877,3.18
539520,20728,LUNCH BAG CARS BLUE,1.0,2023-08-13 08:22:42,1.67,12878,1.67
539520,22745,POPPY'S PLAYHOUSE BEDROOM,1.0,2023-08-13 08:22:42,2.01,12878,2.01
539520,20726,LUNCH BAG WOODLAND,1.0,2023-08-13 08:22:42,1.64,12878,1.64
539520,21730,GLASS STAR FROSTED T-LIGHT HOLDER,3.0,2023-08-13 08:22:42,4.43,12878,13.29
539520,84969,BOX OF 6 ASSORTED COLOUR TEASPOONS,1.0,2023-08-13 08:22:42,4.34,12878,4.34
539520,22411,JUMBO SHOPPER VINTAGE RED PAISLEY,4.0,2023-08-13 08:22:42,1.87,12878,7.48
539521,85099F,JUMBO BAG STRAWBERRY,3.0,2023-10-07 06:09:49,1.91,12601,5.73
539522,22382,LUNCH BAG SPACEBOY DESIGN,6.0,2023-03-22 11:14:40,1.61,12864,9.66
539522,84969,BOX OF 6 ASSORTED COLOUR TEASPOONS,1.0,2023-03-22 11:14:40,4.11,12864,4.11
539523,22384,LUNCH BAG PINK POLKADOT,1.0,2023-11-22 13:19:20,1.64,12792,1.64
539523,22086,PAPER CHAIN KIT 50'S CHRISTMAS,2.0,2023-11-22 13:19:20,2.56,12792,5.12
539523,22411,JUMBO SHOPPER VINTAGE RED PAISLEY,2.0,2023-11-22 13:19:20,1.92,12792,3.84
539523,20726,LUNCH BAG WOODLAND,3.0,2023-11-22 13:19:20,1.65,12792,4.95
539524,22632,HAND WARMER RED POLKA DOT,2.0,2023-11-02 08:58:59,1.83,12654,3.66
539524,85099B,JUMBO BAG RED RETROSPOT,2.0,2023-11-02 08:58:59,1.99,12654,3.98
539526,22386,JUMBO BAG PINK POLKADOT,1.0,2023-06-26 23:39:21,1.97,12588,1.97
539526,22633,HAND WARMER UNION JACK,1.0,2023-06-26 23:39:21,1.76,12588,1.76
539526,22382,LUNCH BAG SPACEBOY DESIGN,6.0,2023-06-26 23:39:21,1.67,12588,10.02
539526,22411,JUMBO SHOPPER VINTAGE RED PAISLEY,3.0,2023-06-26 23:39:21,2.02,12588,6.06
539528,20727,LUNCH BAG BLACK SKULL.,2.0,2023-11-26 10:52:43,1.61,13104,3.22
539528,22384,LUNCH BAG PINK POLKADOT,2.0,2023-11-26 10:52:43,1.66,13104,3.32
539528,22411,JUMBO SHOPPER VINTAGE RED PAISLEY,1.0,2023-11-26 10:52:43,1.94,13104,1.94
539529,85123A,WHITE HANGING HEART T-LIGHT HOLDER,2.0,2023-04-30 12:56:16,2.57,12451,5.14
539529,22748,POPPY'S PLAYHOUSE KITCHEN,6.0,2023-04-30 12:56:16,2.02,12451,12.12
539529,22382,LUNCH BAG SPACEBOY DESIGN,4.0,2023-04-30 12:56:16,1.57,12451,6.28
539530,71053,WHITE METAL LANTERN,1.0,2023-08-08 20:42:37,3.32,13021,3.32
539530,22632,HAND WARMER RED POLKA DOT,2.0,2023-08-08 20:42:37,1.85,13021,3.7
539530,84969,BOX OF 6 ASSORTED COLOUR TEASPOONS,3.0,2023-08-08 20:42:37,4.05,13021,12.15
539531,71053,WHITE METAL LANTERN,4.0,2023-06-18 05:53:48,3.48,12799,13.92
539531,22632,HAND WARMER RED POLKA DOT,1.0,2023-06-18 05:53:48,1.77,12799,1.77
539531,84029E,RED WOOLLY HOTTIE WHITE HEART.,3.0,2023-06-18 05:53:48,3.56,12799,10.68
539533,21730,GLASS STAR FROSTED T-LIGHT HOLDER,2.0,2023-05-07 07:45:36,4.27,12877,8.54
539533,84406B,CREAM CUPID HEARTS COAT HANGER,3.0,2023-05-07 07:45:36,2.64,12877,7.92
539533,22383,LUNCH BAG SUKI DESIGN,3.0,2023-05-07 07:45:36,1.69,12877,5.07
539533,85099F,JUMBO BAG STRAWBERRY,6.0,2023-05-07 07:45:36,1.91,12877,11.46
539534,84406B,CREAM CUPID HEARTS COAT HANGER,1.0,2023-09-11 14:20:14,2.66,12815,2.66
539534,85099F,JUMBO BAG STRAWBERRY,1.0,2023-09-11 14:20:14,1.91,12815,1.91
539534,84029G,KNITTED UNION FLAG HOT WATER BOTTLE,4.0,2023-09-11 14:20:14,3.35,12815,13.4
539534,84969,BOX OF 6 ASSORTED COLOUR TEASPOONS,3.0,2023-09-11 14:20:14,4.06,12815,12.18
539535,22748,POPPY'S PLAYHOUSE KITCHEN,4.0,2023-04-08 03:42:31,2.17,12875,8.68
539538,84406B,CREAM CUPID HEARTS COAT HANGER,3.0,2023-05-12 11:10:38,2.82,13097,8.46
539538,20728,LUNCH BAG CARS BLUE,1.0,2023-05-12 11:10:38,1.73,13097,1.73
539540,22383,LUNCH BAG SUKI DESIGN,1.0,2023-06-13 19:02:18,1.57,13101,1.57
539540,22745,POPPY'S PLAYHOUSE BEDROOM,1.0,2023-06-13 19:02:18,2.13,13101,2.13
539541,22382,LUNCH BAG SPACEBOY DESIGN,4.0,2023-10-24 22:46:03,1.7,12877,6.8
539542,85123A,WHITE HANGING HEART T-LIGHT HOLDER,6.0,2023-11-27 09:54:01,2.55,12845,15.3
539542,71053,WHITE METAL LANTERN,3.0,2023-11-27 09:54:01,3.37,12845,10.11
539542,22383,LUNCH BAG SUKI DESIGN,2.0,2023-11-27 09:54:01,1.66,12845,3.32
539543,22383,LUNCH BAG SUKI DESIGN,2.0,2023-04-10 03:00:34,1.61,12877,3.22
539543,84406B,CREAM CUPID HEARTS COAT HANGER,2.0,2023-04-10 03:00:34,2.74,12877,5.48
539543,22382,LUNCH BAG SPACEBOY DESIGN,2.0,2023-04-10 03:00:34,1.66,12877,3.32
539543,22633,HAND WARMER UNION JACK,1.0,2023-04-10 03:00:34,1.93,12877,1.93
539544,84029G,KNITTED UNION FLAG HOT WATER BOTTLE,1.0,2023-07-21 04:48:14,3.39,12736,3.39
539545,21931,JUMBO STORAGE BAG SUKI,1.0,2023-09-03 11:20:19,2.02,12450,2.02
539547,85099F,JUMBO BAG STRAWBERRY,2.0,2023-10-28 17:37:57,1.95,12458,3.9
539547,84879,ASSORTED COLOUR BIRD ORNAMENT,2.0,2023-10-28 17:37:57,1.69,12458,3.38
539547,22748,POPPY'S PLAYHOUSE KITCHEN,4.0,2023-10-28 17:37:57,2.15,12458,8.6
539548,21730,GLASS STAR FROSTED T-LIGHT HOLDER,1.0,2023-08-14 13:50:57,4.27,12878,4.27
539548,21931,JUMBO STORAGE BAG SUKI,1.0,2023-08-14 13:50:57,1.97,12878,1.97
539548,22749,POPPY'S PLAYHOUSE LIVINGROOM,2.0,2023-08-14 13:50:57,2.1,12878,4.2
539549,84969,BOX OF 6 ASSORTED COLOUR TEASPOONS,2.0,2023-11-11 00:49:37,4.12,12607,8.24
539549,84029E,RED WOOLLY HOTTIE WHITE HEART.,2.0,2023-11-11 00:49:37,3.54,12607,7.08
539549,22749,POPPY'S PLAYHOUSE LIVINGROOM,1.0,2023-11-11 00:49:37,2.16,12607,2.16
539550,22382,LUNCH BAG SPACEBOY DESIGN,2.0,2023-10-06 19:42:35,1.63,12619,3.26
539550,22383,LUNCH BAG SUKI DESIGN,1.0,2023-10-06 19:42:35,1.67,12619,1.67
539550,85099B,JUMBO BAG RED RETROSPOT,2.0,2023-10-06 19:42:35,1.96,12619,3.92
539551,71053,WHITE METAL LANTERN,4.0,2023-04-16 10:29:17,3.25,12877,13.0
539551,22384,LUNCH BAG PINK POLKADOT,1.0,2023-04-16 10:29:17,1.59,12877,1.59
539551,84406B,CREAM CUPID HEARTS COAT HANGER,2.0,2023-04-16 10:29:17,2.89,12877,5.78
539551,22632,HAND WARMER RED POLKA DOT,1.0,2023-04-16 10:29:17,1.83,12877,1.83
539551,84879,ASSORTED COLOUR BIRD ORNAMENT,3.0,2023-04-16 10:29:17,1.76,12877,5.28
539552,47566,PARTY BUNTING,1.0,2023-10-21 13:36:22,4.44,12461,4.44
539552,84406B,CREAM CUPID HEARTS COAT HANGER,4.0,2023-10-21 13:36:22,2.8,12461,11.2
539552,85099B,JUMBO BAG RED RETROSPOT,2.0,2023-10-21 13:36:22,1.9,12461,3.8
539553,22749,POPPY'S PLAYHOUSE LIVINGROOM,2.0,2023-10-02 01:45:43,2.14,12545,4.28
539554,22745,POPPY'S PLAYHOUSE BEDROOM,1.0,2023-06-09 18:29:00,2.15,13062,2.15
539554,84969,BOX OF 6 ASSORTED COLOUR TEASPOONS,3.0,2023-06-09 18:29:00,4.41,13062,13.23
539554,85099B,JUMBO BAG RED RETROSPOT,3.0,2023-06-09 18:29:00,1.97,13062,5.91
539554,21931,JUMBO STORAGE BAG SUKI,1.0,2023-06-09 18:29:00,1.86,13062,1.86
539556,22749,POPPY'S PLAYHOUSE LIVINGROOM,3.0,2023-02-01 14:43:56,2.02,12549,6.06
539556,20728,LUNCH BAG CARS BLUE,4.0,2023-02-01 14:43:56,1.57,12549,6.28
539556,22383,LUNCH BAG SUKI DESIGN,1.0,2023-02-01 14:43:56,1.58,12549,1.58
539556,84029G,KNITTED UNION FLAG HOT WATER BOTTLE,4.0,2023-02-01 14:43:56,3.46,12549,13.84
539556,22382,LUNCH BAG SPACEBOY DESIGN,2.0,2023-02-01 14:43:56,1.57,12549,3.14
539557,22086,PAPER CHAIN KIT 50'S CHRISTMAS,1.0,2023-05-06 22:50:36,2.59,13132,2.59
539557,85099F,JUMBO BAG STRAWBERRY,3.0,2023-05-06 22:50:36,1.87,13132,5.61
539560,22386,JUMBO BAG PINK POLKADOT,3.0,2023-09-01 12:50:35,1.86,12415,5.58
539561,22632,HAND WARMER RED POLKA DOT,1.0,2023-08-12 15:46:10,1.82,12877,1.82
539561,84029E,RED WOOLLY HOTTIE WHITE HEART.,3.0,2023-08-12 15:46:10,3.36,12877,10.08
539561,84406B,CREAM CUPID HEARTS COAT HANGER,1.0,2023-08-12 15:46:10,2.88,12877,2.88
539562,22632,HAND WARMER RED POLKA DOT,1.0,2023-10-26 06:09:34,1.91,12864,1.91
539564,22384,LUNCH BAG PINK POLKADOT,1.0,2023-01-23 08:01:22,1.72,12787,1.72
539564,84969,BOX OF 6 ASSORTED COLOUR TEASPOONS,1.0,2023-01-23 08:01:22,4.43,12787,4.43
539564,20725,LUNCH BAG RED RETROSPOT,2.0,2023-01-23 08:01:22,1.58,12787,3.16
539566,85099B,JUMBO BAG RED RETROSPOT,1.0,2023-09-10 12:31:22,2.03,12485,2.03
539566,22745,POPPY'S PLAYHOUSE BEDROOM,3.0,2023-09-10 12:31:22,2.02,12485,6.06
539566,22411,JUMBO SHOPPER VINTAGE RED PAISLEY,1.0,2023-09-10 12:31:22,2.04,12485,2.04
539566,21730,GLASS STAR FROSTED T-LIGHT HOLDER,2.0,2023-09-10 12:31:22,4.06,12485,8.12
539567,71053,WHITE METAL LANTERN,4.0,2023-07-12 21:34:19,3.48,12900,13.92
539567,84029E,RED WOOLLY HOTTIE WHITE HEART.,6.0,2023-07-12 21:34:19,3.29,12900,19.74
539569,84029G,KNITTED UNION FLAG HOT WATER BOTTLE,4.0,2023-09-11 03:51:33,3.45,12826,13.8
539569,47566,PARTY BUNTING,4.0,2023-09-11 03:51:33,4.53,12826,18.12
539569,20728,LUNCH BAG CARS BLUE,4.0,2023-09-11 03:51:33,1.68,12826,6.72
539569,22386,JUMBO BAG PINK POLKADOT,2.0,2023-09-11 03:51:33,1.94,12826,3.88
539570,22382,LUNCH BAG SPACEBOY DESIGN,1.0,2023-04-02 07:37:36,1.64,12853,1.64
539570,20727,LUNCH BAG BLACK SKULL.,1.0,2023-04-02 07:37:36,1.64,12853,1.64
539570,84029E,RED WOOLLY HOTTIE WHITE HEART.,1.0,2023-04-02 07:37:36,3.42,12853,3.42
539571,22749,POPPY'S PLAYHOUSE LIVINGROOM,6.0,2023-09-25 10:42:10,2.14,12440,12.84
539571,22411,JUMBO SHOPPER VINTAGE RED PAISLEY,1.0,2023-09-25 10:42:10,1.89,12440,1.89
539571,22633,HAND WARMER UNION JACK,4.0,2023-09-25 10:42:10,1.93,12440,7.72
539571,22086,PAPER CHAIN KIT 50'S CHRISTMAS,1.0,2023-09-25 10:42:10,2.65,12440,2.65
539571,84969,BOX OF 6 ASSORTED COLOUR TEASPOONS,3.0,2023-09-25 10:42:10,4.08,12440,12.24
539572,22382,LUNCH BAG SPACEBOY DESIGN,1.0,2023-04-07 05:31:24,1.67,13145,1.67
539574,47566,PARTY BUNTING,2.0,2023-04-16 02:30:02,4.72,12485,9.44
539574,20725,LUNCH BAG RED RETROSPOT,3.0,2023-04-16 02:30:02,1.61,12485,4.83
539575,85123A,WHITE HANGING HEART T-LIGHT HOLDER,3.0,2023-10-10 04:10:13,2.58,12473,7.74
539576,85123A,WHITE HANGING HEART T-LIGHT HOLDER,1.0,2023-04-22 20:04:28,2.66,12877,2.66
539576,85099B,JUMBO BAG RED RETROSPOT,4.0,2023-04-22 20:04:28,1.97,12877,7.88
539576,84969,BOX OF 6 ASSORTED COLOUR TEASPOONS,4.0,2023-04-22 20:04:28,4.35,12877,17.4
539577,84029G,KNITTED UNION FLAG HOT WATER BOTTLE,4.0,2023-11-01 04:10:14,3.28,12877,13.12
539577,22310,IVORY KNITTED MUG COSY,3.0,2023-11-01 04:10:14,1.61,12877,4.83
539577,20727,LUNCH BAG BLACK SKULL.,1.0,2023-11-01 04:10:14,1.72,12877,1.72
539577,84879,ASSORTED COLOUR BIRD ORNAMENT,3.0,2023-11-01 04:10:14,1.61,12877,4.83
539577,21730,GLASS STAR FROSTED T-LIGHT HOLDER,1.0,2023-11-01 04:10:14,4.05,12877,4.05
539577,47566,PARTY BUNTING,1.0,2023-11-01 04:10:14,4.88,12877,4.88
539578,71053,WHITE METAL LANTERN,2.0,2023-06-23 21:16:47,3.48,12467,6.96
539578,84406B,CREAM CUPID HEARTS COAT HANGER,2.0,2023-06-23 21:16:47,2.87,12467,5.74
539579,22632,HAND WARMER RED POLKA DOT,6.0,2023-05-03 05:55:37,1.82,12821,10.92
539580,47566,PARTY BUNTING,2.0,2023-07-26 17:40:26,4.81,12602,9.62
539581,84029E,RED WOOLLY HOTTIE WHITE HEART.,2.0,2023-07-04 17:29:31,3.33,12626,6.66
539582,20727,LUNCH BAG BLACK SKULL.,2.0,2023-07-30 09:42:13,1.62,12652,3.24
539583,84029G,KNITTED UNION FLAG HOT WATER BOTTLE,1.0,2023-04-01 10:29:43,3.46,13051,3.46
539583,20727,LUNCH BAG BLACK SKULL.,1.0,2023-04-01 10:29:43,1.63,13051,1.63
539583,22384,LUNCH BAG PINK POLKADOT,1.0,2023-04-01 10:29:43,1.61,13051,1.61
539583,71053,WHITE METAL LANTERN,3.0,2023-04-01 10:29:43,3.38,13051,10.14
539584,47566,PARTY BUNTING,6.0,2023-05-21 13:29:23,4.42,12772,26.52
539584,85123A,WHITE HANGING HEART T-LIGHT HOLDER,1.0,2023-05-21 13:29:23,2.44,12772,2.44
539584,22386,JUMBO BAG PINK POLKADOT,3.0,2023-05-21 13:29:23,2.02,12772,6.06
539586,47566,PARTY BUNTING,2.0,2023-05-17 05:40:54,4.79,13055,9.58
539586,22633,HAND WARMER UNION JACK,2.0,2023-05-17 05:40:54,1.82,13055,3.64
539586,22382,LUNCH BAG SPACEBOY DESIGN,3.0,2023-05-17 05:40:54,1.72,13055,5.16
539586,20726,LUNCH BAG WOODLAND,1.0,2023-05-17 05:40:54,1.73,13055,1.73
539587,21931,JUMBO STORAGE BAG SUKI,6.0,2023-10-14 10:24:26,1.91,13024,11.46
539587,22383,LUNCH BAG SUKI DESIGN,1.0,2023-10-14 10:24:26,1.73,13024,1.73
539587,20725,LUNCH BAG RED RETROSPOT,1.0,2023-10-14 10:24:26,1.62,13024,1.62
539588,22383,LUNCH BAG SUKI DESIGN,6.0,2023-08-14 16:29:20,1.58,12877,9.48
539588,22632,HAND WARMER RED POLKA DOT,3.0,2023-08-14 16:29:20,1.77,12877,5.31
539588,20728,LUNCH BAG CARS BLUE,2.0,2023-08-14 16:29:20,1.66,12877,3.32
539588,22382,LUNCH BAG SPACEBOY DESIGN,1.0,2023-08-14 16:29:20,1.62,12877,1.62
539590,22384,LUNCH BAG PINK POLKADOT,1.0,2023-07-20 19:03:52,1.64,13120,1.64
539590,22633,HAND WARMER UNION JACK,2.0,2023-07-20 19:03:52,1.78,13120,3.56
539590,20728,LUNCH BAG CARS BLUE,6.0,2023-07-20 19:03:52,1.61,13120,9.66
539590,20727,LUNCH BAG BLACK SKULL.,1.0,2023-07-20 19:03:52,1.68,13120,1.68
539591,85099B,JUMBO BAG RED RETROSPOT,3.0,2023-08-10 23:44:43,1.94,12886,5.82
539593,22749,POPPY'S PLAYHOUSE LIVINGROOM,1.0,2023-06-29 16:24:40,2.11,12877,2.11
539593,84879,ASSORTED COLOUR BIRD ORNAMENT,3.0,2023-06-29 16:24:40,1.62,12877,4.86
539593,20726,LUNCH BAG WOODLAND,2.0,2023-06-29 16:24:40,1.65,12877,3.3
539593,85099B,JUMBO BAG RED RETROSPOT,1.0,2023-06-29 16:24:40,1.97,12877,1.97
539593,22383,LUNCH BAG SUKI DESIGN,2.0,2023-06-29 16:24:40,1.57,12877,3.14
539593,84406B,CREAM CUPID HEARTS COAT HANGER,6.0,2023-06-29 16:24:40,2.66,12877,15.96
539594,22632,HAND WARMER RED POLKA DOT,2.0,2023-09-20 16:24:34,1.77,12821,3.54
539594,22086,PAPER CHAIN KIT 50'S CHRISTMAS,1.0,2023-09-20 16:24:34,2.5,12821,2.5
539594,84879,ASSORTED COLOUR BIRD ORNAMENT,1.0,2023-09-20 16:24:34,1.68,12821,1.68
539595,22384,LUNCH BAG PINK POLKADOT,1.0,2023-08-09 09:06:18,1.71,12881,1.71
539595,21931,JUMBO STORAGE BAG SUKI,3.0,2023-08-09 09:06:18,1.91,12881,5.73
539595,85099F,JUMBO BAG STRAWBERRY,4.0,2023-08-09 09:06:18,1.91,12881,7.64
539596,20728,LUNCH BAG CARS BLUE,1.0,2023-10-29 09:43:31,1.73,12845,1.73
539596,20727,LUNCH BAG BLACK SKULL.,2.0,2023-10-29 09:43:31,1.65,12845,3.3
539596,85099B,JUMBO BAG RED RETROSPOT,4.0,2023-10-29 09:43:31,1.92,12845,7.68
539596,20725,LUNCH BAG RED RETROSPOT,1.0,2023-10-29 09:43:31,1.62,12845,1.62
539598,22632,HAND WARMER RED POLKA DOT,1.0,2023-09-01 08:31:32,1.89,12362,1.89
539598,84406B,CREAM CUPID HEARTS COAT HANGER,1.0,2023-09-01 08:31:32,2.88,12362,2.88
539598,84029E,RED WOOLLY HOTTIE WHITE HEART.,2.0,2023-09-01 08:31:32,3.29,12362,6.58
539598,85099F,JUMBO BAG STRAWBERRY,4.0,2023-09-01 08:31:32,1.92,12362,7.68
539598,22749,POPPY'S PLAYHOUSE LIVINGROOM,2.0,2023-09-01 08:31:32,2.11,12362,4.22
539599,20727,LUNCH BAG BLACK SKULL.,1.0,2023-04-26 01:30:15,1.63,12912,1.63
539599,22411,JUMBO SHOPPER VINTAGE RED PAISLEY,1.0,2023-04-26 01:30:15,1.93,12912,1.93
539599,20726,LUNCH BAG WOODLAND,2.0,2023-04-26 01:30:15,1.65,12912,3.3
539599,84029E,RED WOOLLY HOTTIE WHITE HEART.,6.0,2023-04-26 01:30:15,3.51,12912,21.06
539600,71053,WHITE METAL LANTERN,3.0,2023-07-26 13:59:03,3.35,13097,10.05
539600,22411,JUMBO SHOPPER VINTAGE RED PAISLEY,1.0,2023-07-26 13:59:03,1.99,13097,1.99
539600,22748,POPPY'S PLAYHOUSE KITCHEN,6.0,2023-07-26 13:59:03,2.09,13097,12.54
539600,22749,POPPY'S PLAYHOUSE LIVINGROOM,2.0,2023-07-26 13:59:03,2.16,13097,4.32
539600,20727,LUNCH BAG BLACK SKULL.,4.0,2023-07-26 13:59:03,1.63,13097,6.52
539601,22384,LUNCH BAG PINK POLKADOT,2.0,2023-04-12 03:54:44,1.73,12426,3.46
539602,71053,WHITE METAL LANTERN,2.0,2023-08-14 15:24:10,3.22,12877,6.44
539602,22086,PAPER CHAIN KIT 50'S CHRISTMAS,1.0,2023-08-14 15:24:10,2.57,12877,2.57
539602,22310,IVORY KNITTED MUG COSY,2.0,2023-08-14 15:24:10,1.72,12877,3.44
539602,22383,LUNCH BAG SUKI DESIGN,1.0,2023-08-14 15:24:10,1.66,12877,1.66
539603,22748,POPPY'S PLAYHOUSE KITCHEN,1.0,2023-04-04 22:39:30,2.11,12415,2.11
539604,84969,BOX OF 6 ASSORTED COLOUR TEASPOONS,4.0,2023-11-26 22:31:38,4.15,13094,16.6
539604,85099B,JUMBO BAG RED RETROSPOT,2.0,2023-11-26 22:31:38,1.99,13094,3.98
539605,22632,HAND WARMER RED POLKA DOT,1.0,2023-09-21 07:24:45,1.87,12502,1.87
539605,85099B,JUMBO BAG RED RETROSPOT,1.0,2023-09-21 07:24:45,1.96,12502,1.96
539605,21931,JUMBO STORAGE BAG SUKI,3.0,2023-09-21 07:24:45,2.01,12502,6.03
539606,84406B,CREAM CUPID HEARTS COAT HANGER,2.0,2023-06-18 20:58:42,2.8,12877,5.6
539606,22310,IVORY KNITTED MUG COSY,1.0,2023-06-18 20:58:42,1.71,12877,1.71
539607,22633,HAND WARMER UNION JACK,2.0,2023-07-25 19:38:33,1.79,12773,3.58
539607,22748,POPPY'S PLAYHOUSE KITCHEN,2.0,2023-07-25 19:38:33,2.09,12773,4.18
539607,85099F,JUMBO BAG STRAWBERRY,2.0,2023-07-25 19:38:33,2.04,12773,4.08
539608,71053,WHITE METAL LANTERN,1.0,2023-09-25 19:13:20,3.31,12713,3.31
539608,47566,PARTY BUNTING,1.0,2023-09-25 19:13:20,4.64,12713,4.64
539608,84969,BOX OF 6 ASSORTED COLOUR TEASPOONS,4.0,2023-09-25 19:13:20,4.08,12713,16.32
539609,22748,POPPY'S PLAYHOUSE KITCHEN,3.0,2023-09-01 11:56:03,2.19,12877,6.57
539609,22382,LUNCH BAG SPACEBOY DESIGN,3.0,2023-09-01 11:56:03,1.68,12877,5.04
539609,22386,JUMBO BAG PINK POLKADOT,2.0,2023-09-01 11:56:03,2.01,12877,4.02
539609,22633,HAND WARMER UNION JACK,1.0,2023-09-01 11:56:03,1.85,12877,1.85
539609,22745,POPPY'S PLAYHOUSE BEDROOM,1.0,2023-09-01 11:56:03,2.17,12877,2.17
539609,22384,LUNCH BAG PINK POLKADOT,6.0,2023-09-01 11:56:03,1.7,12877,10.2
539610,20726,LUNCH BAG WOODLAND,1.0,2023-08-11 08:20:30,1.57,12611,1.57
539610,22382,LUNCH BAG SPACEBOY DESIGN,1.0,2023-08-11 08:20:30,1.6,12611,1.6
539610,71053,WHITE METAL LANTERN,1.0,2023-08-11 08:20:30,3.34,12611,3.34
539610,22383,LUNCH BAG SUKI DESIGN,1.0,2023-08-11 08:20:30,1.68,12611,1.68
539611,71053,WHITE METAL LANTERN,2.0,2023-12-03 10:54:43,3.42,12736,6.84
539611,22384,LUNCH BAG PINK POLKADOT,1.0,2023-12-03 10:54:43,1.66,12736,1.66
539611,84879,ASSORTED COLOUR BIRD ORNAMENT,1.0,2023-12-03 10:54:43,1.62,12736,1.62
539611,84029G,KNITTED UNION FLAG HOT WATER BOTTLE,3.0,2023-12-03 10:54:43,3.38,12736,10.14
539612,84879,ASSORTED COLOUR BIRD ORNAMENT,1.0,2023-08-27 16:56:38,1.75,12919,1.75
539613,84969,BOX OF 6 ASSORTED COLOUR TEASPOONS,4.0,2023-04-06 00:47:04,4.32,12682,17.28
539613,21730,GLASS STAR FROSTED T-LIGHT HOLDER,1.0,2023-04-06 00:47:04,4.17,12682,4.17
539614,20727,LUNCH BAG BLACK SKULL.,1.0,2023-04-03 19:08:04,1.57,12469,1.57
539615,47566,PARTY BUNTING,3.0,2023-02-13 18:33:38,4.88,12877,14.64
539615,85123A,WHITE HANGING HEART T-LIGHT HOLDER,1.0,2023-02-13 18:33:38,2.46,12877,2.46
539615,20726,LUNCH BAG WOODLAND,3.0,2023-02-13 18:33:38,1.59,12877,4.77
539616,84969,BOX OF 6 ASSORTED COLOUR TEASPOONS,1.0,2023-10-13 02:50:17,4.28,12485,4.28
539618,22383,LUNCH BAG SUKI DESIGN,1.0,2023-07-29 21:28:53,1.72,12877,1.72
539618,85099B,JUMBO BAG RED RETROSPOT,1.0,2023-07-29 21:28:53,1.96,12877,1.96
539618,85123A,WHITE HANGING HEART T-LIGHT HOLDER,6.0,2023-07-29 21:28:53,2.58,12877,15.48
539618,22748,POPPY'S PLAYHOUSE KITCHEN,4.0,2023-07-29 21:28:53,2.11,12877,8.44
539618,22386,JUMBO BAG PINK POLKADOT,6.0,2023-07-29 21:28:53,2.03,12877,12.18
539619,84406B,CREAM CUPID HEARTS COAT HANGER,6.0,2023-11-23 12:15:15,2.82,12845,16.92
539619,22632,HAND WARMER RED POLKA DOT,1.0,2023-11-23 12:15:15,1.88,12845,1.88
539619,85099F,JUMBO BAG STRAWBERRY,1.0,2023-11-23 12:15:15,1.86,12845,1.86
539620,20725,LUNCH BAG RED RETROSPOT,6.0,2023-09-23 00:28:32,1.66,12821,9.96
539620,21730,GLASS STAR FROSTED T-LIGHT HOLDER,3.0,2023-09-23 00:28:32,4.18,12821,12.54
539620,84029G,KNITTED UNION FLAG HOT WATER BOTTLE,1.0,2023-09-23 00:28:32,3.37,12821,3.37
539620,22632,HAND WARMER RED POLKA DOT,1.0,2023-09-23 00:28:32,1.8,12821,1.8
539621,22310,IVORY KNITTED MUG COSY,3.0,2023-07-09 08:16:07,1.6,12813,4.8
539621,22382,LUNCH BAG SPACEBOY DESIGN,2.0,2023-07-09 08:16:07,1.68,12813,3.36
539621,84029E,RED WOOLLY HOTTIE WHITE HEART.,4.0,2023-07-09 08:16:07,3.28,12813,13.12
539621,21730,GLASS STAR FROSTED T-LIGHT HOLDER,2.0,2023-07-09 08:16:07,4.42,12813,8.84
539621,84406B,CREAM CUPID HEARTS COAT HANGER,1.0,2023-07-09 08:16:07,2.85,12813,2.85
539622,84029G,KNITTED UNION FLAG HOT WATER BOTTLE,2.0,2023-09-16 18:37:52,3.46,12777,6.92
539622,20725,LUNCH BAG RED RETROSPOT,1.0,2023-09-16 18:37:52,1.64,12777,1.64
539622,20727,LUNCH BAG BLACK SKULL.,1.0,2023-09-16 18:37:52,1.66,12777,1.66
539622,20728,LUNCH BAG CARS BLUE,2.0,2023-09-16 18:37:52,1.71,12777,3.42
539624,22310,IVORY KNITTED MUG COSY,6.0,2023-02-16 22:19:26,1.71,12415,10.26
539624,84029E,RED WOOLLY HOTTIE WHITE HEART.,3.0,2023-02-16 22:19:26,3.29,12415,9.87
539625,22748,POPPY'S PLAYHOUSE KITCHEN,3.0,2023-08-15 06:06:33,2.12,13142,6.36
539625,22383,LUNCH BAG SUKI DESIGN,1.0,2023-08-15 06:06:33,1.62,13142,1.62
539625,84406B,CREAM CUPID HEARTS COAT HANGER,1.0,2023-08-15 06:06:33,2.77,13142,2.77
539625,85099B,JUMBO BAG RED RETROSPOT,2.0,2023-08-15 06:06:33,1.99,13142,3.98
539625,22382,LUNCH BAG SPACEBOY DESIGN,1.0,2023-08-15 06:06:33,1.63,13142,1.63
539625,22749,POPPY'S PLAYHOUSE LIVINGROOM,1.0,2023-08-15 06:06:33,2.13,13142,2.13
539626,85123A,WHITE HANGING HEART T-LIGHT HOLDER,2.0,2023-05-06 20:29:15,2.66,12857,5.32
539626,84029G,KNITTED UNION FLAG HOT WATER BOTTLE,3.0,2023-05-06 20:29:15,3.49,12857,10.47
539626,22383,LUNCH BAG SUKI DESIGN,1.0,2023-05-06 20:29:15,1.58,12857,1.58
539626,22748,POPPY'S PLAYHOUSE KITCHEN,6.0,2023-05-06 20:29:15,2.07,12857,12.42
539627,22384,LUNCH BAG PINK POLKADOT,3.0,2023-05-09 05:25:08,1.72,12835,5.16
539627,22382,LUNCH BAG SPACEBOY DESIGN,2.0,2023-05-09 05:25:08,1.71,12835,3.42
539627,84969,BOX OF 6 ASSORTED COLOUR TEASPOONS,1.0,2023-05-09 05:25:08,4.2,12835,4.2
539628,85099F,JUMBO BAG STRAWBERRY,2.0,2023-11-07 12:46:22,1.98,13017,3.96
539628,84029E,RED WOOLLY HOTTIE WHITE HEART.,1.0,2023-11-07 12:46:22,3.36,13017,3.36
539628,21730,GLASS STAR FROSTED T-LIGHT HOLDER,1.0,2023-11-07 12:46:22,4.14,13017,4.14
539628,71053,WHITE METAL LANTERN,2.0,2023-11-07 12:46:22,3.47,13017,6.94
539628,20725,LUNCH BAG RED RETROSPOT,4.0,2023-11-07 12:46:22,1.61,13017,6.44
539629,84029E,RED WOOLLY HOTTIE WHITE HEART.,1.0,2023-08-25 14:50:47,3.35,12825,3.35
539629,20728,LUNCH BAG CARS BLUE,2.0,2023-08-25 14:50:47,1.62,12825,3.24
539630,84879,ASSORTED COLOUR BIRD ORNAMENT,3.0,2023-05-23 03:14:28,1.63,12671,4.89
539630,22384,LUNCH BAG PINK POLKADOT,2.0,2023-05-23 03:14:28,1.64,12671,3.28
539630,22086,PAPER CHAIN KIT 50'S CHRISTMAS,2.0,2023-05-23 03:14:28,2.54,12671,5.08
539630,22632,HAND WARMER RED POLKA DOT,6.0,2023-05-23 03:14:28,1.91,12671,11.46
539630,84406B,CREAM CUPID HEARTS COAT HANGER,2.0,2023-05-23 03:14:28,2.83,12671,5.66
539632,22748,POPPY'S PLAYHOUSE KITCHEN,1.0,2023-09-19 01:09:22,2.08,12826,2.08
539633,22748,POPPY'S PLAYHOUSE KITCHEN,1.0,2023-09-05 12:58:55,2.15,12801,2.15
539633,22411,JUMBO SHOPPER VINTAGE RED PAISLEY,6.0,2023-09-05 12:58:55,2.04,12801,12.24
539633,71053,WHITE METAL LANTERN,1.0,2023-09-05 12:58:55,3.41,12801,3.41
539633,22633,HAND WARMER UNION JACK,2.0,2023-09-05 12:58:55,1.87,12801,3.74
539633,84406B,CREAM CUPID HEARTS COAT HANGER,3.0,2023-09-05 12:58:55,2.63,12801,7.89
539633,22310,IVORY KNITTED MUG COSY,3.0,2023-09-05 12:58:55,1.73,12801,5.19
539635,22384,LUNCH BAG PINK POLKADOT,1.0,2023-05-21 18:29:52,1.65,12852,1.65
539635,84406B,CREAM CUPID HEARTS COAT HANGER,1.0,2023-05-21 18:29:52,2.68,12852,2.68
539635,22383,LUNCH BAG SUKI DESIGN,2.0,2023-05-21 18:29:52,1.66,12852,3.32
539635,20726,LUNCH BAG WOODLAND,1.0,2023-05-21 18:29:52,1.62,12852,1.62
539636,22411,JUMBO SHOPPER VINTAGE RED PAISLEY,4.0,2023-07-17 12:46:28,1.95,13094,7.8
539637,22633,HAND WARMER UNION JACK,2.0,2023-06-16 09:35:41,1.85,13053,3.7
539637,84029E,RED WOOLLY HOTTIE WHITE HEART.,1.0,2023-06-16 09:35:41,3.27,13053,3.27
539637,22383,LUNCH BAG SUKI DESIGN,1.0,2023-06-16 09:35:41,1.72,13053,1.72
539637,21730,GLASS STAR FROSTED T-LIGHT HOLDER,1.0,2023-06-16 09:35:41,4.16,13053,4.16
539637,85099F,JUMBO BAG STRAWBERRY,1.0,2023-06-16 09:35:41,1.96,13053,1.96
539637,20727,LUNCH BAG BLACK SKULL.,2.0,2023-06-16 09:35:41,1.6,13053,3.2
539638,22086,PAPER CHAIN KIT 50'S CHRISTMAS,3.0,2023-12-04 15:25:21,2.65,12877,7.95
539638,22386,JUMBO BAG PINK POLKADOT,2.0,2023-12-04 15:25:21,2.04,12877,4.08
539638,21931,JUMBO STORAGE BAG SUKI,3.0,2023-12-04 15:25:21,1.91,12877,5.73
539638,22748,POPPY'S PLAYHOUSE KITCHEN,1.0,2023-12-04 15:25:21,2.06,12877,2.06
539639,84406B,CREAM CUPID HEARTS COAT HANGER,1.0,2023-07-26 15:33:58,2.65,12877,2.65
539639,22745,POPPY'S PLAYHOUSE BEDROOM,1.0,2023-07-26 15:33:58,2.08,12877,2.08
539639,21730,GLASS STAR FROSTED T-LIGHT HOLDER,1.0,2023-07-26 15:33:58,4.44,12877,4.44
539639,22383,LUNCH BAG SUKI DESIGN,1.0,2023-07-26 15:33:58,1.61,12877,1.61
539639,22086,PAPER CHAIN KIT 50'S CHRISTMAS,4.0,2023-07-26 15:33:58,2.67,12877,10.68
539640,47566,PARTY BUNTING,1.0,2023-08-21 13:08:58,4.71,12878,4.71
539641,20726,LUNCH BAG WOODLAND,3.0,2023-09-06 09:14:59,1.66,12588,4.98
539641,85123A,WHITE HANGING HEART T-LIGHT HOLDER,1.0,2023-09-06 09:14:59,2.5,12588,2.5
539642,85099F,JUMBO BAG STRAWBERRY,2.0,2023-09-02 02:54:09,1.9,12419,3.8
539643,22749,POPPY'S PLAYHOUSE LIVINGROOM,2.0,2023-10-11 18:52:07,2.03,12415,4.06
539643,22310,IVORY KNITTED MUG COSY,2.0,2023-10-11 18:52:07,1.57,12415,3.14
539643,22386,JUMBO BAG PINK POLKADOT,3.0,2023-10-11 18:52:07,1.88,12415,5.64
539644,71053,WHITE METAL LANTERN,6.0,2023-06-28 13:09:40,3.32,13077,19.92
539645,22633,HAND WARMER UNION JACK,6.0,2023-03-14 03:04:27,1.92,13006,11.52
539645,22383,LUNCH BAG SUKI DESIGN,2.0,2023-03-14 03:04:27,1.7,13006,3.4
539646,22633,HAND WARMER UNION JACK,1.0,2023-11-26 02:43:56,1.76,12964,1.76
539646,84406B,CREAM CUPID HEARTS COAT HANGER,2.0,2023-11-26 02:43:56,2.8,12964,5.6
539646,84879,ASSORTED COLOUR BIRD ORNAMENT,2.0,2023-11-26 02:43:56,1.73,12964,3.46
539647,22086,PAPER CHAIN KIT 50'S CHRISTMAS,3.0,2023-04-04 00:30:15,2.61,13063,7.83
539648,22632,HAND WARMER RED POLKA DOT,6.0,2023-04-10 21:34:38,1.86,12586,11.16
539650,21730,GLASS STAR FROSTED T-LIGHT HOLDER,1.0,2023-03-23 15:25:06,4.45,12787,4.45
539651,22384,LUNCH BAG PINK POLKADOT,2.0,2023-10-14 19:40:31,1.62,12877,3.24
539652,84879,ASSORTED COLOUR BIRD ORNAMENT,1.0,2023-05-05 16:06:44,1.74,13063,1.74
539652,85123A,WHITE HANGING HEART T-LIGHT HOLDER,1.0,2023-05-05 16:06:44,2.64,13063,2.64
539652,84969,BOX OF 6 ASSORTED COLOUR TEASPOONS,3.0,2023-05-05 16:06:44,4.28,13063,12.84
539654,47566,PARTY BUNTING,2.0,2023-07-10 00:27:50,4.8,12877,9.6
539656,22411,JUMBO SHOPPER VINTAGE RED PAISLEY,2.0,2023-09-28 08:08:01,1.95,12877,3.9
539656,21730,GLASS STAR FROSTED T-LIGHT HOLDER,3.0,2023-09-28 08:08:01,4.42,12877,13.26
539656,22748,POPPY'S PLAYHOUSE KITCHEN,1.0,2023-09-28 08:08:01,2.0,12877,2.0
539656,22749,POPPY'S PLAYHOUSE LIVINGROOM,1.0,2023-09-28 08:08:01,2.17,12877,2.17
539657,20725,LUNCH BAG RED RETROSPOT,1.0,2023-10-17 23:58:05,1.61,12603,1.61
539657,21730,GLASS STAR FROSTED T-LIGHT HOLDER,3.0,2023-10-17 23:58:05,4.24,12603,12.72
539657,21931,JUMBO STORAGE BAG SUKI,1.0,2023-10-17 23:58:05,1.92,12603,1.92
539657,84406B,CREAM CUPID HEARTS COAT HANGER,6.0,2023-10-17 23:58:05,2.65,12603,15.9
539659,84969,BOX OF 6 ASSORTED COLOUR TEASPOONS,2.0,2023-01-22 17:26:51,4.22,12877,8.44
539660,84029G,KNITTED UNION FLAG HOT WATER BOTTLE,2.0,2023-02-16 21:39:15,3.54,13069,7.08
539660,21730,GLASS STAR FROSTED T-LIGHT HOLDER,3.0,2023-02-16 21:39:15,4.27,13069,12.81
539661,20727,LUNCH BAG BLACK SKULL.,1.0,2023-08-19 20:25:40,1.68,12644,1.68
539661,22633,HAND WARMER UNION JACK,1.0,2023-08-19 20:25:40,1.83,12644,1.83
539661,84879,ASSORTED COLOUR BIRD ORNAMENT,2.0,2023-08-19 20:25:40,1.67,12644,3.34
539661,71053,WHITE METAL LANTERN,3.0,2023-08-19 20:25:40,3.41,12644,10.23
539662,84879,ASSORTED COLOUR BIRD ORNAMENT,1.0,2023-10-24 11:11:04,1.67,13145,1.67
539662,20725,LUNCH BAG RED RETROSPOT,1.0,2023-10-24 11:11:04,1.7,13145,1.7
539662,84029E,RED WOOLLY HOTTIE WHITE HEART.,1.0,2023-10-24 11:11:04,3.26,13145,3.26
539662,22633,HAND WARMER UNION JACK,1.0,2023-10-24 11:11:04,1.89,13145,1.89
539662,22383,LUNCH BAG SUKI DESIGN,1.0,2023-10-24 11:11:04,1.66,13145,1.66
539664,20728,LUNCH BAG CARS BLUE,1.0,2023-08-27 16:36:52,1.57,12724,1.57
539664,71053,WHITE METAL LANTERN,1.0,2023-08-27 16:36:52,3.51,12724,3.51
539664,21931,JUMBO STORAGE BAG SUKI,1.0,2023-08-27 16:36:52,1.88,12724,1.88
539664,22310,IVORY KNITTED MUG COSY,2.0,2023-08-27 16:36:52,1.59,12724,3.18
539665,47566,PARTY BUNTING,1.0,2023-11-02 18:17:14,4.85,12572,4.85
539665,21730,GLASS STAR FROSTED T-LIGHT HOLDER,3.0,2023-11-02 18:17:14,4.09,12572,12.27
539665,22382,LUNCH BAG SPACEBOY DESIGN,1.0,2023-11-02 18:17:14,1.63,12572,1.63
539665,22310,IVORY KNITTED MUG COSY,2.0,2023-11-02 18:17:14,1.73,12572,3.46
539666,20725,LUNCH BAG RED RETROSPOT,2.0,2023-12-10 03:56:16,1.68,12881,3.36
539666,22749,POPPY'S PLAYHOUSE LIVINGROOM,1.0,2023-12-10 03:56:16,2.07,12881,2.07
539666,85123A,WHITE HANGING HEART T-LIGHT HOLDER,2.0,2023-12-10 03:56:16,2.56,12881,5.12
539667,22086,PAPER CHAIN KIT 50'S CHRISTMAS,3.0,2023-08-14 19:53:28,2.6,12485,7.8
539667,20726,LUNCH BAG WOODLAND,4.0,2023-08-14 19:53:28,1.65,12485,6.6
539667,85099B,JUMBO BAG RED RETROSPOT,1.0,2023-08-14 19:53:28,2.0,12485,2.0
539668,21931,JUMBO STORAGE BAG SUKI,2.0,2023-06-03 08:16:16,1.96,12576,3.92
539668,22749,POPPY'S PLAYHOUSE LIVINGROOM,3.0,2023-06-03 08:16:16,2.16,12576,6.48
539668,22383,LUNCH BAG SUKI DESIGN,1.0,2023-06-03 08:16:16,1.73,12576,1.73
539669,20725,LUNCH BAG RED RETROSPOT,1.0,2023-10-03 20:05:40,1.73,12821,1.73
539669,22382,LUNCH BAG SPACEBOY DESIGN,3.0,2023-10-03 20:05:40,1.62,12821,4.86
539671,71053,WHITE METAL LANTERN,1.0,2023-03-27 14:37:36,3.45,12607,3.45
539671,22384,LUNCH BAG PINK POLKADOT,1.0,2023-03-27 14:37:36,1.71,12607,1.71
539671,84969,BOX OF 6 ASSORTED COLOUR TEASPOONS,2.0,2023-03-27 14:37:36,4.24,12607,8.48
539671,85099F,JUMBO BAG STRAWBERRY,1.0,2023-03-27 14:37:36,1.98,12607,1.98
539671,84406B,CREAM CUPID HEARTS COAT HANGER,1.0,2023-03-27 14:37:36,2.82,12607,2.82
539672,21730,GLASS STAR FROSTED T-LIGHT HOLDER,3.0,2023-07-26 15:44:32,4.1,12877,12.3
539672,22411,JUMBO SHOPPER VINTAGE RED PAISLEY,1.0,2023-07-26 15:44:32,2.03,12877,2.03
539672,22748,POPPY'S PLAYHOUSE KITCHEN,1.0,2023-07-26 15:44:32,2.06,12877,2.06
539673,22748,POPPY'S PLAYHOUSE KITCHEN,1.0,2023-11-12 04:26:48,2.07,12881,2.07
539673,84969,BOX OF 6 ASSORTED COLOUR TEASPOONS,2.0,2023-11-12 04:26:48,4.43,12881,8.86
539673,22411,JUMBO SHOPPER VINTAGE RED PAISLEY,1.0,2023-11-12 04:26:48,1.99,12881,1.99
539673,22384,LUNCH BAG PINK POLKADOT,2.0,2023-11-12 04:26:48,1.62,12881,3.24
539674,22632,HAND WARMER RED POLKA DOT,1.0,2023-10-07 22:33:33,1.83,12347,1.83
539675,85099B,JUMBO BAG RED RETROSPOT,1.0,2023-10-25 17:49:35,1.93,12653,1.93
539676,22310,IVORY KNITTED MUG COSY,6.0,2023-06-14 02:36:21,1.58,12877,9.48
539676,22632,HAND WARMER RED POLKA DOT,2.0,2023-06-14 02:36:21,1.9,12877,3.8
539676,22411,JUMBO SHOPPER VINTAGE RED PAISLEY,3.0,2023-06-14 02:36:21,2.04,12877,6.12
539677,22411,JUMBO SHOPPER VINTAGE RED PAISLEY,4.0,2023-04-19 08:51:11,1.96,12878,7.84
539677,84029E,RED WOOLLY HOTTIE WHITE HEART.,1.0,2023-04-19 08:51:11,3.34,12878,3.34
539677,71053,WHITE METAL LANTERN,3.0,2023-04-19 08:51:11,3.53,12878,10.59
539677,22386,JUMBO BAG PINK POLKADOT,2.0,2023-04-19 08:51:11,1.98,12878,3.96
539677,22383,LUNCH BAG SUKI DESIGN,2.0,2023-04-19 08:51:11,1.7,12878,3.4
539678,22386,JUMBO BAG PINK POLKADOT,3.0,2023-08-05 14:53:58,1.99,12458,5.97
539678,22384,LUNCH BAG PINK POLKADOT,3.0,2023-08-05 14:53:58,1.68,12458,5.04
539678,22382,LUNCH BAG SPACEBOY DESIGN,3.0,2023-08-05 14:53:58,1.57,12458,4.71
539678,22632,HAND WARMER RED POLKA DOT,1.0,2023-08-05 14:53:58,1.91,12458,1.91
539678,47566,PARTY BUNTING,2.0,2023-08-05 14:53:58,4.63,12458,9.26
539679,84969,BOX OF 6 ASSORTED COLOUR TEASPOONS,6.0,2023-06-02 21:28:30,4.37,12877,26.22
539679,21730,GLASS STAR FROSTED T-LIGHT HOLDER,2.0,2023-06-02 21:28:30,4.31,12877,8.62
539679,71053,WHITE METAL LANTERN,3.0,2023-06-02 21:28:30,3.5,12877,10.5
539679,20725,LUNCH BAG RED RETROSPOT,1.0,2023-06-02 21:28:30,1.73,12877,1.73
539679,22086,PAPER CHAIN KIT 50'S CHRISTMAS,2.0,2023-06-02 21:28:30,2.43,12877,4.86
539679,22310,IVORY KNITTED MUG COSY,2.0,2023-06-02 21:28:30,1.59,12877,3.18
539680,22386,JUMBO BAG PINK POLKADOT,1.0,2023-09-20 00:09:22,1.98,12433,1.98
539681,22749,POPPY'S PLAYHOUSE LIVINGROOM,2.0,2023-07-22 22:10:39,2.02,12607,4.04
539681,84029G,KNITTED UNION FLAG HOT WATER BOTTLE,3.0,2023-07-22 22:10:39,3.25,12607,9.75
539681,84406B,CREAM CUPID HEARTS COAT HANGER,1.0,2023-07-22 22:10:39,2.86,12607,2.86
539681,22384,LUNCH BAG PINK POLKADOT,3.0,2023-07-22 22:10:39,1.7,12607,5.1
539682,85123A,WHITE HANGING HEART T-LIGHT HOLDER,2.0,2023-10-23 14:48:29,2.65,12886,5.3
539682,85099F,JUMBO BAG STRAWBERRY,1.0,2023-10-23 14:48:29,1.97,12886,1.97
539682,47566,PARTY BUNTING,1.0,2023-10-23 14:48:29,4.67,12886,4.67
539682,22386,JUMBO BAG PINK POLKADOT,4.0,2023-10-23 14:48:29,2.01,12886,8.04
539682,20726,LUNCH BAG WOODLAND,2.0,2023-10-23 14:48:29,1.63,12886,3.26
539682,22749,POPPY'S PLAYHOUSE LIVINGROOM,1.0,2023-10-23 14:48:29,2.14,12886,2.14
539683,21931,JUMBO STORAGE BAG SUKI,2.0,2023-10-11 20:18:08,1.92,12607,3.84
539684,84029E,RED WOOLLY HOTTIE WHITE HEART.,2.0,2023-05-26 23:33:23,3.22,12379,6.44
539684,22749,POPPY'S PLAYHOUSE LIVINGROOM,2.0,2023-05-26 23:33:23,2.15,12379,4.3
539685,22310,IVORY KNITTED MUG COSY,6.0,2023-07-22 11:02:42,1.61,12357,9.66
539687,22749,POPPY'S PLAYHOUSE LIVINGROOM,2.0,2023-10-16 08:35:48,2.05,12877,4.1
539687,84029G,KNITTED UNION FLAG HOT WATER BOTTLE,3.0,2023-10-16 08:35:48,3.27,12877,9.81
539687,85123A,WHITE HANGING HEART T-LIGHT HOLDER,1.0,2023-10-16 08:35:48,2.59,12877,2.59
539687,22086,PAPER CHAIN KIT 50'S CHRISTMAS,4.0,2023-10-16 08:35:48,2.67,12877,10.68
539690,22749,POPPY'S PLAYHOUSE LIVINGROOM,2.0,2023-11-28 12:08:51,2.14,12787,4.28
539690,22383,LUNCH BAG SUKI DESIGN,1.0,2023-11-28 12:08:51,1.59,12787,1.59
539690,21730,GLASS STAR FROSTED T-LIGHT HOLDER,2.0,2023-11-28 12:08:51,4.15,12787,8.3
539690,84969,BOX OF 6 ASSORTED COLOUR TEASPOONS,1.0,2023-11-28 12:08:51,4.28,12787,4.28
539690,84029E,RED WOOLLY HOTTIE WHITE HEART.,1.0,2023-11-28 12:08:51,3.4,12787,3.4
539690,85099B,JUMBO BAG RED RETROSPOT,3.0,2023-11-28 12:08:51,2.02,12787,6.06
539692,22310,IVORY KNITTED MUG COSY,1.0,2023-11-24 21:41:41,1.62,12921,1.62
539693,21730,GLASS STAR FROSTED T-LIGHT HOLDER,2.0,2023-08-27 09:35:57,4.14,12845,8.28
539694,22310,IVORY KNITTED MUG COSY,1.0,2023-08-09 21:29:00,1.73,12593,1.73
539695,22748,POPPY'S PLAYHOUSE KITCHEN,1.0,2023-02-20 17:07:40,2.01,12380,2.01
539695,84029E,RED WOOLLY HOTTIE WHITE HEART.,3.0,2023-02-20 17:07:40,3.25,12380,9.75
539696,22411,JUMBO SHOPPER VINTAGE RED PAISLEY,6.0,2023-05-14 01:18:47,1.93,12864,11.58
539696,21931,JUMBO STORAGE BAG SUKI,6.0,2023-05-14 01:18:47,2.05,12864,12.3
539696,84029E,RED WOOLLY HOTTIE WHITE HEART.,1.0,2023-05-14 01:18:47,3.23,12864,3.23
539696,85099F,JUMBO BAG STRAWBERRY,4.0,2023-05-14 01:18:47,1.93,12864,7.72
539696,20727,LUNCH BAG BLACK SKULL.,1.0,2023-05-14 01:18:47,1.64,12864,1.64
539697,85099B,JUMBO BAG RED RETROSPOT,1.0,2023-07-07 05:30:48,2.01,12473,2.01
539697,20725,LUNCH BAG RED RETROSPOT,2.0,2023-07-07 05:30:48,1.67,12473,3.34
539697,22632,HAND WARMER RED POLKA DOT,1.0,2023-07-07 05:30:48,1.88,12473,1.88
539697,84029G,KNITTED UNION FLAG HOT WATER BOTTLE,2.0,2023-07-07 05:30:48,3.54,12473,7.08
539697,71053,WHITE METAL LANTERN,1.0,2023-07-07 05:30:48,3.28,12473,3.28
539698,71053,WHITE METAL LANTERN,1.0,2023-09-22 06:31:48,3.52,12758,3.52
539698,22633,HAND WARMER UNION JACK,2.0,2023-09-22 06:31:48,1.87,12758,3.74
539699,22384,LUNCH BAG PINK POLKADOT,4.0,2023-08-11 22:48:19,1.68,12991,6.72
539699,85099F,JUMBO BAG STRAWBERRY,2.0,2023-08-11 22:48:19,1.99,12991,3.98
539702,22384,LUNCH BAG PINK POLKADOT,1.0,2023-11-08 16:23:41,1.6,12611,1.6
539702,22411,JUMBO SHOPPER VINTAGE RED PAISLEY,1.0,2023-11-08 16:23:41,1.86,12611,1.86
539703,84969,BOX OF 6 ASSORTED COLOUR TEASPOONS,1.0,2023-09-12 22:50:47,4.05,12587,4.05
539704,84029E,RED WOOLLY HOTTIE WHITE HEART.,1.0,2023-07-28 05:17:14,3.43,12845,3.43
539704,22411,JUMBO SHOPPER VINTAGE RED PAISLEY,1.0,2023-07-28 05:17:14,1.91,12845,1.91
539704,22310,IVORY KNITTED MUG COSY,1.0,2023-07-28 05:17:14,1.66,12845,1.66
539705,21931,JUMBO STORAGE BAG SUKI,2.0,2023-10-04 00:42:43,1.98,12736,3.96
539705,22749,POPPY'S PLAYHOUSE LIVINGROOM,1.0,2023-10-04 00:42:43,2.0,12736,2.0
539706,84029G,KNITTED UNION FLAG HOT WATER BOTTLE,1.0,2023-03-14 14:32:23,3.47,12434,3.47
539706,84969,BOX OF 6 ASSORTED COLOUR TEASPOONS,1.0,2023-03-14 14:32:23,4.17,12434,4.17
539706,22745,POPPY'S PLAYHOUSE BEDROOM,4.0,2023-03-14 14:32:23,2.0,12434,8.0
539706,85099B,JUMBO BAG RED RETROSPOT,4.0,2023-03-14 14:32:23,2.04,12434,8.16
539707,20725,LUNCH BAG RED RETROSPOT,3.0,2023-09-05 03:31:08,1.65,12704,4.95
539708,22386,JUMBO BAG PINK POLKADOT,6.0,2023-09-07 13:33:57,1.98,12877,11.88
539708,85099B,JUMBO BAG RED RETROSPOT,4.0,2023-09-07 13:33:57,2.0,12877,8.0
539708,84029G,KNITTED UNION FLAG HOT WATER BOTTLE,4.0,2023-09-07 13:33:57,3.28,12877,13.12
539708,84406B,CREAM CUPID HEARTS COAT HANGER,6.0,2023-09-07 13:33:57,2.62,12877,15.72
539708,22632,HAND WARMER RED POLKA DOT,2.0,2023-09-07 13:33:57,1.88,12877,3.76
539708,21730,GLASS STAR FROSTED T-LIGHT HOLDER,4.0,2023-09-07 13:33:57,4.07,12877,16.28
539710,22411,JUMBO SHOPPER VINTAGE RED PAISLEY,1.0,2023-10-09 22:12:24,1.9,13055,1.9
539710,71053,WHITE METAL LANTERN,2.0,2023-10-09 22:12:24,3.26,13055,6.52
539710,21931,JUMBO STORAGE BAG SUKI,2.0,2023-10-09 22:12:24,1.92,13055,3.84
539711,22748,POPPY'S PLAYHOUSE KITCHEN,2.0,2023-04-12 07:52:46,2.11,12815,4.22
539711,22749,POPPY'S PLAYHOUSE LIVINGROOM,2.0,2023-04-12 07:52:46,2.15,12815,4.3
539711,84969,BOX OF 6 ASSORTED COLOUR TEASPOONS,3.0,2023-04-12 07:52:46,4.25,12815,12.75
539711,22086,PAPER CHAIN KIT 50'S CHRISTMAS,1.0,2023-04-12 07:52:46,2.47,12815,2.47
539712,85123A,WHITE HANGING HEART T-LIGHT HOLDER,2.0,2023-07-11 05:25:22,2.43,12878,4.86
539712,71053,WHITE METAL LANTERN,1.0,2023-07-11 05:25:22,3.41,12878,3.41
539712,22749,POPPY'S PLAYHOUSE LIVINGROOM,4.0,2023-07-11 05:25:22,2.19,12878,8.76
539712,20728,LUNCH BAG CARS BLUE,1.0,2023-07-11 05:25:22,1.58,12878,1.58
539713,84029G,KNITTED UNION FLAG HOT WATER BOTTLE,1.0,2023-07-27 06:59:05,3.25,13074,3.25
539714,22748,POPPY'S PLAYHOUSE KITCHEN,3.0,2023-05-19 16:10:13,2.15,12920,6.45
539714,85123A,WHITE HANGING HEART T-LIGHT HOLDER,3.0,2023-05-19 16:10:13,2.6,12920,7.8
539714,22633,HAND WARMER UNION JACK,1.0,2023-05-19 16:10:13,1.89,12920,1.89
539715,84879,ASSORTED COLOUR BIRD ORNAMENT,3.0,2023-05-05 01:54:52,1.66,12415,4.98
539715,22384,LUNCH BAG PINK POLKADOT,1.0,2023-05-05 01:54:52,1.66,12415,1.66
539715,22386,JUMBO BAG PINK POLKADOT,2.0,2023-05-05 01:54:52,2.02,12415,4.04
539715,85099F,JUMBO BAG STRAWBERRY,1.0,2023-05-05 01:54:52,1.88,12415,1.88
539715,85123A,WHITE HANGING HEART T-LIGHT HOLDER,1.0,2023-05-05 01:54:52,2.49,12415,2.49
539716,71053,WHITE METAL LANTERN,3.0,2023-09-25 22:17:12,3.31,12607,9.93
539716,21730,GLASS STAR FROSTED T-LIGHT HOLDER,1.0,2023-09-25 22:17:12,4.38,12607,4.38
539718,22749,POPPY'S PLAYHOUSE LIVINGROOM,1.0,2023-09-16 20:42:55,2.12,12819,2.12
539718,22086,PAPER CHAIN KIT 50'S CHRISTMAS,6.0,2023-09-16 20:42:55,2.61,12819,15.66
539719,20728,LUNCH BAG CARS BLUE,1.0,2023-04-14 04:16:21,1.69,12738,1.69
539719,22310,IVORY KNITTED MUG COSY,1.0,2023-04-14 04:16:21,1.72,12738,1.72
539719,84029E,RED WOOLLY HOTTIE WHITE HEART.,3.0,2023-04-14 04:16:21,3.51,12738,10.53
539719,22086,PAPER CHAIN KIT 50'S CHRISTMAS,4.0,2023-04-14 04:16:21,2.59,12738,10.36
539719,22745,POPPY'S PLAYHOUSE BEDROOM,4.0,2023-04-14 04:16:21,2.07,12738,8.28
539719,22384,LUNCH BAG PINK POLKADOT,6.0,2023-04-14 04:16:21,1.57,12738,9.42
539720,22745,POPPY'S PLAYHOUSE BEDROOM,1.0,2023-09-27 03:45:27,2.18,12991,2.18
539720,21730,GLASS STAR FROSTED T-LIGHT HOLDER,2.0,2023-09-27 03:45:27,4.45,12991,8.9
539721,84029G,KNITTED UNION FLAG HOT WATER BOTTLE,1.0,2023-08-04 02:24:28,3.31,12824,3.31
539722,22411,JUMBO SHOPPER VINTAGE RED PAISLEY,2.0,2023-08-28 22:21:43,1.86,12921,3.72
539723,21931,JUMBO STORAGE BAG SUKI,2.0,2023-11-06 23:19:43,1.86,12877,3.72
539723,20726,LUNCH BAG WOODLAND,1.0,2023-11-06 23:19:43,1.66,12877,1.66
539723,47566,PARTY BUNTING,4.0,2023-11-06 23:19:43,4.61,12877,18.44
539723,84029G,KNITTED UNION FLAG HOT WATER BOTTLE,1.0,2023-11-06 23:19:43,3.32,12877,3.32
539723,84879,ASSORTED COLOUR BIRD ORNAMENT,1.0,2023-11-06 23:19:43,1.73,12877,1.73
539724,84879,ASSORTED COLOUR BIRD ORNAMENT,1.0,2023-08-25 16:38:25,1.74,12656,1.74
539724,84969,BOX OF 6 ASSORTED COLOUR TEASPOONS,2.0,2023-08-25 16:38:25,4.06,12656,8.12
539724,84406B,CREAM CUPID HEARTS COAT HANGER,3.0,2023-08-25 16:38:25,2.85,12656,8.55
539724,85099F,JUMBO BAG STRAWBERRY,1.0,2023-08-25 16:38:25,1.98,12656,1.98
539724,84029E,RED WOOLLY HOTTIE WHITE HEART.,6.0,2023-08-25 16:38:25,3.25,12656,19.5
539726,84969,BOX OF 6 ASSORTED COLOUR TEASPOONS,6.0,2023-05-24 19:07:29,4.09,12877,24.54
539726,85099F,JUMBO BAG STRAWBERRY,1.0,2023-05-24 19:07:29,2.0,12877,2.0
539726,22383,LUNCH BAG SUKI DESIGN,3.0,2023-05-24 19:07:29,1.67,12877,5.01
539726,22632,HAND WARMER RED POLKA DOT,1.0,2023-05-24 19:07:29,1.82,12877,1.82
539728,22383,LUNCH BAG SUKI DESIGN,6.0,2023-06-25 22:18:49,1.63,12844,9.78
539728,84029G,KNITTED UNION FLAG HOT WATER BOTTLE,6.0,2023-06-25 22:18:49,3.46,12844,20.76
539728,22384,LUNCH BAG PINK POLKADOT,6.0,2023-06-25 22:18:49,1.7,12844,10.2
539728,20727,LUNCH BAG BLACK SKULL.,1.0,2023-06-25 22:18:49,1.67,12844,1.67
539728,85123A,WHITE HANGING HEART T-LIGHT HOLDER,2.0,2023-06-25 22:18:49,2.66,12844,5.32
539729,22384,LUNCH BAG PINK POLKADOT,2.0,2023-06-14 23:32:02,1.69,12878,3.38
539729,20726,LUNCH BAG WOODLAND,1.0,2023-06-14 23:32:02,1.63,12878,1.63
539731,22382,LUNCH BAG SPACEBOY DESIGN,3.0,2023-10-24 18:21:52,1.71,13145,5.13
539731,84406B,CREAM CUPID HEARTS COAT HANGER,2.0,2023-10-24 18:21:52,2.72,13145,5.44
539731,22386,JUMBO BAG PINK POLKADOT,1.0,2023-10-24 18:21:52,2.03,13145,2.03
539731,22411,JUMBO SHOPPER VINTAGE RED PAISLEY,1.0,2023-10-24 18:21:52,1.92,13145,1.92
539731,20728,LUNCH BAG CARS BLUE,2.0,2023-10-24 18:21:52,1.62,13145,3.24
539731,22086,PAPER CHAIN KIT 50'S CHRISTMAS,6.0,2023-10-24 18:21:52,2.5,13145,15.0
539733,85099B,JUMBO BAG RED RETROSPOT,3.0,2023-01-09 20:25:36,1.89,13144,5.67
539733,20728,LUNCH BAG CARS BLUE,2.0,2023-01-09 20:25:36,1.64,13144,3.28
539733,85099F,JUMBO BAG STRAWBERRY,6.0,2023-01-09 20:25:36,2.01,13144,12.06
539734,22745,POPPY'S PLAYHOUSE BEDROOM,4.0,2023-07-16 00:31:32,2.0,12877,8.0
539734,22632,HAND WARMER RED POLKA DOT,2.0,2023-07-16 00:31:32,1.94,12877,3.88
539734,22749,POPPY'S PLAYHOUSE LIVINGROOM,4.0,2023-07-16 00:31:32,2.01,12877,8.04
539734,71053,WHITE METAL LANTERN,4.0,2023-07-16 00:31:32,3.26,12877,13.04
539734,85099F,JUMBO BAG STRAWBERRY,3.0,2023-07-16 00:31:32,2.02,12877,6.06
539734,22310,IVORY KNITTED MUG COSY,3.0,2023-07-16 00:31:32,1.68,12877,5.04
539735,20727,LUNCH BAG BLACK SKULL.,4.0,2023-02-09 00:34:45,1.62,13051,6.48
539735,22633,HAND WARMER UNION JACK,3.0,2023-02-09 00:34:45,1.89,13051,5.67
539735,22749,POPPY'S PLAYHOUSE LIVINGROOM,2.0,2023-02-09 00:34:45,2.15,13051,4.3
539735,20726,LUNCH BAG WOODLAND,1.0,2023-02-09 00:34:45,1.68,13051,1.68
539735,22748,POPPY'S PLAYHOUSE KITCHEN,6.0,2023-02-09 00:34:45,2.12,13051,12.72
539735,21931,JUMBO STORAGE BAG SUKI,6.0,2023-02-09 00:34:45,2.02,13051,12.12
539736,22384,LUNCH BAG PINK POLKADOT,1.0,2023-09-28 04:30:04,1.64,12864,1.64
539736,21730,GLASS STAR FROSTED T-LIGHT HOLDER,3.0,2023-09-28 04:30:04,4.22,12864,12.66
539736,84406B,CREAM CUPID HEARTS COAT HANGER,2.0,2023-09-28 04:30:04,2.83,12864,5.66
539737,22310,IVORY KNITTED MUG COSY,2.0,2023-03-19 21:37:33,1.72,12562,3.44
539737,22382,LUNCH BAG SPACEBOY DESIGN,4.0,2023-03-19 21:37:33,1.71,12562,6.84
539738,20728,LUNCH BAG CARS BLUE,1.0,2023-10-14 22:29:23,1.57,12877,1.57
539738,22310,IVORY KNITTED MUG COSY,1.0,2023-10-14 22:29:23,1.57,12877,1.57
539738,21931,JUMBO STORAGE BAG SUKI,1.0,2023-10-14 22:29:23,1.94,12877,1.94
539738,84029E,RED WOOLLY HOTTIE WHITE HEART.,6.0,2023-10-14 22:29:23,3.24,12877,19.44
539739,84879,ASSORTED COLOUR BIRD ORNAMENT,1.0,2023-11-16 13:56:19,1.72,12524,1.72
539739,22745,POPPY'S PLAYHOUSE BEDROOM,3.0,2023-11-16 13:56:19,2.05,12524,6.15
539739,22748,POPPY'S PLAYHOUSE KITCHEN,3.0,2023-11-16 13:56:19,2.16,12524,6.48
539740,22745,POPPY'S PLAYHOUSE BEDROOM,2.0,2023-04-23 09:58:28,2.18,12705,4.36
539740,22633,HAND WARMER UNION JACK,2.0,2023-04-23 09:58:28,1.8,12705,3.6
539740,20727,LUNCH BAG BLACK SKULL.,2.0,2023-04-23 09:58:28,1.7,12705,3.4
539740,84406B,CREAM CUPID HEARTS COAT HANGER,2.0,2023-04-23 09:58:28,2.83,12705,5.66
539741,22310,IVORY KNITTED MUG COSY,1.0,2023-08-14 12:05:58,1.7,12545,1.7
539741,22748,POPPY'S PLAYHOUSE KITCHEN,6.0,2023-08-14 12:05:58,2.19,12545,13.14
539741,22411,JUMBO SHOPPER VINTAGE RED PAISLEY,6.0,2023-08-14 12:05:58,2.03,12545,12.18
539742,21730,GLASS STAR FROSTED T-LIGHT HOLDER,1.0,2023-11-20 02:25:10,4.38,13021,4.38
539742,84029G,KNITTED UNION FLAG HOT WATER BOTTLE,1.0,2023-11-20 02:25:10,3.27,13021,3.27
539743,22749,POPPY'S PLAYHOUSE LIVINGROOM,4.0,2023-07-25 02:11:57,2.09,13064,8.36
539743,21931,JUMBO STORAGE BAG SUKI,1.0,2023-07-25 02:11:57,1.99,13064,1.99
539744,22411,JUMBO SHOPPER VINTAGE RED PAISLEY,1.0,2023-05-24 11:19:14,2.03,12466,2.03
539745,22748,POPPY'S PLAYHOUSE KITCHEN,4.0,2023-06-11 07:10:33,2.06,12486,8.24
539745,20728,LUNCH BAG CARS BLUE,1.0,2023-06-11 07:10:33,1.7,12486,1.7
539745,84406B,CREAM CUPID HEARTS COAT HANGER,2.0,2023-06-11 07:10:33,2.84,12486,5.68
539745,20726,LUNCH BAG WOODLAND,3.0,2023-06-11 07:10:33,1.62,12486,4.86
539745,22383,LUNCH BAG SUKI DESIGN,1.0,2023-06-11 07:10:33,1.63,12486,1.63
539746,47566,PARTY BUNTING,2.0,2023-03-19 21:08:06,4.65,12671,9.3
539748,85099B,JUMBO BAG RED RETROSPOT,2.0,2023-10-09 17:36:33,1.92,12353,3.84
539748,84029E,RED WOOLLY HOTTIE WHITE HEART.,2.0,2023-10-09 17:36:33,3.47,12353,6.94
539748,20726,LUNCH BAG WOODLAND,6.0,2023-10-09 17:36:33,1.72,12353,10.32
539748,22633,HAND WARMER UNION JACK,2.0,2023-10-09 17:36:33,1.91,12353,3.82
539749,84879,ASSORTED COLOUR BIRD ORNAMENT,6.0,2023-07-25 21:44:38,1.64,12792,9.84
539749,20725,LUNCH BAG RED RETROSPOT,1.0,2023-07-25 21:44:38,1.61,12792,1.61
539750,22745,POPPY'S PLAYHOUSE BEDROOM,2.0,2023-04-22 10:36:20,2.12,12572,4.24
539751,71053,WHITE METAL LANTERN,2.0,2023-08-04 07:40:06,3.31,12347,6.62
539751,84029E,RED WOOLLY HOTTIE WHITE HEART.,1.0,2023-08-04 07:40:06,3.45,12347,3.45
539751,20726,LUNCH BAG WOODLAND,1.0,2023-08-04 07:40:06,1.72,12347,1.72
539751,84029G,KNITTED UNION FLAG HOT WATER BOTTLE,2.0,2023-08-04 07:40:06,3.27,12347,6.54
539752,20727,LUNCH BAG BLACK SKULL.,2.0,2023-08-19 03:20:18,1.64,12488,3.28
539753,47566,PARTY BUNTING,3.0,2023-09-13 10:40:48,4.55,12877,13.65
539753,84406B,CREAM CUPID HEARTS COAT HANGER,4.0,2023-09-13 10:40:48,2.63,12877,10.52
539753,22384,LUNCH BAG PINK POLKADOT,1.0,2023-09-13 10:40:48,1.67,12877,1.67
539753,22745,POPPY'S PLAYHOUSE BEDROOM,3.0,2023-09-13 10:40:48,2.02,12877,6.06
539753,22748,POPPY'S PLAYHOUSE KITCHEN,4.0,2023-09-13 10:40:48,2.09,12877,8.36
539756,85099F,JUMBO BAG STRAWBERRY,4.0,2023-10-02 02:30:48,1.99,12710,7.96
539756,47566,PARTY BUNTING,1.0,2023-10-02 02:30:48,4.76,12710,4.76
539756,71053,WHITE METAL LANTERN,1.0,2023-10-02 02:30:48,3.39,12710,3.39
539757,22748,POPPY'S PLAYHOUSE KITCHEN,2.0,2023-09-16 22:07:32,2.13,12858,4.26
539757,21931,JUMBO STORAGE BAG SUKI,2.0,2023-09-16 22:07:32,1.88,12858,3.76
539757,84029G,KNITTED UNION FLAG HOT WATER BOTTLE,4.0,2023-09-16 22:07:32,3.23,12858,12.92
539757,21730,GLASS STAR FROSTED T-LIGHT HOLDER,1.0,2023-09-16 22:07:32,4.07,12858,4.07
539757,22745,POPPY'S PLAYHOUSE BEDROOM,1.0,2023-09-16 22:07:32,2.03,12858,2.03
539759,22382,LUNCH BAG SPACEBOY DESIGN,2.0,2023-04-18 23:23:41,1.69,12396,3.38
539759,22748,POPPY'S PLAYHOUSE KITCHEN,1.0,2023-04-18 23:23:41,2.06,12396,2.06
539759,22632,HAND WARMER RED POLKA DOT,4.0,2023-04-18 23:23:41,1.89,12396,7.56
539759,85099B,JUMBO BAG RED RETROSPOT,1.0,2023-04-18 23:23:41,1.96,12396,1.96
539759,47566,PARTY BUNTING,1.0,2023-04-18 23:23:41,4.67,12396,4.67
539760,21931,JUMBO STORAGE BAG SUKI,2.0,2023-10-05 12:27:53,1.98,12724,3.96
539760,22383,LUNCH BAG SUKI DESIGN,4.0,2023-10-05 12:27:53,1.65,12724,6.6
539760,84406B,CREAM CUPID HEARTS COAT HANGER,2.0,2023-10-05 12:27:53,2.85,12724,5.7
539760,84969,BOX OF 6 ASSORTED COLOUR TEASPOONS,2.0,2023-10-05 12:27:53,4.05,12724,8.1
539761,85123A,WHITE HANGING HEART T-LIGHT HOLDER,6.0,2023-06-16 08:52:05,2.47,12380,14.82
539761,47566,PARTY BUNTING,2.0,2023-06-16 08:52:05,4.76,12380,9.52
539761,84029G,KNITTED UNION FLAG HOT WATER BOTTLE,3.0,2023-06-16 08:52:05,3.48,12380,10.44
539761,22745,POPPY'S PLAYHOUSE BEDROOM,6.0,2023-06-16 08:52:05,2.18,12380,13.08
539762,22748,POPPY'S PLAYHOUSE KITCHEN,3.0,2023-08-06 00:36:33,2.18,12927,6.54
539762,84029E,RED WOOLLY HOTTIE WHITE HEART.,3.0,2023-08-06 00:36:33,3.53,12927,10.59
539762,71053,WHITE METAL LANTERN,2.0,2023-08-06 00:36:33,3.32,12927,6.64
539762,21931,JUMBO STORAGE BAG SUKI,2.0,2023-08-06 00:36:33,2.02,12927,4.04
539762,20726,LUNCH BAG WOODLAND,3.0,2023-08-06 00:36:33,1.68,12927,5.04
539763,22411,JUMBO SHOPPER VINTAGE RED PAISLEY,3.0,2023-03-19 23:55:56,1.99,12877,5.97
539763,84879,ASSORTED COLOUR BIRD ORNAMENT,1.0,2023-03-19 23:55:56,1.73,12877,1.73
539763,22383,LUNCH BAG SUKI DESIGN,2.0,2023-03-19 23:55:56,1.61,12877,3.22
539763,22384,LUNCH BAG PINK POLKADOT,1.0,2023-03-19 23:55:56,1.61,12877,1.61
539763,84029E,RED WOOLLY HOTTIE WHITE HEART.,1.0,2023-03-19 23:55:56,3.44,12877,3.44
539763,71053,WHITE METAL LANTERN,2.0,2023-03-19 23:55:56,3.53,12877,7.06
539764,20728,LUNCH BAG CARS BLUE,2.0,2023-07-31 16:23:21,1.58,12496,3.16
539764,84029E,RED WOOLLY HOTTIE WHITE HEART.,1.0,2023-07-31 16:23:21,3.28,12496,3.28
539764,20726,LUNCH BAG WOODLAND,4.0,2023-07-31 16:23:21,1.58,12496,6.32
539764,84406B,CREAM CUPID HEARTS COAT HANGER,1.0,2023-07-31 16:23:21,2.86,12496,2.86
539765,22386,JUMBO BAG PINK POLKADOT,1.0,2023-09-25 16:55:36,1.94,12610,1.94
539765,84969,BOX OF 6 ASSORTED COLOUR TEASPOONS,2.0,2023-09-25 16:55:36,4.26,12610,8.52
539765,22411,JUMBO SHOPPER VINTAGE RED PAISLEY,2.0,2023-09-25 16:55:36,1.93,12610,3.86
539768,22384,LUNCH BAG PINK POLKADOT,4.0,2023-05-10 22:46:58,1.73,12710,6.92
539768,22749,POPPY'S PLAYHOUSE LIVINGROOM,2.0,2023-05-10 22:46:58,2.11,12710,4.22
539769,22384,LUNCH BAG PINK POLKADOT,1.0,2023-12-07 21:09:20,1.73,12864,1.73
539769,22632,HAND WARMER RED POLKA DOT,2.0,2023-12-07 21:09:20,1.8,12864,3.6
539769,20728,LUNCH BAG CARS BLUE,1.0,2023-12-07 21:09:20,1.57,12864,1.57
539769,22310,IVORY KNITTED MUG COSY,6.0,2023-12-07 21:09:20,1.67,12864,10.02
539769,22749,POPPY'S PLAYHOUSE LIVINGROOM,2.0,2023-12-07 21:09:20,2.0,12864,4.0
539769,85099F,JUMBO BAG STRAWBERRY,1.0,2023-12-07 21:09:20,2.03,12864,2.03
539771,22383,LUNCH BAG SUKI DESIGN,3.0,2023-09-02 21:50:21,1.66,12485,4.98
539771,22310,IVORY KNITTED MUG COSY,1.0,2023-09-02 21:50:21,1.61,12485,1.61
539771,22411,JUMBO SHOPPER VINTAGE RED PAISLEY,2.0,2023-09-02 21:50:21,1.92,12485,3.84
539772,84029E,RED WOOLLY HOTTIE WHITE HEART.,1.0,2023-11-24 23:21:50,3.5,12886,3.5
539773,22310,IVORY KNITTED MUG COSY,2.0,2023-10-08 14:45:54,1.72,13024,3.44
539774,22748,POPPY'S PLAYHOUSE KITCHEN,4.0,2023-11-09 08:26:43,2.09,12420,8.36
539774,22633,HAND WARMER UNION JACK,3.0,2023-11-09 08:26:43,1.89,12420,5.67
539774,20726,LUNCH BAG WOODLAND,3.0,2023-11-09 08:26:43,1.71,12420,5.13
539774,84879,ASSORTED COLOUR BIRD ORNAMENT,1.0,2023-11-09 08:26:43,1.64,12420,1.64
539774,84406B,CREAM CUPID HEARTS COAT HANGER,3.0,2023-11-09 08:26:43,2.86,12420,8.58
539775,22411,JUMBO SHOPPER VINTAGE RED PAISLEY,2.0,2023-02-27 18:47:29,1.95,12877,3.9
539775,84969,BOX OF 6 ASSORTED COLOUR TEASPOONS,1.0,2023-02-27 18:47:29,4.24,12877,4.24
539777,22749,POPPY'S PLAYHOUSE LIVINGROOM,6.0,2023-05-29 06:47:09,2.12,12877,12.72
539778,84406B,CREAM CUPID HEARTS COAT HANGER,3.0,2023-05-30 19:46:12,2.86,13046,8.58
539778,20725,LUNCH BAG RED RETROSPOT,2.0,2023-05-30 19:46:12,1.73,13046,3.46
539779,22745,POPPY'S PLAYHOUSE BEDROOM,1.0,2023-11-28 22:37:26,2.15,12983,2.15
539779,22748,POPPY'S PLAYHOUSE KITCHEN,3.0,2023-11-28 22:37:26,2.18,12983,6.54
539779,22633,HAND WARMER UNION JACK,3.0,2023-11-28 22:37:26,1.89,12983,5.67
539779,22749,POPPY'S PLAYHOUSE LIVINGROOM,3.0,2023-11-28 22:37:26,2.07,12983,6.21
539781,22383,LUNCH BAG SUKI DESIGN,2.0,2023-08-30 18:25:49,1.58,12792,3.16
539782,84029E,RED WOOLLY HOTTIE WHITE HEART.,2.0,2023-09-15 20:32:15,3.38,12815,6.76
539782,21931,JUMBO STORAGE BAG SUKI,6.0,2023-09-15 20:32:15,1.86,12815,11.16
539783,84969,BOX OF 6 ASSORTED COLOUR TEASPOONS,1.0,2023-06-26 14:36:10,4.1,12710,4.1
539783,21730,GLASS STAR FROSTED T-LIGHT HOLDER,2.0,2023-06-26 14:36:10,4.42,12710,8.84
539783,85099B,JUMBO BAG RED RETROSPOT,6.0,2023-06-26 14:36:10,1.89,12710,11.34
539783,22382,LUNCH BAG SPACEBOY DESIGN,2.0,2023-06-26 14:36:10,1.72,12710,3.44
539784,22086,PAPER CHAIN KIT 50'S CHRISTMAS,1.0,2023-07-01 01:06:19,2.48,13051,2.48
539784,22382,LUNCH BAG SPACEBOY DESIGN,1.0,2023-07-01 01:06:19,1.61,13051,1.61
539784,20728,LUNCH BAG CARS BLUE,3.0,2023-07-01 01:06:19,1.63,13051,4.89
539784,84969,BOX OF 6 ASSORTED COLOUR TEASPOONS,2.0,2023-07-01 01:06:19,4.21,13051,8.42
539784,22310,IVORY KNITTED MUG COSY,4.0,2023-07-01 01:06:19,1.69,13051,6.76
539786,22748,POPPY'S PLAYHOUSE KITCHEN,1.0,2023-09-18 10:40:19,2.17,13032,2.17
539787,20728,LUNCH BAG CARS BLUE,1.0,2023-08-26 16:13:09,1.69,12662,1.69
539787,85123A,WHITE HANGING HEART T-LIGHT HOLDER,4.0,2023-08-26 16:13:09,2.53,12662,10.12
539787,84029E,RED WOOLLY HOTTIE WHITE HEART.,6.0,2023-08-26 16:13:09,3.46,12662,20.76
539788,71053,WHITE METAL LANTERN,1.0,2023-12-02 15:47:45,3.49,12791,3.49
539788,22632,HAND WARMER RED POLKA DOT,1.0,2023-12-02 15:47:45,1.79,12791,1.79
539788,21730,GLASS STAR FROSTED T-LIGHT HOLDER,2.0,2023-12-02 15:47:45,4.22,12791,8.44
539788,84406B,CREAM CUPID HEARTS COAT HANGER,2.0,2023-12-02 15:47:45,2.81,12791,5.62
539788,22384,LUNCH BAG PINK POLKADOT,1.0,2023-12-02 15:47:45,1.66,12791,1.66
539789,22310,IVORY KNITTED MUG COSY,3.0,2023-08-25 09:17:28,1.63,12704,4.89
539789,22745,POPPY'S PLAYHOUSE BEDROOM,6.0,2023-08-25 09:17:28,2.15,12704,12.9
539789,21931,JUMBO STORAGE BAG SUKI,1.0,2023-08-25 09:17:28,2.03,12704,2.03
539790,21730,GLASS STAR FROSTED T-LIGHT HOLDER,6.0,2023-08-01 18:44:18,4.29,13063,25.74
539790,20728,LUNCH BAG CARS BLUE,1.0,2023-08-01 18:44:18,1.72,13063,1.72
539790,20727,LUNCH BAG BLACK SKULL.,1.0,2023-08-01 18:44:18,1.61,13063,1.61
539790,84029G,KNITTED UNION FLAG HOT WATER BOTTLE,2.0,2023-08-01 18:44:18,3.32,13063,6.64
539791,85099F,JUMBO BAG STRAWBERRY,2.0,2023-04-18 14:11:52,1.94,12357,3.88
539791,20727,LUNCH BAG BLACK SKULL.,1.0,2023-04-18 14:11:52,1.59,12357,1.59
539791,22086,PAPER CHAIN KIT 50'S CHRISTMAS,2.0,2023-04-18 14:11:52,2.47,12357,4.94
539792,20725,LUNCH BAG RED RETROSPOT,2.0,2023-02-21 01:10:25,1.64,13133,3.28
539792,84969,BOX OF 6 ASSORTED COLOUR TEASPOONS,1.0,2023-02-21 01:10:25,4.45,13133,4.45
539792,22086,PAPER CHAIN KIT 50'S CHRISTMAS,4.0,2023-02-21 01:10:25,2.64,13133,10.56
539792,22383,LUNCH BAG SUKI DESIGN,2.0,2023-02-21 01:10:25,1.72,13133,3.44
539793,22745,POPPY'S PLAYHOUSE BEDROOM,6.0,2023-10-17 23:47:20,2.2,12966,13.2
539794,85099F,JUMBO BAG STRAWBERRY,1.0,2023-09-11 20:57:06,1.87,12877,1.87
539794,22745,POPPY'S PLAYHOUSE BEDROOM,6.0,2023-09-11 20:57:06,2.19,12877,13.14
539794,84406B,CREAM CUPID HEARTS COAT HANGER,2.0,2023-09-11 20:57:06,2.62,12877,5.24
539794,22384,LUNCH BAG PINK POLKADOT,3.0,2023-09-11 20:57:06,1.72,12877,5.16
539794,20725,LUNCH BAG RED RETROSPOT,4.0,2023-09-11 20:57:06,1.58,12877,6.32
539795,22411,JUMBO SHOPPER VINTAGE RED PAISLEY,4.0,2023-12-08 23:44:47,1.89,12486,7.56
539796,85099B,JUMBO BAG RED RETROSPOT,3.0,2023-09-03 22:05:59,1.99,12877,5.97
539798,21931,JUMBO STORAGE BAG SUKI,4.0,2023-08-07 08:35:23,1.98,12757,7.92
539799,20727,LUNCH BAG BLACK SKULL.,4.0,2023-04-20 16:57:35,1.61,12864,6.44
539800,22745,POPPY'S PLAYHOUSE BEDROOM,3.0,2023-10-12 02:27:03,2.06,12870,6.18
539800,22386,JUMBO BAG PINK POLKADOT,2.0,2023-10-12 02:27:03,1.87,12870,3.74
539800,47566,PARTY BUNTING,1.0,2023-10-12 02:27:03,4.52,12870,4.52
539800,20727,LUNCH BAG BLACK SKULL.,3.0,2023-10-12 02:27:03,1.67,12870,5.01
539800,84879,ASSORTED COLOUR BIRD ORNAMENT,3.0,2023-10-12 02:27:03,1.61,12870,4.83
539800,20725,LUNCH BAG RED RETROSPOT,1.0,2023-10-12 02:27:03,1.61,12870,1.61
539801,84029G,KNITTED UNION FLAG HOT WATER BOTTLE,2.0,2023-04-27 01:00:28,3.29,13007,6.58
539801,22382,LUNCH BAG SPACEBOY DESIGN,2.0,2023-04-27 01:00:28,1.69,13007,3.38
539801,22633,HAND WARMER UNION JACK,6.0,2023-04-27 01:00:28,1.81,13007,10.86
539801,84969,BOX OF 6 ASSORTED COLOUR TEASPOONS,4.0,2023-04-27 01:00:28,4.41,13007,17.64
539802,22745,POPPY'S PLAYHOUSE BEDROOM,3.0,2023-05-26 04:45:53,2.05,13051,6.15
539802,20725,LUNCH BAG RED RETROSPOT,3.0,2023-05-26 04:45:53,1.68,13051,5.04
539803,20727,LUNCH BAG BLACK SKULL.,6.0,2023-09-22 10:06:55,1.73,12877,10.38
539803,21931,JUMBO STORAGE BAG SUKI,1.0,2023-09-22 10:06:55,1.92,12877,1.92
539804,84879,ASSORTED COLOUR BIRD ORNAMENT,2.0,2023-09-17 06:51:12,1.74,12877,3.48
539804,22086,PAPER CHAIN KIT 50'S CHRISTMAS,1.0,2023-09-17 06:51:12,2.44,12877,2.44
539804,85099F,JUMBO BAG STRAWBERRY,3.0,2023-09-17 06:51:12,1.91,12877,5.73
539805,20727,LUNCH BAG BLACK SKULL.,1.0,2023-09-16 17:32:59,1.63,12821,1.63
539807,84029G,KNITTED UNION FLAG HOT WATER BOTTLE,2.0,2023-07-12 16:43:08,3.34,12877,6.68
539807,22748,POPPY'S PLAYHOUSE KITCHEN,1.0,2023-07-12 16:43:08,2.07,12877,2.07
539807,20727,LUNCH BAG BLACK SKULL.,3.0,2023-07-12 16:43:08,1.72,12877,5.16
539807,22310,IVORY KNITTED MUG COSY,2.0,2023-07-12 16:43:08,1.61,12877,3.22
539809,84969,BOX OF 6 ASSORTED COLOUR TEASPOONS,4.0,2023-06-27 03:29:53,4.36,12920,17.44
539811,22745,POPPY'S PLAYHOUSE BEDROOM,1.0,2023-08-05 16:02:54,2.2,12736,2.2
539812,20725,LUNCH BAG RED RETROSPOT,4.0,2023-11-11 21:52:49,1.66,12877,6.64
539812,20727,LUNCH BAG BLACK SKULL.,2.0,2023-11-11 21:52:49,1.64,12877,3.28
539814,21931,JUMBO STORAGE BAG SUKI,2.0,2023-01-22 04:22:38,2.01,12650,4.02
539814,85099B,JUMBO BAG RED RETROSPOT,4.0,2023-01-22 04:22:38,2.0,12650,8.0
539814,22310,IVORY KNITTED MUG COSY,3.0,2023-01-22 04:22:38,1.68,12650,5.04
539814,22411,JUMBO SHOPPER VINTAGE RED PAISLEY,3.0,2023-01-22 04:22:38,1.89,12650,5.67
539815,84029E,RED WOOLLY HOTTIE WHITE HEART.,1.0,2023-09-28 17:26:40,3.53,13063,3.53
539816,84406B,CREAM CUPID HEARTS COAT HANGER,1.0,2023-07-30 09:32:09,2.64,12574,2.64
539817,20728,LUNCH BAG CARS BLUE,4.0,2023-09-03 03:11:55,1.64,13105,6.56
539817,21931,JUMBO STORAGE BAG SUKI,6.0,2023-09-03 03:11:55,1.92,13105,11.52
539818,22633,HAND WARMER UNION JACK,1.0,2023-07-24 12:33:14,1.81,12467,1.81
539818,22386,JUMBO BAG PINK POLKADOT,1.0,2023-07-24 12:33:14,1.91,12467,1.91
539818,22310,IVORY KNITTED MUG COSY,1.0,2023-07-24 12:33:14,1.69,12467,1.69
539818,21931,JUMBO STORAGE BAG SUKI,3.0,2023-07-24 12:33:14,1.97,12467,5.91
539819,22633,HAND WARMER UNION JACK,1.0,2023-10-03 03:01:18,1.86,12877,1.86
539819,85099B,JUMBO BAG RED RETROSPOT,3.0,2023-10-03 03:01:18,1.86,12877,5.58
539819,21730,GLASS STAR FROSTED T-LIGHT HOLDER,1.0,2023-10-03 03:01:18,4.13,12877,4.13
539819,22749,POPPY'S PLAYHOUSE LIVINGROOM,1.0,2023-10-03 03:01:18,2.19,12877,2.19
539819,22086,PAPER CHAIN KIT 50'S CHRISTMAS,2.0,2023-10-03 03:01:18,2.55,12877,5.1
539820,22748,POPPY'S PLAYHOUSE KITCHEN,2.0,2023-11-30 12:49:04,2.14,12844,4.28
539820,22383,LUNCH BAG SUKI DESIGN,2.0,2023-11-30 12:49:04,1.73,12844,3.46
539820,84406B,CREAM CUPID HEARTS COAT HANGER,2.0,2023-11-30 12:49:04,2.64,12844,5.28
539820,47566,PARTY BUNTING,1.0,2023-11-30 12:49:04,4.64,12844,4.64
539820,22633,HAND WARMER UNION JACK,1.0,2023-11-30 12:49:04,1.84,12844,1.84
539821,85099F,JUMBO BAG STRAWBERRY,2.0,2023-09-25 14:43:05,2.03,12927,4.06
539821,22749,POPPY'S PLAYHOUSE LIVINGROOM,1.0,2023-09-25 14:43:05,2.01,12927,2.01
539824,85099F,JUMBO BAG STRAWBERRY,1.0,2023-04-02 20:19:24,1.88,12854,1.88
539824,20727,LUNCH BAG BLACK SKULL.,4.0,2023-04-02 20:19:24,1.66,12854,6.64
539824,85123A,WHITE HANGING HEART T-LIGHT HOLDER,2.0,2023-04-02 20:19:24,2.44,12854,4.88
539824,71053,WHITE METAL LANTERN,1.0,2023-04-02 20:19:24,3.43,12854,3.43
539825,20725,LUNCH BAG RED RETROSPOT,3.0,2023-08-07 06:41:53,1.61,12877,4.83
539825,22633,HAND WARMER UNION JACK,1.0,2023-08-07 06:41:53,1.85,12877,1.85
539826,84969,BOX OF 6 ASSORTED COLOUR TEASPOONS,1.0,2023-10-01 16:49:35,4.37,12877,4.37
539826,22310,IVORY KNITTED MUG COSY,3.0,2023-10-01 16:49:35,1.58,12877,4.74
539826,22633,HAND WARMER UNION JACK,4.0,2023-10-01 16:49:35,1.78,12877,7.12
539827,84029E,RED WOOLLY HOTTIE WHITE HEART.,1.0,2023-08-17 01:52:56,3.48,12719,3.48
539829,22384,LUNCH BAG PINK POLKADOT,1.0,2023-04-07 12:18:18,1.68,12572,1.68
539829,20727,LUNCH BAG BLACK SKULL.,4.0,2023-04-07 12:18:18,1.61,12572,6.44
539830,84969,BOX OF 6 ASSORTED COLOUR TEASPOONS,3.0,2023-10-14 23:50:30,4.36,13007,13.08
539830,84029G,KNITTED UNION FLAG HOT WATER BOTTLE,3.0,2023-10-14 23:50:30,3.48,13007,10.44
539831,85099F,JUMBO BAG STRAWBERRY,2.0,2023-07-03 09:44:43,1.92,13051,3.84
539831,85123A,WHITE HANGING HEART T-LIGHT HOLDER,4.0,2023-07-03 09:44:43,2.45,13051,9.8
539831,21730,GLASS STAR FROSTED T-LIGHT HOLDER,4.0,2023-07-03 09:44:43,4.18,13051,16.72
539831,22749,POPPY'S PLAYHOUSE LIVINGROOM,3.0,2023-07-03 09:44:43,2.09,13051,6.27
539831,84406B,CREAM CUPID HEARTS COAT HANGER,1.0,2023-07-03 09:44:43,2.73,13051,2.73
539833,84879,ASSORTED COLOUR BIRD ORNAMENT,2.0,2023-07-11 19:40:06,1.63,12965,3.26
539833,22382,LUNCH BAG SPACEBOY DESIGN,1.0,2023-07-11 19:40:06,1.64,12965,1.64
539833,22632,HAND WARMER RED POLKA DOT,1.0,2023-07-11 19:40:06,1.86,12965,1.86
539833,84029G,KNITTED UNION FLAG HOT WATER BOTTLE,2.0,2023-07-11 19:40:06,3.48,12965,6.96
539834,85099F,JUMBO BAG STRAWBERRY,1.0,2023-07-09 15:44:48,1.9,12618,1.9
539834,22086,PAPER CHAIN KIT 50'S CHRISTMAS,1.0,2023-07-09 15:44:48,2.48,12618,2.48
539834,22749,POPPY'S PLAYHOUSE LIVINGROOM,2.0,2023-07-09 15:44:48,2.17,12618,4.34
539835,84969,BOX OF 6 ASSORTED COLOUR TEASPOONS,2.0,2023-06-26 13:57:23,4.42,12844,8.84
539836,20727,LUNCH BAG BLACK SKULL.,1.0,2023-07-19 20:49:56,1.66,13067,1.66
539836,20726,LUNCH BAG WOODLAND,2.0,2023-07-19 20:49:56,1.63,13067,3.26
539836,47566,PARTY BUNTING,1.0,2023-07-19 20:49:56,4.72,13067,4.72
539837,22748,POPPY'S PLAYHOUSE KITCHEN,4.0,2023-09-14 14:38:29,2.06,12586,8.24
539837,85099B,JUMBO BAG RED RETROSPOT,3.0,2023-09-14 14:38:29,2.05,12586,6.15
539837,22632,HAND WARMER RED POLKA DOT,6.0,2023-09-14 14:38:29,1.8,12586,10.8
539837,22086,PAPER CHAIN KIT 50'S CHRISTMAS,2.0,2023-09-14 14:38:29,2.65,12586,5.3
539838,22411,JUMBO SHOPPER VINTAGE RED PAISLEY,1.0,2023-11-06 17:47:09,1.88,12845,1.88
539839,20728,LUNCH BAG CARS BLUE,6.0,2023-08-17 04:34:18,1.63,12537,9.78
539839,22383,LUNCH BAG SUKI DESIGN,1.0,2023-08-17 04:34:18,1.6,12537,1.6
539839,21931,JUMBO STORAGE BAG SUKI,1.0,2023-08-17 04:34:18,2.01,12537,2.01
539839,22745,POPPY'S PLAYHOUSE BEDROOM,1.0,2023-08-17 04:34:18,2.03,12537,2.03
539839,22749,POPPY'S PLAYHOUSE LIVINGROOM,1.0,2023-08-17 04:34:18,2.1,12537,2.1
539840,21730,GLASS STAR FROSTED T-LIGHT HOLDER,2.0,2023-07-26 00:36:21,4.46,12824,8.92
539841,20726,LUNCH BAG WOODLAND,3.0,2023-03-24 04:35:16,1.62,12904,4.86
539841,85099B,JUMBO BAG RED RETROSPOT,1.0,2023-03-24 04:35:16,1.89,12904,1.89
539843,84969,BOX OF 6 ASSORTED COLOUR TEASPOONS,3.0,2023-08-28 16:52:46,4.22,12877,12.66
539843,22745,POPPY'S PLAYHOUSE BEDROOM,3.0,2023-08-28 16:52:46,2.17,12877,6.51
539844,22086,PAPER CHAIN KIT 50'S CHRISTMAS,1.0,2023-06-30 00:54:51,2.66,12721,2.66
539845,22749,POPPY'S PLAYHOUSE LIVINGROOM,3.0,2023-07-26 18:54:26,2.08,12758,6.24
539845,21931,JUMBO STORAGE BAG SUKI,2.0,2023-07-26 18:54:26,1.98,12758,3.96
539846,22310,IVORY KNITTED MUG COSY,3.0,2023-12-05 07:13:28,1.6,12877,4.8
539846,22632,HAND WARMER RED POLKA DOT,1.0,2023-12-05 07:13:28,1.78,12877,1.78
539846,22386,JUMBO BAG PINK POLKADOT,1.0,2023-12-05 07:13:28,2.04,12877,2.04
539846,22633,HAND WARMER UNION JACK,1.0,2023-12-05 07:13:28,1.82,12877,1.82
539846,20725,LUNCH BAG RED RETROSPOT,1.0,2023-12-05 07:13:28,1.71,12877,1.71
539846,85099F,JUMBO BAG STRAWBERRY,3.0,2023-12-05 07:13:28,1.91,12877,5.73
539847,22749,POPPY'S PLAYHOUSE LIVINGROOM,1.0,2023-09-16 23:56:16,2.14,12844,2.14
539848,20727,LUNCH BAG BLACK SKULL.,1.0,2023-05-08 08:50:21,1.63,13061,1.63
539849,84879,ASSORTED COLOUR BIRD ORNAMENT,4.0,2023-07-26 21:12:24,1.69,12638,6.76
539849,71053,WHITE METAL LANTERN,1.0,2023-07-26 21:12:24,3.44,12638,3.44
539849,22411,JUMBO SHOPPER VINTAGE RED PAISLEY,2.0,2023-07-26 21:12:24,2.04,12638,4.08
539849,84029G,KNITTED UNION FLAG HOT WATER BOTTLE,1.0,2023-07-26 21:12:24,3.49,12638,3.49
539849,84029E,RED WOOLLY HOTTIE WHITE HEART.,4.0,2023-07-26 21:12:24,3.47,12638,13.88
539851,22086,PAPER CHAIN KIT 50'S CHRISTMAS,1.0,2023-04-08 02:28:01,2.57,12349,2.57
539851,21730,GLASS STAR FROSTED T-LIGHT HOLDER,1.0,2023-04-08 02:28:01,4.11,12349,4.11
539853,22633,HAND WARMER UNION JACK,2.0,2023-05-06 23:00:31,1.91,12877,3.82
539853,22632,HAND WARMER RED POLKA DOT,6.0,2023-05-06 23:00:31,1.85,12877,11.1
539853,22749,POPPY'S PLAYHOUSE LIVINGROOM,1.0,2023-05-06 23:00:31,2.03,12877,2.03
539853,71053,WHITE METAL LANTERN,1.0,2023-05-06 23:00:31,3.31,12877,3.31
539853,84029G,KNITTED UNION FLAG HOT WATER BOTTLE,1.0,2023-05-06 23:00:31,3.3,12877,3.3
539853,22086,PAPER CHAIN KIT 50'S CHRISTMAS,4.0,2023-05-06 23:00:31,2.61,12877,10.44
539855,20725,LUNCH BAG RED RETROSPOT,3.0,2023-09-19 16:42:25,1.61,12877,4.83
539855,22632,HAND WARMER RED POLKA DOT,4.0,2023-09-19 16:42:25,1.9,12877,7.6
539855,22383,LUNCH BAG SUKI DESIGN,6.0,2023-09-19 16:42:25,1.58,12877,9.48
539855,84879,ASSORTED COLOUR BIRD ORNAMENT,4.0,2023-09-19 16:42:25,1.64,12877,6.56
539857,71053,WHITE METAL LANTERN,2.0,2023-10-13 20:57:33,3.51,12546,7.02
539857,22383,LUNCH BAG SUKI DESIGN,3.0,2023-10-13 20:57:33,1.68,12546,5.04
539858,21730,GLASS STAR FROSTED T-LIGHT HOLDER,2.0,2023-08-25 01:07:57,4.23,12630,8.46
539858,20725,LUNCH BAG RED RETROSPOT,4.0,2023-08-25 01:07:57,1.57,12630,6.28
539858,22383,LUNCH BAG SUKI DESIGN,6.0,2023-08-25 01:07:57,1.59,12630,9.54
539858,85099F,JUMBO BAG STRAWBERRY,6.0,2023-08-25 01:07:57,1.89,12630,11.34
539859,84029G,KNITTED UNION FLAG HOT WATER BOTTLE,2.0,2023-07-06 07:05:39,3.43,12476,6.86
539859,22383,LUNCH BAG SUKI DESIGN,1.0,2023-07-06 07:05:39,1.71,12476,1.71
539859,20725,LUNCH BAG RED RETROSPOT,6.0,2023-07-06 07:05:39,1.7,12476,10.2
539859,22310,IVORY KNITTED MUG COSY,6.0,2023-07-06 07:05:39,1.72,12476,10.32
539859,20727,LUNCH BAG BLACK SKULL.,1.0,2023-07-06 07:05:39,1.7,12476,1.7
539860,85099B,JUMBO BAG RED RETROSPOT,1.0,2023-07-26 18:32:23,1.86,12821,1.86
539860,22382,LUNCH BAG SPACEBOY DESIGN,1.0,2023-07-26 18:32:23,1.68,12821,1.68
539861,22386,JUMBO BAG PINK POLKADOT,2.0,2023-04-12 21:46:31,1.88,12877,3.76
539862,84969,BOX OF 6 ASSORTED COLOUR TEASPOONS,4.0,2023-10-20 18:34:36,4.44,12877,17.76
539862,47566,PARTY BUNTING,1.0,2023-10-20 18:34:36,4.71,12877,4.71
539862,84879,ASSORTED COLOUR BIRD ORNAMENT,3.0,2023-10-20 18:34:36,1.69,12877,5.07
539862,21730,GLASS STAR FROSTED T-LIGHT HOLDER,2.0,2023-10-20 18:34:36,4.22,12877,8.44
539862,84029G,KNITTED UNION FLAG HOT WATER BOTTLE,1.0,2023-10-20 18:34:36,3.34,12877,3.34
539863,22632,HAND WARMER RED POLKA DOT,1.0,2023-09-21 07:27:02,1.85,12807,1.85
539864,21730,GLASS STAR FROSTED T-LIGHT HOLDER,1.0,2023-03-30 01:08:51,4.07,12864,4.07
539864,47566,PARTY BUNTING,3.0,2023-03-30 01:08:51,4.62,12864,13.86
539864,22749,POPPY'S PLAYHOUSE LIVINGROOM,2.0,2023-03-30 01:08:51,2.01,12864,4.02
539864,20726,LUNCH BAG WOODLAND,1.0,2023-03-30 01:08:51,1.6,12864,1.6
539865,22382,LUNCH BAG SPACEBOY DESIGN,3.0,2023-05-24 00:25:07,1.62,12670,4.86
539865,22086,PAPER CHAIN KIT 50'S CHRISTMAS,1.0,2023-05-24 00:25:07,2.48,12670,2.48
539865,22749,POPPY'S PLAYHOUSE LIVINGROOM,6.0,2023-05-24 00:25:07,2.05,12670,12.3
539865,85123A,WHITE HANGING HEART T-LIGHT HOLDER,6.0,2023-05-24 00:25:07,2.44,12670,14.64
539865,22632,HAND WARMER RED POLKA DOT,3.0,2023-05-24 00:25:07,1.92,12670,5.76
539866,47566,PARTY BUNTING,2.0,2023-12-09 03:01:26,4.44,12399,8.88
539866,21931,JUMBO STORAGE BAG SUKI,2.0,2023-12-09 03:01:26,1.87,12399,3.74
539866,84029G,KNITTED UNION FLAG HOT WATER BOTTLE,3.0,2023-12-09 03:01:26,3.27,12399,9.81
539866,84879,ASSORTED COLOUR BIRD ORNAMENT,4.0,2023-12-09 03:01:26,1.74,12399,6.96
539866,84406B,CREAM CUPID HEARTS COAT HANGER,2.0,2023-12-09 03:01:26,2.88,12399,5.76
539867,22633,HAND WARMER UNION JACK,3.0,2023-02-11 10:11:38,1.77,12845,5.31
539867,20728,LUNCH BAG CARS BLUE,1.0,2023-02-11 10:11:38,1.59,12845,1.59
539868,21730,GLASS STAR FROSTED T-LIGHT HOLDER,1.0,2023-02-13 07:19:15,4.13,12827,4.13
539869,84406B,CREAM CUPID HEARTS COAT HANGER,4.0,2023-08-02 18:34:20,2.66,12877,10.64
539871,71053,WHITE METAL LANTERN,3.0,2023-08-06 02:35:35,3.5,12792,10.5
539872,84029G,KNITTED UNION FLAG HOT WATER BOTTLE,1.0,2023-08-19 06:11:51,3.38,12561,3.38
539872,22386,JUMBO BAG PINK POLKADOT,1.0,2023-08-19 06:11:51,2.01,12561,2.01
539872,85099B,JUMBO BAG RED RETROSPOT,2.0,2023-08-19 06:11:51,2.02,12561,4.04
539872,21730,GLASS STAR FROSTED T-LIGHT HOLDER,3.0,2023-08-19 06:11:51,4.38,12561,13.14
539873,21730,GLASS STAR FROSTED T-LIGHT HOLDER,2.0,2023-09-14 08:54:20,4.33,13069,8.66
539873,22310,IVORY KNITTED MUG COSY,3.0,2023-09-14 08:54:20,1.57,13069,4.71
539873,85123A,WHITE HANGING HEART T-LIGHT HOLDER,3.0,2023-09-14 08:54:20,2.62,13069,7.86
539874,85123A,WHITE HANGING HEART T-LIGHT HOLDER,6.0,2023-09-05 09:26:35,2.48,12745,14.88
539875,21730,GLASS STAR FROSTED T-LIGHT HOLDER,3.0,2023-10-18 15:53:52,4.23,12450,12.69
539875,22633,HAND WARMER UNION JACK,2.0,2023-10-18 15:53:52,1.9,12450,3.8
539876,20725,LUNCH BAG RED RETROSPOT,2.0,2023-09-06 07:44:20,1.62,12697,3.24
539876,22086,PAPER CHAIN KIT 50'S CHRISTMAS,4.0,2023-09-06 07:44:20,2.66,12697,10.64
539876,22745,POPPY'S PLAYHOUSE BEDROOM,3.0,2023-09-06 07:44:20,2.19,12697,6.57
539876,84029G,KNITTED UNION FLAG HOT WATER BOTTLE,1.0,2023-09-06 07:44:20,3.53,12697,3.53
539878,21730,GLASS STAR FROSTED T-LIGHT HOLDER,1.0,2023-08-07 08:56:28,4.2,13041,4.2
539878,20725,LUNCH BAG RED RETROSPOT,2.0,2023-08-07 08:56:28,1.7,13041,3.4
539879,20727,LUNCH BAG BLACK SKULL.,1.0,2023-08-28 21:23:19,1.64,12957,1.64
539879,22383,LUNCH BAG SUKI DESIGN,2.0,2023-08-28 21:23:19,1.68,12957,3.36
539879,84969,BOX OF 6 ASSORTED COLOUR TEASPOONS,6.0,2023-08-28 21:23:19,4.18,12957,25.08
539879,84406B,CREAM CUPID HEARTS COAT HANGER,1.0,2023-08-28 21:23:19,2.84,12957,2.84
539880,85099B,JUMBO BAG RED RETROSPOT,1.0,2023-03-31 03:51:00,2.04,13051,2.04
539880,22745,POPPY'S PLAYHOUSE BEDROOM,1.0,2023-03-31 03:51:00,2.09,13051,2.09
539880,20728,LUNCH BAG CARS BLUE,3.0,2023-03-31 03:51:00,1.68,13051,5.04
539881,84029E,RED WOOLLY HOTTIE WHITE HEART.,2.0,2023-07-13 23:55:03,3.4,12587,6.8
539881,21730,GLASS STAR FROSTED T-LIGHT HOLDER,1.0,2023-07-13 23:55:03,4.41,12587,4.41
539882,47566,PARTY BUNTING,2.0,2023-06-22 19:50:03,4.78,12923,9.56
539882,84029G,KNITTED UNION FLAG HOT WATER BOTTLE,1.0,2023-06-22 19:50:03,3.24,12923,3.24
539882,22382,LUNCH BAG SPACEBOY DESIGN,2.0,2023-06-22 19:50:03,1.73,12923,3.46
539882,20725,LUNCH BAG RED RETROSPOT,2.0,2023-06-22 19:50:03,1.71,12923,3.42
539882,22745,POPPY'S PLAYHOUSE BEDROOM,3.0,2023-06-22 19:50:03,2.07,12923,6.21
539882,84879,ASSORTED COLOUR BIRD ORNAMENT,3.0,2023-06-22 19:50:03,1.61,12923,4.83
539883,84406B,CREAM CUPID HEARTS COAT HANGER,1.0,2023-11-05 16:18:30,2.77,12374,2.77
539883,20727,LUNCH BAG BLACK SKULL.,4.0,2023-11-05 16:18:30,1.67,12374,6.68
539883,22382,LUNCH BAG SPACEBOY DESIGN,1.0,2023-11-05 16:18:30,1.58,12374,1.58
539883,84029E,RED WOOLLY HOTTIE WHITE HEART.,1.0,2023-11-05 16:18:30,3.5,12374,3.5
539884,47566,PARTY BUNTING,2.0,2023-12-06 00:39:00,4.77,12656,9.54
539884,20727,LUNCH BAG BLACK SKULL.,1.0,2023-12-06 00:39:00,1.72,12656,1.72
539884,21931,JUMBO STORAGE BAG SUKI,1.0,2023-12-06 00:39:00,2.01,12656,2.01
539884,22384,LUNCH BAG PINK POLKADOT,1.0,2023-12-06 00:39:00,1.67,12656,1.67
539884,84879,ASSORTED COLOUR BIRD ORNAMENT,4.0,2023-12-06 00:39:00,1.67,12656,6.68
539885,22382,LUNCH BAG SPACEBOY DESIGN,2.0,2023-07-24 20:45:52,1.58,12877,3.16
539885,47566,PARTY BUNTING,1.0,2023-07-24 20:45:52,4.79,12877,4.79
539887,22386,JUMBO BAG PINK POLKADOT,2.0,2023-01-27 03:59:56,2.0,12875,4.0
539888,22748,POPPY'S PLAYHOUSE KITCHEN,6.0,2023-02-11 13:02:47,2.05,12886,12.3
539890,84029G,KNITTED UNION FLAG HOT WATER BOTTLE,1.0,2023-07-24 12:37:45,3.48,12624,3.48
539891,22632,HAND WARMER RED POLKA DOT,1.0,2023-11-02 10:32:24,1.8,12651,1.8
539891,84029G,KNITTED UNION FLAG HOT WATER BOTTLE,1.0,2023-11-02 10:32:24,3.39,12651,3.39
539891,84406B,CREAM CUPID HEARTS COAT HANGER,1.0,2023-11-02 10:32:24,2.75,12651,2.75
539891,22382,LUNCH BAG SPACEBOY DESIGN,1.0,2023-11-02 10:32:24,1.68,12651,1.68
539892,22086,PAPER CHAIN KIT 50'S CHRISTMAS,4.0,2023-05-07 22:18:09,2.45,12520,9.8
539892,22411,JUMBO SHOPPER VINTAGE RED PAISLEY,1.0,2023-05-07 22:18:09,1.9,12520,1.9
539892,22749,POPPY'S PLAYHOUSE LIVINGROOM,4.0,2023-05-07 22:18:09,2.11,12520,8.44
539892,22632,HAND WARMER RED POLKA DOT,2.0,2023-05-07 22:18:09,1.87,12520,3.74
539892,22310,IVORY KNITTED MUG COSY,3.0,2023-05-07 22:18:09,1.62,12520,4.86
539893,84029E,RED WOOLLY HOTTIE WHITE HEART.,1.0,2023-09-19 03:28:25,3.3,12878,3.3
539894,22384,LUNCH BAG PINK POLKADOT,1.0,2023-08-14 20:06:18,1.66,12594,1.66
539895,22384,LUNCH BAG PINK POLKADOT,1.0,2023-05-21 18:59:56,1.61,13142,1.61
539895,47566,PARTY BUNTING,2.0,2023-05-21 18:59:56,4.67,13142,9.34
539895,22382,LUNCH BAG SPACEBOY DESIGN,2.0,2023-05-21 18:59:56,1.59,13142,3.18
539895,21730,GLASS STAR FROSTED T-LIGHT HOLDER,1.0,2023-05-21 18:59:56,4.04,13142,4.04
539896,21730,GLASS STAR FROSTED T-LIGHT HOLDER,2.0,2023-07-10 05:04:22,4.35,12844,8.7
539896,21931,JUMBO STORAGE BAG SUKI,3.0,2023-07-10 05:04:22,1.94,12844,5.82
539896,84879,ASSORTED COLOUR BIRD ORNAMENT,2.0,2023-07-10 05:04:22,1.67,12844,3.34
539899,22632,HAND WARMER RED POLKA DOT,1.0,2023-11-02 01:06:36,1.91,12817,1.91
539899,22382,LUNCH BAG SPACEBOY DESIGN,1.0,2023-11-02 01:06:36,1.69,12817,1.69
539899,85123A,WHITE HANGING HEART T-LIGHT HOLDER,6.0,2023-11-02 01:06:36,2.5,12817,15.0
539899,85099F,JUMBO BAG STRAWBERRY,4.0,2023-11-02 01:06:36,1.88,12817,7.52
539899,20725,LUNCH BAG RED RETROSPOT,4.0,2023-11-02 01:06:36,1.71,12817,6.84
539900,21931,JUMBO STORAGE BAG SUKI,1.0,2023-10-21 08:10:43,2.03,12728,2.03
539900,22386,JUMBO BAG PINK POLKADOT,6.0,2023-10-21 08:10:43,1.98,12728,11.88
539900,22632,HAND WARMER RED POLKA DOT,1.0,2023-10-21 08:10:43,1.84,12728,1.84
539901,84029G,KNITTED UNION FLAG HOT WATER BOTTLE,2.0,2023-05-11 20:31:38,3.43,12450,6.86
539903,84029E,RED WOOLLY HOTTIE WHITE HEART.,2.0,2023-05-22 18:18:24,3.42,12380,6.84
539903,22748,POPPY'S PLAYHOUSE KITCHEN,3.0,2023-05-22 18:18:24,2.13,12380,6.39
539903,22411,JUMBO SHOPPER VINTAGE RED PAISLEY,1.0,2023-05-22 18:18:24,1.87,12380,1.87
539904,85123A,WHITE HANGING HEART T-LIGHT HOLDER,2.0,2023-04-27 07:57:48,2.52,12355,5.04
539904,22633,HAND WARMER UNION JACK,1.0,2023-04-27 07:57:48,1.8,12355,1.8
539905,20728,LUNCH BAG CARS BLUE,1.0,2023-09-27 08:11:32,1.64,12757,1.64
539905,20727,LUNCH BAG BLACK SKULL.,1.0,2023-09-27 08:11:32,1.66,12757,1.66
539907,47566,PARTY BUNTING,2.0,2023-07-24 04:39:20,4.47,13051,8.94
539907,22633,HAND WARMER UNION JACK,1.0,2023-07-24 04:39:20,1.81,13051,1.81
539907,22748,POPPY'S PLAYHOUSE KITCHEN,1.0,2023-07-24 04:39:20,2.15,13051,2.15
539908,20726,LUNCH BAG WOODLAND,1.0,2023-07-22 01:50:29,1.67,12854,1.67
539908,84029E,RED WOOLLY HOTTIE WHITE HEART.,1.0,2023-07-22 01:50:29,3.3,12854,3.3
539908,22749,POPPY'S PLAYHOUSE LIVINGROOM,1.0,2023-07-22 01:50:29,2.08,12854,2.08
539910,22310,IVORY KNITTED MUG COSY,2.0,2023-09-19 02:40:00,1.69,12821,3.38
539911,71053,WHITE METAL LANTERN,1.0,2023-08-04 10:01:42,3.3,12877,3.3
539911,22310,IVORY KNITTED MUG COSY,1.0,2023-08-04 10:01:42,1.64,12877,1.64
539911,84406B,CREAM CUPID HEARTS COAT HANGER,1.0,2023-08-04 10:01:42,2.62,12877,2.62
539911,22086,PAPER CHAIN KIT 50'S CHRISTMAS,3.0,2023-08-04 10:01:42,2.5,12877,7.5
539912,85099B,JUMBO BAG RED RETROSPOT,6.0,2023-11-12 03:45:09,1.97,12410,11.82
539912,20726,LUNCH BAG WOODLAND,2.0,2023-11-12 03:45:09,1.65,12410,3.3
539912,84406B,CREAM CUPID HEARTS COAT HANGER,2.0,2023-11-12 03:45:09,2.87,12410,5.74
539912,20725,LUNCH BAG RED RETROSPOT,1.0,2023-11-12 03:45:09,1.59,12410,1.59
539913,21730,GLASS STAR FROSTED T-LIGHT HOLDER,3.0,2023-03-11 22:50:41,4.42,13057,13.26
539913,85099B,JUMBO BAG RED RETROSPOT,4.0,2023-03-11 22:50:41,1.92,13057,7.68
539913,84029G,KNITTED UNION FLAG HOT WATER BOTTLE,4.0,2023-03-11 22:50:41,3.33,13057,13.32
539913,22749,POPPY'S PLAYHOUSE LIVINGROOM,1.0,2023-03-11 22:50:41,2.05,13057,2.05
539913,22411,JUMBO SHOPPER VINTAGE RED PAISLEY,4.0,2023-03-11 22:50:41,1.92,13057,7.68
539914,47566,PARTY BUNTING,1.0,2023-06-09 17:50:10,4.6,12877,4.6
539914,20725,LUNCH BAG RED RETROSPOT,1.0,2023-06-09 17:50:10,1.66,12877,1.66
539914,20727,LUNCH BAG BLACK SKULL.,2.0,2023-06-09 17:50:10,1.67,12877,3.34
539914,22383,LUNCH BAG SUKI DESIGN,2.0,2023-06-09 17:50:10,1.59,12877,3.18
539914,85099B,JUMBO BAG RED RETROSPOT,3.0,2023-06-09 17:50:10,2.01,12877,6.03
539915,21931,JUMBO STORAGE BAG SUKI,2.0,2023-11-11 00:30:36,1.88,12438,3.76
539915,20726,LUNCH BAG WOODLAND,6.0,2023-11-11 00:30:36,1.7,12438,10.2
539916,22748,POPPY'S PLAYHOUSE KITCHEN,1.0,2023-06-22 09:58:20,2.2,12905,2.2
539918,47566,PARTY BUNTING,4.0,2023-11-11 09:08:46,4.54,13066,18.16
539918,22411,JUMBO SHOPPER VINTAGE RED PAISLEY,2.0,2023-11-11 09:08:46,2.03,13066,4.06
539918,84879,ASSORTED COLOUR BIRD ORNAMENT,3.0,2023-11-11 09:08:46,1.68,13066,5.04
539919,22633,HAND WARMER UNION JACK,6.0,2023-07-05 03:18:14,1.79,13051,10.74
539919,22386,JUMBO BAG PINK POLKADOT,1.0,2023-07-05 03:18:14,1.88,13051,1.88
539919,20728,LUNCH BAG CARS BLUE,1.0,2023-07-05 03:18:14,1.61,13051,1.61
539920,47566,PARTY BUNTING,6.0,2023-07-14 02:22:42,4.67,13030,28.02
539920,20725,LUNCH BAG RED RETROSPOT,1.0,2023-07-14 02:22:42,1.66,13030,1.66
539920,84879,ASSORTED COLOUR BIRD ORNAMENT,3.0,2023-07-14 02:22:42,1.63,13030,4.89
539921,84406B,CREAM CUPID HEARTS COAT HANGER,2.0,2023-05-15 02:50:00,2.75,12602,5.5
539921,22745,POPPY'S PLAYHOUSE BEDROOM,3.0,2023-05-15 02:50:00,2.09,12602,6.27
539921,22383,LUNCH BAG SUKI DESIGN,1.0,2023-05-15 02:50:00,1.62,12602,1.62
539921,21931,JUMBO STORAGE BAG SUKI,1.0,2023-05-15 02:50:00,1.95,12602,1.95
539922,22632,HAND WARMER RED POLKA DOT,3.0,2023-09-04 17:33:16,1.9,12549,5.7
539922,85099B,JUMBO BAG RED RETROSPOT,6.0,2023-09-04 17:33:16,1.88,12549,11.28
539922,22310,IVORY KNITTED MUG COSY,3.0,2023-09-04 17:33:16,1.57,12549,4.71
539922,22745,POPPY'S PLAYHOUSE BEDROOM,1.0,2023-09-04 17:33:16,2.03,12549,2.03
539923,84029E,RED WOOLLY HOTTIE WHITE HEART.,1.0,2023-09-06 02:53:58,3.47,12787,3.47
539923,22086,PAPER CHAIN KIT 50'S CHRISTMAS,1.0,2023-09-06 02:53:58,2.52,12787,2.52
539923,22411,JUMBO SHOPPER VINTAGE RED PAISLEY,1.0,2023-09-06 02:53:58,1.97,12787,1.97
539924,20728,LUNCH BAG CARS BLUE,1.0,2023-09-07 14:22:04,1.67,12401,1.67
539925,22411,JUMBO SHOPPER VINTAGE RED PAISLEY,3.0,2023-10-18 07:55:10,2.03,12979,6.09
539925,85099F,JUMBO BAG STRAWBERRY,6.0,2023-10-18 07:55:10,1.98,12979,11.88
539925,20725,LUNCH BAG RED RETROSPOT,2.0,2023-10-18 07:55:10,1.69,12979,3.38
539926,20726,LUNCH BAG WOODLAND,2.0,2023-10-29 21:56:47,1.63,12740,3.26
539926,22749,POPPY'S PLAYHOUSE LIVINGROOM,2.0,2023-10-29 21:56:47,2.01,12740,4.02
539927,20726,LUNCH BAG WOODLAND,1.0,2023-04-06 02:40:21,1.72,12357,1.72
539927,20727,LUNCH BAG BLACK SKULL.,1.0,2023-04-06 02:40:21,1.63,12357,1.63
539927,84029G,KNITTED UNION FLAG HOT WATER BOTTLE,3.0,2023-04-06 02:40:21,3.24,12357,9.72
539927,22411,JUMBO SHOPPER VINTAGE RED PAISLEY,2.0,2023-04-06 02:40:21,1.86,12357,3.72
539927,85099B,JUMBO BAG RED RETROSPOT,1.0,2023-04-06 02:40:21,2.01,12357,2.01
539928,20725,LUNCH BAG RED RETROSPOT,1.0,2023-11-23 16:30:27,1.61,12872,1.61
539928,47566,PARTY BUNTING,1.0,2023-11-23 16:30:27,4.56,12872,4.56
539930,84879,ASSORTED COLOUR BIRD ORNAMENT,1.0,2023-05-23 18:09:57,1.65,12461,1.65
539930,22745,POPPY'S PLAYHOUSE BEDROOM,2.0,2023-05-23 18:09:57,2.15,12461,4.3
539930,85099B,JUMBO BAG RED RETROSPOT,2.0,2023-05-23 18:09:57,1.95,12461,3.9
539930,85099F,JUMBO BAG STRAWBERRY,6.0,2023-05-23 18:09:57,1.86,12461,11.16
539930,22310,IVORY KNITTED MUG COSY,3.0,2023-05-23 18:09:57,1.66,12461,4.98
539930,84029E,RED WOOLLY HOTTIE WHITE HEART.,1.0,2023-05-23 18:09:57,3.53,12461,3.53
539932,22386,JUMBO BAG PINK POLKADOT,1.0,2023-08-16 20:53:44,1.94,13004,1.94
539932,22411,JUMBO SHOPPER VINTAGE RED PAISLEY,6.0,2023-08-16 20:53:44,1.99,13004,11.94
539932,20727,LUNCH BAG BLACK SKULL.,1.0,2023-08-16 20:53:44,1.63,13004,1.63
539932,22633,HAND WARMER UNION JACK,1.0,2023-08-16 20:53:44,1.87,13004,1.87
539933,22384,LUNCH BAG PINK POLKADOT,1.0,2023-04-29 16:27:24,1.72,12500,1.72
539934,84406B,CREAM CUPID HEARTS COAT HANGER,2.0,2023-11-15 04:03:15,2.84,12588,5.68
539936,22749,POPPY'S PLAYHOUSE LIVINGROOM,2.0,2023-09-19 00:51:36,2.14,12399,4.28
539936,85123A,WHITE HANGING HEART T-LIGHT HOLDER,2.0,2023-09-19 00:51:36,2.5,12399,5.0
539936,85099B,JUMBO BAG RED RETROSPOT,1.0,2023-09-19 00:51:36,1.86,12399,1.86
539937,22745,POPPY'S PLAYHOUSE BEDROOM,2.0,2023-07-03 21:10:07,2.11,12591,4.22
539937,21931,JUMBO STORAGE BAG SUKI,1.0,2023-07-03 21:10:07,1.97,12591,1.97
539937,20727,LUNCH BAG BLACK SKULL.,3.0,2023-07-03 21:10:07,1.63,12591,4.89
539937,22633,HAND WARMER UNION JACK,1.0,2023-07-03 21:10:07,1.78,12591,1.78
539938,20727,LUNCH BAG BLACK SKULL.,1.0,2023-04-18 00:19:01,1.71,12744,1.71
539938,47566,PARTY BUNTING,1.0,2023-04-18 00:19:01,4.74,12744,4.74
539938,84029G,KNITTED UNION FLAG HOT WATER BOTTLE,2.0,2023-04-18 00:19:01,3.49,12744,6.98
539938,22749,POPPY'S PLAYHOUSE LIVINGROOM,3.0,2023-04-18 00:19:01,2.05,12744,6.15
539938,71053,WHITE METAL LANTERN,1.0,2023-04-18 00:19:01,3.36,12744,3.36
539938,22411,JUMBO SHOPPER VINTAGE RED PAISLEY,4.0,2023-04-18 00:19:01,1.98,12744,7.92
539939,84029E,RED WOOLLY HOTTIE WHITE HEART.,3.0,2023-11-18 05:46:19,3.33,12380,9.99
539940,85123A,WHITE HANGING HEART T-LIGHT HOLDER,2.0,2023-08-08 18:40:22,2.6,12757,5.2
539940,71053,WHITE METAL LANTERN,6.0,2023-08-08 18:40:22,3.33,12757,19.98
539941,21931,JUMBO STORAGE BAG SUKI,1.0,2023-10-24 08:20:45,1.98,13061,1.98
539941,22386,JUMBO BAG PINK POLKADOT,1.0,2023-10-24 08:20:45,1.93,13061,1.93
539941,22749,POPPY'S PLAYHOUSE LIVINGROOM,1.0,2023-10-24 08:20:45,2.16,13061,2.16
539941,20727,LUNCH BAG BLACK SKULL.,1.0,2023-10-24 08:20:45,1.59,13061,1.59
539942,20727,LUNCH BAG BLACK SKULL.,2.0,2023-10-19 22:12:32,1.6,12864,3.2
539942,84969,BOX OF 6 ASSORTED COLOUR TEASPOONS,1.0,2023-10-19 22:12:32,4.06,12864,4.06
539943,85123A,WHITE HANGING HEART T-LIGHT HOLDER,2.0,2023-08-20 20:11:34,2.56,12347,5.12
539943,84879,ASSORTED COLOUR BIRD ORNAMENT,3.0,2023-08-20 20:11:34,1.67,12347,5.01
539944,84879,ASSORTED COLOUR BIRD ORNAMENT,1.0,2023-07-19 10:52:25,1.66,12877,1.66
539944,22411,JUMBO SHOPPER VINTAGE RED PAISLEY,2.0,2023-07-19 10:52:25,2.01,12877,4.02
539944,85099B,JUMBO BAG RED RETROSPOT,1.0,2023-07-19 10:52:25,1.99,12877,1.99
539944,22384,LUNCH BAG PINK POLKADOT,1.0,2023-07-19 10:52:25,1.6,12877,1.6
539945,85099F,JUMBO BAG STRAWBERRY,6.0,2023-06-30 02:39:06,1.99,12792,11.94
539945,21931,JUMBO STORAGE BAG SUKI,1.0,2023-06-30 02:39:06,1.88,12792,1.88
539946,20728,LUNCH BAG CARS BLUE,1.0,2023-10-31 13:30:45,1.64,12593,1.64
539946,21931,JUMBO STORAGE BAG SUKI,1.0,2023-10-31 13:30:45,1.9,12593,1.9
539947,47566,PARTY BUNTING,3.0,2023-10-22 15:13:16,4.75,12878,14.25
539947,21730,GLASS STAR FROSTED T-LIGHT HOLDER,3.0,2023-10-22 15:13:16,4.24,12878,12.72
539947,22310,IVORY KNITTED MUG COSY,2.0,2023-10-22 15:13:16,1.65,12878,3.3
539947,22633,HAND WARMER UNION JACK,1.0,2023-10-22 15:13:16,1.83,12878,1.83
539947,85099B,JUMBO BAG RED RETROSPOT,1.0,2023-10-22 15:13:16,1.94,12878,1.94
539949,85099B,JUMBO BAG RED RETROSPOT,6.0,2023-11-30 04:28:27,2.01,13063,12.06
539949,84029E,RED WOOLLY HOTTIE WHITE HEART.,4.0,2023-11-30 04:28:27,3.42,13063,13.68
539949,22086,PAPER CHAIN KIT 50'S CHRISTMAS,1.0,2023-11-30 04:28:27,2.59,13063,2.59
539949,22383,LUNCH BAG SUKI DESIGN,2.0,2023-11-30 04:28:27,1.68,13063,3.36
539949,20725,LUNCH BAG RED RETROSPOT,2.0,2023-11-30 04:28:27,1.67,13063,3.34
539950,20727,LUNCH BAG BLACK SKULL.,6.0,2023-09-18 15:24:07,1.6,13030,9.6
539951,21730,GLASS STAR FROSTED T-LIGHT HOLDER,1.0,2023-07-08 07:07:03,4.25,12372,4.25
539951,22086,PAPER CHAIN KIT 50'S CHRISTMAS,1.0,2023-07-08 07:07:03,2.51,12372,2.51
539951,20725,LUNCH BAG RED RETROSPOT,3.0,2023-07-08 07:07:03,1.72,12372,5.16
539952,22745,POPPY'S PLAYHOUSE BEDROOM,2.0,2023-09-16 09:27:30,2.03,12653,4.06
539952,22748,POPPY'S PLAYHOUSE KITCHEN,2.0,2023-09-16 09:27:30,2.16,12653,4.32
539952,47566,PARTY BUNTING,2.0,2023-09-16 09:27:30,4.76,12653,9.52
539953,84406B,CREAM CUPID HEARTS COAT HANGER,2.0,2023-10-23 01:25:43,2.73,12387,5.46
539954,22382,LUNCH BAG SPACEBOY DESIGN,1.0,2023-11-18 22:50:22,1.59,12712,1.59
539954,22633,HAND WARMER UNION JACK,1.0,2023-11-18 22:50:22,1.83,12712,1.83
539954,22384,LUNCH BAG PINK POLKADOT,6.0,2023-11-18 22:50:22,1.65,12712,9.9
539955,85099B,JUMBO BAG RED RETROSPOT,6.0,2023-10-02 03:20:17,1.9,12787,11.4
539955,20727,LUNCH BAG BLACK SKULL.,1.0,2023-10-02 03:20:17,1.72,12787,1.72
539955,21931,JUMBO STORAGE BAG SUKI,2.0,2023-10-02 03:20:17,1.92,12787,3.84
539955,85123A,WHITE HANGING HEART T-LIGHT HOLDER,1.0,2023-10-02 03:20:17,2.63,12787,2.63
539956,84029G,KNITTED UNION FLAG HOT WATER BOTTLE,1.0,2023-06-05 20:57:03,3.24,12766,3.24
539956,22745,POPPY'S PLAYHOUSE BEDROOM,1.0,2023-06-05 20:57:03,2.09,12766,2.09
539957,20727,LUNCH BAG BLACK SKULL.,3.0,2023-07-21 18:07:37,1.61,12757,4.83
539957,85123A,WHITE HANGING HEART T-LIGHT HOLDER,6.0,2023-07-21 18:07:37,2.55,12757,15.3
539957,85099F,JUMBO BAG STRAWBERRY,2.0,2023-07-21 18:07:37,1.97,12757,3.94
539958,21931,JUMBO STORAGE BAG SUKI,1.0,2023-09-02 15:29:49,1.9,12877,1.9
539958,22384,LUNCH BAG PINK POLKADOT,3.0,2023-09-02 15:29:49,1.61,12877,4.83
539958,21730,GLASS STAR FROSTED T-LIGHT HOLDER,4.0,2023-09-02 15:29:49,4.46,12877,17.84
539960,22384,LUNCH BAG PINK POLKADOT,2.0,2023-07-31 13:36:57,1.58,13066,3.16
539960,85099B,JUMBO BAG RED RETROSPOT,1.0,2023-07-31 13:36:57,1.88,13066,1.88
539960,20726,LUNCH BAG WOODLAND,3.0,2023-07-31 13:36:57,1.58,13066,4.74
539960,47566,PARTY BUNTING,2.0,2023-07-31 13:36:57,4.71,13066,9.42
539960,85123A,WHITE HANGING HEART T-LIGHT HOLDER,1.0,2023-07-31 13:36:57,2.51,13066,2.51
539960,22748,POPPY'S PLAYHOUSE KITCHEN,1.0,2023-07-31 13:36:57,2.13,13066,2.13
539963,71053,WHITE METAL LANTERN,2.0,2023-06-09 05:22:51,3.51,12415,7.02
539963,84406B,CREAM CUPID HEARTS COAT HANGER,1.0,2023-06-09 05:22:51,2.63,12415,2.63
539963,47566,PARTY BUNTING,3.0,2023-06-09 05:22:51,4.67,12415,14.01
539963,22382,LUNCH BAG SPACEBOY DESIGN,1.0,2023-06-09 05:22:51,1.59,12415,1.59
539964,20727,LUNCH BAG BLACK SKULL.,1.0,2023-09-19 10:28:31,1.66,13145,1.66
539965,20726,LUNCH BAG WOODLAND,3.0,2023-11-20 10:19:33,1.68,12682,5.04
539965,22411,JUMBO SHOPPER VINTAGE RED PAISLEY,6.0,2023-11-20 10:19:33,1.92,12682,11.52
539965,47566,PARTY BUNTING,4.0,2023-11-20 10:19:33,4.43,12682,17.72
539965,20727,LUNCH BAG BLACK SKULL.,4.0,2023-11-20 10:19:33,1.7,12682,6.8
539967,85123A,WHITE HANGING HEART T-LIGHT HOLDER,1.0,2023-10-10 08:47:36,2.66,13007,2.66
539967,84029G,KNITTED UNION FLAG HOT WATER BOTTLE,1.0,2023-10-10 08:47:36,3.4,13007,3.4
539967,84969,BOX OF 6 ASSORTED COLOUR TEASPOONS,1.0,2023-10-10 08:47:36,4.43,13007,4.43
539967,22749,POPPY'S PLAYHOUSE LIVINGROOM,3.0,2023-10-10 08:47:36,2.14,13007,6.42
539968,71053,WHITE METAL LANTERN,4.0,2023-06-20 16:52:58,3.36,12683,13.44
539969,20725,LUNCH BAG RED RETROSPOT,2.0,2023-07-28 08:57:58,1.68,12877,3.36
539969,84879,ASSORTED COLOUR BIRD ORNAMENT,6.0,2023-07-28 08:57:58,1.72,12877,10.32
539969,22749,POPPY'S PLAYHOUSE LIVINGROOM,1.0,2023-07-28 08:57:58,2.1,12877,2.1
539969,22633,HAND WARMER UNION JACK,2.0,2023-07-28 08:57:58,1.83,12877,3.66
539969,47566,PARTY BUNTING,3.0,2023-07-28 08:57:58,4.87,12877,14.61
539970,84879,ASSORTED COLOUR BIRD ORNAMENT,3.0,2023-07-21 18:54:54,1.64,12845,4.92
539970,20725,LUNCH BAG RED RETROSPOT,1.0,2023-07-21 18:54:54,1.63,12845,1.63
539971,22745,POPPY'S PLAYHOUSE BEDROOM,3.0,2023-10-30 23:16:06,2.05,12724,6.15
539971,22632,HAND WARMER RED POLKA DOT,1.0,2023-10-30 23:16:06,1.78,12724,1.78
539972,21931,JUMBO STORAGE BAG SUKI,6.0,2023-06-02 21:41:24,2.01,13051,12.06
539972,20725,LUNCH BAG RED RETROSPOT,2.0,2023-06-02 21:41:24,1.61,13051,3.22
539973,21931,JUMBO STORAGE BAG SUKI,1.0,2023-10-12 02:23:36,1.91,12876,1.91
539973,22411,JUMBO SHOPPER VINTAGE RED PAISLEY,1.0,2023-10-12 02:23:36,2.04,12876,2.04
539973,22745,POPPY'S PLAYHOUSE BEDROOM,2.0,2023-10-12 02:23:36,2.04,12876,4.08
539973,22383,LUNCH BAG SUKI DESIGN,1.0,2023-10-12 02:23:36,1.62,12876,1.62
539973,20725,LUNCH BAG RED RETROSPOT,1.0,2023-10-12 02:23:36,1.66,12876,1.66
539974,22384,LUNCH BAG PINK POLKADOT,3.0,2023-03-17 19:24:32,1.58,12877,4.74
539974,85099B,JUMBO BAG RED RETROSPOT,1.0,2023-03-17 19:24:32,2.01,12877,2.01
539975,84406B,CREAM CUPID HEARTS COAT HANGER,3.0,2023-07-10 12:43:44,2.75,12456,8.25
539975,84029G,KNITTED UNION FLAG HOT WATER BOTTLE,6.0,2023-07-10 12:43:44,3.35,12456,20.1
539975,22383,LUNCH BAG SUKI DESIGN,2.0,2023-07-10 12:43:44,1.63,12456,3.26
539975,85099F,JUMBO BAG STRAWBERRY,3.0,2023-07-10 12:43:44,1.87,12456,5.61
539975,22749,POPPY'S PLAYHOUSE LIVINGROOM,1.0,2023-07-10 12:43:44,2.03,12456,2.03
539975,22086,PAPER CHAIN KIT 50'S CHRISTMAS,3.0,2023-07-10 12:43:44,2.55,12456,7.65
539977,22086,PAPER CHAIN KIT 50'S CHRISTMAS,6.0,2023-07-29 06:57:28,2.58,13037,15.48
539977,85099F,JUMBO BAG STRAWBERRY,6.0,2023-07-29 06:57:28,1.94,13037,11.64
539977,84879,ASSORTED COLOUR BIRD ORNAMENT,1.0,2023-07-29 06:57:28,1.77,13037,1.77
539977,22633,HAND WARMER UNION JACK,2.0,2023-07-29 06:57:28,1.8,13037,3.6
539978,22086,PAPER CHAIN KIT 50'S CHRISTMAS,2.0,2023-08-21 17:22:57,2.65,12741,5.3
539978,22411,JUMBO SHOPPER VINTAGE RED PAISLEY,2.0,2023-08-21 17:22:57,1.95,12741,3.9
539978,47566,PARTY BUNTING,2.0,2023-08-21 17:22:57,4.6,12741,9.2
539980,22748,POPPY'S PLAYHOUSE KITCHEN,1.0,2023-10-26 15:11:22,2.12,12787,2.12
539980,22382,LUNCH BAG SPACEBOY DESIGN,1.0,2023-10-26 15:11:22,1.69,12787,1.69
539980,47566,PARTY BUNTING,2.0,2023-10-26 15:11:22,4.84,12787,9.68
539983,22632,HAND WARMER RED POLKA DOT,3.0,2023-12-05 16:55:54,1.85,12814,5.55
539984,22310,IVORY KNITTED MUG COSY,3.0,2023-07-28 15:30:31,1.62,12858,4.86
539984,22384,LUNCH BAG PINK POLKADOT,2.0,2023-07-28 15:30:31,1.64,12858,3.28
539984,22086,PAPER CHAIN KIT 50'S CHRISTMAS,1.0,2023-07-28 15:30:31,2.46,12858,2.46
539984,20727,LUNCH BAG BLACK SKULL.,3.0,2023-07-28 15:30:31,1.57,12858,4.71
539985,20726,LUNCH BAG WOODLAND,2.0,2023-12-06 02:01:26,1.66,12877,3.32
539986,20728,LUNCH BAG CARS BLUE,1.0,2023-06-14 05:52:02,1.73,12736,1.73
539986,84029G,KNITTED UNION FLAG HOT WATER BOTTLE,2.0,2023-06-14 05:52:02,3.51,12736,7.02
539987,71053,WHITE METAL LANTERN,4.0,2023-09-22 16:49:56,3.48,12739,13.92
539987,85123A,WHITE HANGING HEART T-LIGHT HOLDER,4.0,2023-09-22 16:49:56,2.58,12739,10.32
539987,22310,IVORY KNITTED MUG COSY,1.0,2023-09-22 16:49:56,1.6,12739,1.6
539987,47566,PARTY BUNTING,1.0,2023-09-22 16:49:56,4.88,12739,4.88
539987,85099B,JUMBO BAG RED RETROSPOT,3.0,2023-09-22 16:49:56,1.96,12739,5.88
539987,20728,LUNCH BAG CARS BLUE,1.0,2023-09-22 16:49:56,1.66,12739,1.66
539988,21931,JUMBO STORAGE BAG SUKI,2.0,2023-11-05 11:37:43,1.92,12878,3.84
539989,22310,IVORY KNITTED MUG COSY,3.0,2023-11-09 20:20:36,1.58,12353,4.74
539989,84879,ASSORTED COLOUR BIRD ORNAMENT,2.0,2023-11-09 20:20:36,1.75,12353,3.5
539990,22745,POPPY'S PLAYHOUSE BEDROOM,1.0,2023-06-07 13:33:10,2.01,12821,2.01
539990,85099B,JUMBO BAG RED RETROSPOT,1.0,2023-06-07 13:33:10,1.87,12821,1.87
539990,20728,LUNCH BAG CARS BLUE,1.0,2023-06-07 13:33:10,1.67,12821,1.67
539991,20725,LUNCH BAG RED RETROSPOT,1.0,2023-09-09 18:02:05,1.61,12500,1.61
539991,22386,JUMBO BAG PINK POLKADOT,2.0,2023-09-09 18:02:05,1.96,12500,3.92
539991,85099F,JUMBO BAG STRAWBERRY,6.0,2023-09-09 18:02:05,1.97,12500,11.82
539991,22748,POPPY'S PLAYHOUSE KITCHEN,1.0,2023-09-09 18:02:05,2.15,12500,2.15
539991,84406B,CREAM CUPID HEARTS COAT HANGER,2.0,2023-09-09 18:02:05,2.81,12500,5.62
539994,20726,LUNCH BAG WOODLAND,1.0,2023-06-22 15:20:16,1.58,12835,1.58
539994,47566,PARTY BUNTING,2.0,2023-06-22 15:20:16,4.67,12835,9.34
539994,22745,POPPY'S PLAYHOUSE BEDROOM,1.0,2023-06-22 15:20:16,2.12,12835,2.12
539994,22386,JUMBO BAG PINK POLKADOT,1.0,2023-06-22 15:20:16,1.9,12835,1.9
539995,21931,JUMBO STORAGE BAG SUKI,1.0,2023-11-12 10:08:10,2.01,12845,2.01
539995,85099B,JUMBO BAG RED RETROSPOT,6.0,2023-11-12 10:08:10,1.91,12845,11.46
539996,85123A,WHITE HANGING HEART T-LIGHT HOLDER,3.0,2023-09-23 15:01:50,2.62,13093,7.86
539997,20725,LUNCH BAG RED RETROSPOT,2.0,2023-07-22 23:37:22,1.63,13021,3.26
539997,22310,IVORY KNITTED MUG COSY,2.0,2023-07-22 23:37:22,1.68,13021,3.36
539997,20727,LUNCH BAG BLACK SKULL.,6.0,2023-07-22 23:37:22,1.65,13021,9.9
539997,85099B,JUMBO BAG RED RETROSPOT,3.0,2023-07-22 23:37:22,2.03,13021,6.09
539997,71053,WHITE METAL LANTERN,4.0,2023-07-22 23:37:22,3.4,13021,13.6
539998,22310,IVORY KNITTED MUG COSY,6.0,2023-10-04 19:59:58,1.66,12601,9.96
539998,20725,LUNCH BAG RED RETROSPOT,2.0,2023-10-04 19:59:58,1.6,12601,3.2
539998,47566,PARTY BUNTING,4.0,2023-10-04 19:59:58,4.57,12601,18.28
539998,22382,LUNCH BAG SPACEBOY DESIGN,3.0,2023-10-04 19:59:58,1.62,12601,4.86
539998,84029E,RED WOOLLY HOTTIE WHITE HEART.,3.0,2023-10-04 19:59:58,3.42,12601,10.26
539999,20726,LUNCH BAG WOODLAND,3.0,2023-08-05 18:30:29,1.68,13094,5.04
539999,20728,LUNCH BAG CARS BLUE,4.0,2023-08-05 18:30:29,1.65,13094,6.6
539999,71053,WHITE METAL LANTERN,2.0,2023-08-05 18:30:29,3.37,13094,6.74
539999,22749,POPPY'S PLAYHOUSE LIVINGROOM,1.0,2023-08-05 18:30:29,2.04,13094,2.04
540000,71053,WHITE METAL LANTERN,1.0,2023-09-15 17:23:56,3.48,12877,3.48
540000,22086,PAPER CHAIN KIT 50'S CHRISTMAS,6.0,2023-09-15 17:23:56,2.48,12877,14.88
540002,22382,LUNCH BAG SPACEBOY DESIGN,2.0,2023-07-06 06:10:16,1.63,12877,3.26
540002,22748,POPPY'S PLAYHOUSE KITCHEN,1.0,2023-07-06 06:10:16,2.04,12877,2.04
540002,22745,POPPY'S PLAYHOUSE BEDROOM,4.0,2023-07-06 06:10:16,2.12,12877,8.48
540002,84879,ASSORTED COLOUR BIRD ORNAMENT,1.0,2023-07-06 06:10:16,1.74,12877,1.74
540002,47566,PARTY BUNTING,6.0,2023-07-06 06:10:16,4.43,12877,26.58
540003,21931,JUMBO STORAGE BAG SUKI,2.0,2023-06-17 06:00:47,1.94,12828,3.88
540003,20727,LUNCH BAG BLACK SKULL.,6.0,2023-06-17 06:00:47,1.73,12828,10.38
540003,21730,GLASS STAR FROSTED T-LIGHT HOLDER,1.0,2023-06-17 06:00:47,4.1,12828,4.1
540003,20728,LUNCH BAG CARS BLUE,1.0,2023-06-17 06:00:47,1.73,12828,1.73
540003,22632,HAND WARMER RED POLKA DOT,3.0,2023-06-17 06:00:47,1.79,12828,5.37
540004,85099B,JUMBO BAG RED RETROSPOT,4.0,2023-01-21 16:33:55,2.01,12588,8.04
540004,22745,POPPY'S PLAYHOUSE BEDROOM,1.0,2023-01-21 16:33:55,2.14,12588,2.14
540004,84029G,KNITTED UNION FLAG HOT WATER BOTTLE,1.0,2023-01-21 16:33:55,3.48,12588,3.48
540005,22310,IVORY KNITTED MUG COSY,3.0,2023-10-26 06:48:53,1.69,12357,5.07
540005,22745,POPPY'S PLAYHOUSE BEDROOM,1.0,2023-10-26 06:48:53,2.06,12357,2.06
540006,84969,BOX OF 6 ASSORTED COLOUR TEASPOONS,1.0,2023-05-04 19:12:34,4.42,12877,4.42
540006,84029G,KNITTED UNION FLAG HOT WATER BOTTLE,2.0,2023-05-04 19:12:34,3.34,12877,6.68
540006,22633,HAND WARMER UNION JACK,4.0,2023-05-04 19:12:34,1.94,12877,7.76
540006,84029E,RED WOOLLY HOTTIE WHITE HEART.,3.0,2023-05-04 19:12:34,3.55,12877,10.65
540007,85099B,JUMBO BAG RED RETROSPOT,1.0,2023-10-25 21:16:47,1.88,12964,1.88
540007,22382,LUNCH BAG SPACEBOY DESIGN,6.0,2023-10-25 21:16:47,1.61,12964,9.66
540007,22411,JUMBO SHOPPER VINTAGE RED PAISLEY,1.0,2023-10-25 21:16:47,2.03,12964,2.03
540009,22383,LUNCH BAG SUKI DESIGN,1.0,2023-10-28 21:39:15,1.68,12426,1.68
540009,22310,IVORY KNITTED MUG COSY,3.0,2023-10-28 21:39:15,1.69,12426,5.07
540009,85123A,WHITE HANGING HEART T-LIGHT HOLDER,1.0,2023-10-28 21:39:15,2.54,12426,2.54
540009,20728,LUNCH BAG CARS BLUE,4.0,2023-10-28 21:39:15,1.64,12426,6.56
540009,22748,POPPY'S PLAYHOUSE KITCHEN,1.0,2023-10-28 21:39:15,2.13,12426,2.13
540010,84029E,RED WOOLLY HOTTIE WHITE HEART.,2.0,2023-11-27 10:13:57,3.55,12660,7.1
540010,22411,JUMBO SHOPPER VINTAGE RED PAISLEY,2.0,2023-11-27 10:13:57,1.91,12660,3.82
540010,21730,GLASS STAR FROSTED T-LIGHT HOLDER,3.0,2023-11-27 10:13:57,4.28,12660,12.84
540011,22745,POPPY'S PLAYHOUSE BEDROOM,1.0,2023-10-08 16:04:56,2.18,12844,2.18
540011,22748,POPPY'S PLAYHOUSE KITCHEN,3.0,2023-10-08 16:04:56,2.19,12844,6.57
540011,22383,LUNCH BAG SUKI DESIGN,1.0,2023-10-08 16:04:56,1.59,12844,1.59
540012,84969,BOX OF 6 ASSORTED COLOUR TEASPOONS,2.0,2023-11-25 20:48:27,4.35,12697,8.7
540012,20726,LUNCH BAG WOODLAND,3.0,2023-11-25 20:48:27,1.69,12697,5.07
540012,22386,JUMBO BAG PINK POLKADOT,3.0,2023-11-25 20:48:27,1.92,12697,5.76
540012,22382,LUNCH BAG SPACEBOY DESIGN,1.0,2023-11-25 20:48:27,1.65,12697,1.65
540012,84879,ASSORTED COLOUR BIRD ORNAMENT,2.0,2023-11-25 20:48:27,1.69,12697,3.38
540013,20725,LUNCH BAG RED RETROSPOT,1.0,2023-11-09 10:36:11,1.69,12872,1.69
540013,20728,LUNCH BAG CARS BLUE,3.0,2023-11-09 10:36:11,1.68,12872,5.04
540013,84029E,RED WOOLLY HOTTIE WHITE HEART.,3.0,2023-11-09 10:36:11,3.38,12872,10.14
540013,21931,JUMBO STORAGE BAG SUKI,3.0,2023-11-09 10:36:11,1.9,12872,5.7
540013,85099B,JUMBO BAG RED RETROSPOT,4.0,2023-11-09 10:36:11,2.02,12872,8.08
540013,20727,LUNCH BAG BLACK SKULL.,4.0,2023-11-09 10:36:11,1.69,12872,6.76
540014,22745,POPPY'S PLAYHOUSE BEDROOM,1.0,2023-07-23 11:08:30,2.0,12824,2.0
540014,22382,LUNCH BAG SPACEBOY DESIGN,2.0,2023-07-23 11:08:30,1.63,12824,3.26
540014,20727,LUNCH BAG BLACK SKULL.,2.0,2023-07-23 11:08:30,1.6,12824,3.2
540015,22411,JUMBO SHOPPER VINTAGE RED PAISLEY,3.0,2023-09-02 11:50:50,2.02,13007,6.06
540015,84406B,CREAM CUPID HEARTS COAT HANGER,2.0,2023-09-02 11:50:50,2.67,13007,5.34
540015,22749,POPPY'S PLAYHOUSE LIVINGROOM,3.0,2023-09-02 11:50:50,2.14,13007,6.42
540016,22086,PAPER CHAIN KIT 50'S CHRISTMAS,1.0,2023-06-26 07:22:55,2.49,12724,2.49
540016,84879,ASSORTED COLOUR BIRD ORNAMENT,6.0,2023-06-26 07:22:55,1.72,12724,10.32
540016,22382,LUNCH BAG SPACEBOY DESIGN,2.0,2023-06-26 07:22:55,1.69,12724,3.38
540017,22745,POPPY'S PLAYHOUSE BEDROOM,3.0,2023-05-06 16:41:35,2.01,12877,6.03
540017,84969,BOX OF 6 ASSORTED COLOUR TEASPOONS,2.0,2023-05-06 16:41:35,4.34,12877,8.68
540017,22086,PAPER CHAIN KIT 50'S CHRISTMAS,4.0,2023-05-06 16:41:35,2.46,12877,9.84
540019,22386,JUMBO BAG PINK POLKADOT,6.0,2023-03-16 15:15:53,1.85,13029,11.1
540019,71053,WHITE METAL LANTERN,2.0,2023-03-16 15:15:53,3.4,13029,6.8
540019,22749,POPPY'S PLAYHOUSE LIVINGROOM,1.0,2023-03-16 15:15:53,2.06,13029,2.06
540019,22633,HAND WARMER UNION JACK,6.0,2023-03-16 15:15:53,1.77,13029,10.62
540020,22749,POPPY'S PLAYHOUSE LIVINGROOM,3.0,2023-09-22 22:35:58,2.02,12659,6.06
540020,85123A,WHITE HANGING HEART T-LIGHT HOLDER,6.0,2023-09-22 22:35:58,2.66,12659,15.96
540020,22383,LUNCH BAG SUKI DESIGN,2.0,2023-09-22 22:35:58,1.65,12659,3.3
540020,22411,JUMBO SHOPPER VINTAGE RED PAISLEY,1.0,2023-09-22 22:35:58,1.95,12659,1.95
540021,22633,HAND WARMER UNION JACK,1.0,2023-10-27 23:17:50,1.87,12878,1.87
540021,20725,LUNCH BAG RED RETROSPOT,1.0,2023-10-27 23:17:50,1.59,12878,1.59
540021,85123A,WHITE HANGING HEART T-LIGHT HOLDER,1.0,2023-10-27 23:17:50,2.46,12878,2.46
540021,22411,JUMBO SHOPPER VINTAGE RED PAISLEY,2.0,2023-10-27 23:17:50,1.89,12878,3.78
540022,22382,LUNCH BAG SPACEBOY DESIGN,4.0,2023-11-16 09:22:14,1.57,12659,6.28
540023,22632,HAND WARMER RED POLKA DOT,1.0,2023-08-03 11:26:33,1.86,12591,1.86
540023,22749,POPPY'S PLAYHOUSE LIVINGROOM,1.0,2023-08-03 11:26:33,2.15,12591,2.15
540023,85099B,JUMBO BAG RED RETROSPOT,1.0,2023-08-03 11:26:33,2.01,12591,2.01
540023,21931,JUMBO STORAGE BAG SUKI,3.0,2023-08-03 11:26:33,1.89,12591,5.67
540024,22086,PAPER CHAIN KIT 50'S CHRISTMAS,1.0,2023-06-08 00:51:48,2.67,12877,2.67
540024,22633,HAND WARMER UNION JACK,6.0,2023-06-08 00:51:48,1.9,12877,11.4
540024,22384,LUNCH BAG PINK POLKADOT,4.0,2023-06-08 00:51:48,1.72,12877,6.88
540025,22384,LUNCH BAG PINK POLKADOT,2.0,2023-09-14 16:58:21,1.68,12486,3.36
540026,22411,JUMBO SHOPPER VINTAGE RED PAISLEY,3.0,2023-09-07 08:16:19,2.0,12821,6.0
540026,85099F,JUMBO BAG STRAWBERRY,2.0,2023-09-07 08:16:19,2.01,12821,4.02
540028,22386,JUMBO BAG PINK POLKADOT,3.0,2023-05-12 14:22:03,2.0,12549,6.0
540028,22384,LUNCH BAG PINK POLKADOT,2.0,2023-05-12 14:22:03,1.71,12549,3.42
540028,84879,ASSORTED COLOUR BIRD ORNAMENT,4.0,2023-05-12 14:22:03,1.71,12549,6.84
540028,20727,LUNCH BAG BLACK SKULL.,4.0,2023-05-12 14:22:03,1.68,12549,6.72
540028,22748,POPPY'S PLAYHOUSE KITCHEN,2.0,2023-05-12 14:22:03,2.17,12549,4.34
540029,22383,LUNCH BAG SUKI DESIGN,1.0,2023-02-16 16:14:41,1.63,13051,1.63
540029,22384,LUNCH BAG PINK POLKADOT,2.0,2023-02-16 16:14:41,1.7,13051,3.4
540029,22749,POPPY'S PLAYHOUSE LIVINGROOM,6.0,2023-02-16 16:14:41,2.1,13051,12.6
540029,22382,LUNCH BAG SPACEBOY DESIGN,1.0,2023-02-16 16:14:41,1.64,13051,1.64
540030,20728,LUNCH BAG CARS BLUE,3.0,2023-03-11 17:31:28,1.64,12877,4.92
540030,22086,PAPER CHAIN KIT 50'S CHRISTMAS,1.0,2023-03-11 17:31:28,2.63,12877,2.63
540030,84029G,KNITTED UNION FLAG HOT WATER BOTTLE,1.0,2023-03-11 17:31:28,3.45,12877,3.45
540030,22411,JUMBO SHOPPER VINTAGE RED PAISLEY,3.0,2023-03-11 17:31:28,1.97,12877,5.91
540030,84406B,CREAM CUPID HEARTS COAT HANGER,6.0,2023-03-11 17:31:28,2.67,12877,16.02
540032,85099F,JUMBO BAG STRAWBERRY,1.0,2023-07-27 18:37:43,2.02,12877,2.02
540032,85123A,WHITE HANGING HEART T-LIGHT HOLDER,1.0,2023-07-27 18:37:43,2.63,12877,2.63
540033,20725,LUNCH BAG RED RETROSPOT,3.0,2023-11-06 02:46:47,1.64,13024,4.92
540033,22386,JUMBO BAG PINK POLKADOT,2.0,2023-11-06 02:46:47,1.97,13024,3.94
540033,85123A,WHITE HANGING HEART T-LIGHT HOLDER,1.0,2023-11-06 02:46:47,2.56,13024,2.56
540034,85123A,WHITE HANGING HEART T-LIGHT HOLDER,1.0,2023-08-30 20:10:47,2.6,13102,2.6
540037,20726,LUNCH BAG WOODLAND,1.0,2023-07-11 03:30:55,1.7,12845,1.7
540037,85099F,JUMBO BAG STRAWBERRY,6.0,2023-07-11 03:30:55,1.85,12845,11.1
540037,22086,PAPER CHAIN KIT 50'S CHRISTMAS,2.0,2023-07-11 03:30:55,2.61,12845,5.22
540037,22384,LUNCH BAG PINK POLKADOT,2.0,2023-07-11 03:30:55,1.71,12845,3.42
540038,22633,HAND WARMER UNION JACK,1.0,2023-08-22 04:42:39,1.92,12766,1.92
540039,22748,POPPY'S PLAYHOUSE KITCHEN,2.0,2023-05-29 06:22:57,2.19,12808,4.38
540039,22383,LUNCH BAG SUKI DESIGN,1.0,2023-05-29 06:22:57,1.68,12808,1.68
540039,22086,PAPER CHAIN KIT 50'S CHRISTMAS,1.0,2023-05-29 06:22:57,2.58,12808,2.58
540039,85099B,JUMBO BAG RED RETROSPOT,1.0,2023-05-29 06:22:57,1.98,12808,1.98
540040,22382,LUNCH BAG SPACEBOY DESIGN,1.0,2023-08-28 18:24:22,1.61,12745,1.61
540040,22633,HAND WARMER UNION JACK,2.0,2023-08-28 18:24:22,1.79,12745,3.58
540040,22748,POPPY'S PLAYHOUSE KITCHEN,1.0,2023-08-28 18:24:22,2.19,12745,2.19
540042,84029G,KNITTED UNION FLAG HOT WATER BOTTLE,1.0,2023-09-25 08:10:37,3.5,12876,3.5
540042,84969,BOX OF 6 ASSORTED COLOUR TEASPOONS,2.0,2023-09-25 08:10:37,4.36,12876,8.72
540042,71053,WHITE METAL LANTERN,2.0,2023-09-25 08:10:37,3.44,12876,6.88
540042,85099B,JUMBO BAG RED RETROSPOT,2.0,2023-09-25 08:10:37,1.87,12876,3.74
540042,22382,LUNCH BAG SPACEBOY DESIGN,2.0,2023-09-25 08:10:37,1.57,12876,3.14
540042,47566,PARTY BUNTING,2.0,2023-09-25 08:10:37,4.72,12876,9.44
540044,22633,HAND WARMER UNION JACK,2.0,2023-04-12 12:51:16,1.84,12572,3.68
540044,20725,LUNCH BAG RED RETROSPOT,6.0,2023-04-12 12:51:16,1.63,12572,9.78
540045,22384,LUNCH BAG PINK POLKADOT,1.0,2023-09-14 15:13:12,1.68,12593,1.68
540045,22383,LUNCH BAG SUKI DESIGN,1.0,2023-09-14 15:13:12,1.61,12593,1.61
540045,47566,PARTY BUNTING,1.0,2023-09-14 15:13:12,4.55,12593,4.55
540045,22386,JUMBO BAG PINK POLKADOT,1.0,2023-09-14 15:13:12,1.92,12593,1.92
540047,22748,POPPY'S PLAYHOUSE KITCHEN,1.0,2023-05-22 18:46:05,2.18,12834,2.18
540048,85099F,JUMBO BAG STRAWBERRY,4.0,2023-06-08 08:22:40,2.0,12389,8.0
540053,20726,LUNCH BAG WOODLAND,4.0,2023-05-25 13:55:19,1.72,12904,6.88
540054,84029E,RED WOOLLY HOTTIE WHITE HEART.,4.0,2023-09-18 07:42:10,3.26,13051,13.04
540054,22411,JUMBO SHOPPER VINTAGE RED PAISLEY,6.0,2023-09-18 07:42:10,1.99,13051,11.94
540054,22382,LUNCH BAG SPACEBOY DESIGN,2.0,2023-09-18 07:42:10,1.58,13051,3.16
540054,84969,BOX OF 6 ASSORTED COLOUR TEASPOONS,6.0,2023-09-18 07:42:10,4.17,13051,25.02
540054,85099F,JUMBO BAG STRAWBERRY,2.0,2023-09-18 07:42:10,1.96,13051,3.92
540055,22411,JUMBO SHOPPER VINTAGE RED PAISLEY,1.0,2023-09-19 00:48:02,1.86,12563,1.86
540055,85123A,WHITE HANGING HEART T-LIGHT HOLDER,2.0,2023-09-19 00:48:02,2.43,12563,4.86
540055,22745,POPPY'S PLAYHOUSE BEDROOM,2.0,2023-09-19 00:48:02,2.11,12563,4.22
540057,84969,BOX OF 6 ASSORTED COLOUR TEASPOONS,4.0,2023-10-19 10:05:10,4.14,12859,16.56
540058,20727,LUNCH BAG BLACK SKULL.,2.0,2023-02-07 17:10:59,1.67,12830,3.34
540058,22386,JUMBO BAG PINK POLKADOT,1.0,2023-02-07 17:10:59,1.98,12830,1.98
540058,84879,ASSORTED COLOUR BIRD ORNAMENT,3.0,2023-02-07 17:10:59,1.77,12830,5.31
540058,22384,LUNCH BAG PINK POLKADOT,2.0,2023-02-07 17:10:59,1.59,12830,3.18
540058,21931,JUMBO STORAGE BAG SUKI,1.0,2023-02-07 17:10:59,1.92,12830,1.92
540058,22383,LUNCH BAG SUKI DESIGN,2.0,2023-02-07 17:10:59,1.58,12830,3.16
540061,22745,POPPY'S PLAYHOUSE BEDROOM,1.0,2023-08-09 22:44:28,2.2,12604,2.2
540061,22382,LUNCH BAG SPACEBOY DESIGN,3.0,2023-08-09 22:44:28,1.61,12604,4.83
540061,20725,LUNCH BAG RED RETROSPOT,1.0,2023-08-09 22:44:28,1.68,12604,1.68
540062,22632,HAND WARMER RED POLKA DOT,6.0,2023-02-04 07:11:16,1.77,12897,10.62
540062,22749,POPPY'S PLAYHOUSE LIVINGROOM,2.0,2023-02-04 07:11:16,2.0,12897,4.0
540062,84879,ASSORTED COLOUR BIRD ORNAMENT,1.0,2023-02-04 07:11:16,1.75,12897,1.75
540062,22310,IVORY KNITTED MUG COSY,3.0,2023-02-04 07:11:16,1.58,12897,4.74
540063,22633,HAND WARMER UNION JACK,4.0,2023-06-18 23:13:58,1.86,12877,7.44
540063,47566,PARTY BUNTING,1.0,2023-06-18 23:13:58,4.85,12877,4.85
540065,22383,LUNCH BAG SUKI DESIGN,2.0,2023-10-16 22:59:50,1.61,12449,3.22
540065,85099F,JUMBO BAG STRAWBERRY,1.0,2023-10-16 22:59:50,1.86,12449,1.86
540065,84029E,RED WOOLLY HOTTIE WHITE HEART.,1.0,2023-10-16 22:59:50,3.32,12449,3.32
540065,22382,LUNCH BAG SPACEBOY DESIGN,1.0,2023-10-16 22:59:50,1.7,12449,1.7
540065,21931,JUMBO STORAGE BAG SUKI,1.0,2023-10-16 22:59:50,2.02,12449,2.02
540065,84029G,KNITTED UNION FLAG HOT WATER BOTTLE,2.0,2023-10-16 22:59:50,3.23,12449,6.46
540067,22086,PAPER CHAIN KIT 50'S CHRISTMAS,3.0,2023-08-10 00:47:11,2.67,12503,8.01
540067,20728,LUNCH BAG CARS BLUE,1.0,2023-08-10 00:47:11,1.57,12503,1.57
540067,22411,JUMBO SHOPPER VINTAGE RED PAISLEY,3.0,2023-08-10 00:47:11,1.93,12503,5.79
540067,20726,LUNCH BAG WOODLAND,2.0,2023-08-10 00:47:11,1.66,12503,3.32
540068,84879,ASSORTED COLOUR BIRD ORNAMENT,1.0,2023-09-16 02:50:24,1.67,12877,1.67
540068,20727,LUNCH BAG BLACK SKULL.,2.0,2023-09-16 02:50:24,1.7,12877,3.4
540068,21931,JUMBO STORAGE BAG SUKI,4.0,2023-09-16 02:50:24,2.04,12877,8.16
540069,22411,JUMBO SHOPPER VINTAGE RED PAISLEY,1.0,2023-05-02 10:14:51,1.9,12439,1.9
540069,84879,ASSORTED COLOUR BIRD ORNAMENT,2.0,2023-05-02 10:14:51,1.72,12439,3.44
540069,22386,JUMBO BAG PINK POLKADOT,1.0,2023-05-02 10:14:51,1.94,12439,1.94
540071,22633,HAND WARMER UNION JACK,6.0,2023-10-29 14:49:53,1.86,12380,11.16
540071,85099B,JUMBO BAG RED RETROSPOT,2.0,2023-10-29 14:49:53,1.95,12380,3.9
540071,22411,JUMBO SHOPPER VINTAGE RED PAISLEY,1.0,2023-10-29 14:49:53,1.95,12380,1.95
540071,22086,PAPER CHAIN KIT 50'S CHRISTMAS,6.0,2023-10-29 14:49:53,2.51,12380,15.06
540072,84406B,CREAM CUPID HEARTS COAT HANGER,4.0,2023-12-04 06:12:22,2.66,13021,10.64
540072,22086,PAPER CHAIN KIT 50'S CHRISTMAS,3.0,2023-12-04 06:12:22,2.49,13021,7.47
540073,21931,JUMBO STORAGE BAG SUKI,4.0,2023-06-07 22:57:17,2.04,12696,8.16
540073,22749,POPPY'S PLAYHOUSE LIVINGROOM,1.0,2023-06-07 22:57:17,2.12,12696,2.12
540074,20725,LUNCH BAG RED RETROSPOT,2.0,2023-10-23 07:58:30,1.67,12844,3.34
540074,84879,ASSORTED COLOUR BIRD ORNAMENT,1.0,2023-10-23 07:58:30,1.68,12844,1.68
540074,22386,JUMBO BAG PINK POLKADOT,3.0,2023-10-23 07:58:30,1.92,12844,5.76
540074,22383,LUNCH BAG SUKI DESIGN,4.0,2023-10-23 07:58:30,1.59,12844,6.36
540075,20725,LUNCH BAG RED RETROSPOT,3.0,2023-10-03 02:12:19,1.7,12787,5.1
540075,84879,ASSORTED COLOUR BIRD ORNAMENT,1.0,2023-10-03 02:12:19,1.74,12787,1.74
540075,84406B,CREAM CUPID HEARTS COAT HANGER,2.0,2023-10-03 02:12:19,2.82,12787,5.64
540075,22749,POPPY'S PLAYHOUSE LIVINGROOM,2.0,2023-10-03 02:12:19,2.13,12787,4.26
540075,22748,POPPY'S PLAYHOUSE KITCHEN,4.0,2023-10-03 02:12:19,2.01,12787,8.04
540075,20726,LUNCH BAG WOODLAND,2.0,2023-10-03 02:12:19,1.64,12787,3.28
540076,22411,JUMBO SHOPPER VINTAGE RED PAISLEY,2.0,2023-02-14 04:51:19,2.02,12877,4.04
540076,21931,JUMBO STORAGE BAG SUKI,2.0,2023-02-14 04:51:19,1.96,12877,3.92
540077,22633,HAND WARMER UNION JACK,1.0,2023-10-05 15:26:05,1.94,12844,1.94
540077,22411,JUMBO SHOPPER VINTAGE RED PAISLEY,3.0,2023-10-05 15:26:05,2.02,12844,6.06
540077,20727,LUNCH BAG BLACK SKULL.,3.0,2023-10-05 15:26:05,1.72,12844,5.16
540077,22386,JUMBO BAG PINK POLKADOT,3.0,2023-10-05 15:26:05,1.94,12844,5.82
540078,21931,JUMBO STORAGE BAG SUKI,3.0,2023-06-11 17:07:48,1.98,12894,5.94
540078,85099F,JUMBO BAG STRAWBERRY,1.0,2023-06-11 17:07:48,1.96,12894,1.96
540078,47566,PARTY BUNTING,2.0,2023-06-11 17:07:48,4.72,12894,9.44
540078,21730,GLASS STAR FROSTED T-LIGHT HOLDER,3.0,2023-06-11 17:07:48,4.27,12894,12.81
540079,22745,POPPY'S PLAYHOUSE BEDROOM,6.0,2023-07-27 08:57:27,2.17,13021,13.02
540080,20725,LUNCH BAG RED RETROSPOT,2.0,2023-09-25 02:45:59,1.69,12710,3.38
540080,71053,WHITE METAL LANTERN,3.0,2023-09-25 02:45:59,3.27,12710,9.81
540080,85099B,JUMBO BAG RED RETROSPOT,3.0,2023-09-25 02:45:59,1.93,12710,5.79
540080,84029E,RED WOOLLY HOTTIE WHITE HEART.,6.0,2023-09-25 02:45:59,3.47,12710,20.82
540081,84879,ASSORTED COLOUR BIRD ORNAMENT,4.0,2023-04-15 01:12:24,1.7,12878,6.8
540081,22310,IVORY KNITTED MUG COSY,2.0,2023-04-15 01:12:24,1.58,12878,3.16
540081,85123A,WHITE HANGING HEART T-LIGHT HOLDER,4.0,2023-04-15 01:12:24,2.65,12878,10.6
540081,47566,PARTY BUNTING,4.0,2023-04-15 01:12:24,4.8,12878,19.2
540081,22411,JUMBO SHOPPER VINTAGE RED PAISLEY,2.0,2023-04-15 01:12:24,2.04,12878,4.08
540081,22749,POPPY'S PLAYHOUSE LIVINGROOM,3.0,2023-04-15 01:12:24,2.15,12878,6.45
540082,22749,POPPY'S PLAYHOUSE LIVINGROOM,1.0,2023-07-24 12:24:35,2.1,12877,2.1
540083,84406B,CREAM CUPID HEARTS COAT HANGER,4.0,2023-10-27 16:35:08,2.79,12787,11.16
540083,85099F,JUMBO BAG STRAWBERRY,6.0,2023-10-27 16:35:08,1.99,12787,11.94
540083,22386,JUMBO BAG PINK POLKADOT,2.0,2023-10-27 16:35:08,2.02,12787,4.04
540084,71053,WHITE METAL LANTERN,6.0,2023-12-02 16:01:43,3.3,12651,19.8
540086,20726,LUNCH BAG WOODLAND,1.0,2023-09-10 11:05:28,1.69,12413,1.69
540086,85099B,JUMBO BAG RED RETROSPOT,1.0,2023-09-10 11:05:28,2.01,12413,2.01
540086,22749,POPPY'S PLAYHOUSE LIVINGROOM,2.0,2023-09-10 11:05:28,2.19,12413,4.38
540086,22745,POPPY'S PLAYHOUSE BEDROOM,2.0,2023-09-10 11:05:28,2.2,12413,4.4
540087,85099B,JUMBO BAG RED RETROSPOT,4.0,2023-10-19 21:08:41,1.9,12840,7.6
540088,22411,JUMBO SHOPPER VINTAGE RED PAISLEY,2.0,2023-08-28 17:03:15,1.89,12967,3.78
540088,21730,GLASS STAR FROSTED T-LIGHT HOLDER,4.0,2023-08-28 17:03:15,4.4,12967,17.6
540088,22386,JUMBO BAG PINK POLKADOT,2.0,2023-08-28 17:03:15,1.99,12967,3.98
540089,22411,JUMBO SHOPPER VINTAGE RED PAISLEY,1.0,2023-05-24 07:37:52,2.02,12854,2.02
540089,22633,HAND WARMER UNION JACK,3.0,2023-05-24 07:37:52,1.88,12854,5.64
540090,20726,LUNCH BAG WOODLAND,1.0,2023-04-13 21:15:43,1.61,12529,1.61
540090,21931,JUMBO STORAGE BAG SUKI,2.0,2023-04-13 21:15:43,1.97,12529,3.94
540090,84879,ASSORTED COLOUR BIRD ORNAMENT,2.0,2023-04-13 21:15:43,1.72,12529,3.44
540091,22749,POPPY'S PLAYHOUSE LIVINGROOM,1.0,2023-12-06 00:12:13,2.17,12859,2.17
540091,84406B,CREAM CUPID HEARTS COAT HANGER,6.0,2023-12-06 00:12:13,2.73,12859,16.38
540091,20727,LUNCH BAG BLACK SKULL.,4.0,2023-12-06 00:12:13,1.57,12859,6.28
540092,71053,WHITE METAL LANTERN,4.0,2023-05-20 07:55:27,3.34,12994,13.36
540093,47566,PARTY BUNTING,1.0,2023-06-21 03:36:16,4.59,13051,4.59
540093,22748,POPPY'S PLAYHOUSE KITCHEN,6.0,2023-06-21 03:36:16,2.0,13051,12.0
540093,22633,HAND WARMER UNION JACK,4.0,2023-06-21 03:36:16,1.9,13051,7.6
540094,22384,LUNCH BAG PINK POLKADOT,3.0,2023-04-27 10:09:54,1.63,12976,4.89
540094,20725,LUNCH BAG RED RETROSPOT,4.0,2023-04-27 10:09:54,1.64,12976,6.56
540094,22748,POPPY'S PLAYHOUSE KITCHEN,3.0,2023-04-27 10:09:54,2.19,12976,6.57
540094,21730,GLASS STAR FROSTED T-LIGHT HOLDER,1.0,2023-04-27 10:09:54,4.05,12976,4.05
540095,20725,LUNCH BAG RED RETROSPOT,3.0,2023-09-18 12:00:50,1.57,12920,4.71
540095,20727,LUNCH BAG BLACK SKULL.,3.0,2023-09-18 12:00:50,1.62,12920,4.86
540095,84879,ASSORTED COLOUR BIRD ORNAMENT,2.0,2023-09-18 12:00:50,1.74,12920,3.48
540096,84969,BOX OF 6 ASSORTED COLOUR TEASPOONS,6.0,2023-08-19 11:23:45,4.28,12852,25.68
540096,22310,IVORY KNITTED MUG COSY,1.0,2023-08-19 11:23:45,1.72,12852,1.72
540098,22383,LUNCH BAG SUKI DESIGN,3.0,2023-10-31 16:53:39,1.64,12835,4.92
540098,20728,LUNCH BAG CARS BLUE,1.0,2023-10-31 16:53:39,1.59,12835,1.59
540098,47566,PARTY BUNTING,2.0,2023-10-31 16:53:39,4.83,12835,9.66
540099,84879,ASSORTED COLOUR BIRD ORNAMENT,1.0,2023-08-25 15:23:06,1.62,12878,1.62
540099,84969,BOX OF 6 ASSORTED COLOUR TEASPOONS,4.0,2023-08-25 15:23:06,4.21,12878,16.84
540099,85123A,WHITE HANGING HEART T-LIGHT HOLDER,1.0,2023-08-25 15:23:06,2.46,12878,2.46
540099,85099B,JUMBO BAG RED RETROSPOT,2.0,2023-08-25 15:23:06,1.88,12878,3.76
540100,22086,PAPER CHAIN KIT 50'S CHRISTMAS,1.0,2023-04-05 16:15:57,2.59,12881,2.59
540101,84406B,CREAM CUPID HEARTS COAT HANGER,2.0,2023-05-22 12:13:21,2.88,12495,5.76
540101,21730,GLASS STAR FROSTED T-LIGHT HOLDER,1.0,2023-05-22 12:13:21,4.12,12495,4.12
540102,71053,WHITE METAL LANTERN,2.0,2023-08-11 18:52:12,3.32,12817,6.64
540103,22386,JUMBO BAG PINK POLKADOT,2.0,2023-05-23 02:03:23,2.03,12379,4.06
540103,20727,LUNCH BAG BLACK SKULL.,1.0,2023-05-23 02:03:23,1.58,12379,1.58
540103,20726,LUNCH BAG WOODLAND,2.0,2023-05-23 02:03:23,1.71,12379,3.42
540103,22383,LUNCH BAG SUKI DESIGN,4.0,2023-05-23 02:03:23,1.71,12379,6.84
540104,84879,ASSORTED COLOUR BIRD ORNAMENT,1.0,2023-10-19 19:23:20,1.62,12472,1.62
540104,22086,PAPER CHAIN KIT 50'S CHRISTMAS,2.0,2023-10-19 19:23:20,2.66,12472,5.32
540104,22383,LUNCH BAG SUKI DESIGN,3.0,2023-10-19 19:23:20,1.66,12472,4.98
540104,22384,LUNCH BAG PINK POLKADOT,3.0,2023-10-19 19:23:20,1.66,12472,4.98
540104,22411,JUMBO SHOPPER VINTAGE RED PAISLEY,2.0,2023-10-19 19:23:20,1.91,12472,3.82
540105,21931,JUMBO STORAGE BAG SUKI,2.0,2023-10-31 02:26:52,1.87,12736,3.74
540105,22749,POPPY'S PLAYHOUSE LIVINGROOM,1.0,2023-10-31 02:26:52,2.12,12736,2.12
540105,22383,LUNCH BAG SUKI DESIGN,2.0,2023-10-31 02:26:52,1.68,12736,3.36
540105,22745,POPPY'S PLAYHOUSE BEDROOM,4.0,2023-10-31 02:26:52,2.02,12736,8.08
540105,22748,POPPY'S PLAYHOUSE KITCHEN,2.0,2023-10-31 02:26:52,2.15,12736,4.3
540106,84969,BOX OF 6 ASSORTED COLOUR TEASPOONS,1.0,2023-07-23 10:25:02,4.19,13113,4.19
540107,84029E,RED WOOLLY HOTTIE WHITE HEART.,1.0,2023-06-29 00:16:11,3.5,12849,3.5
540107,22086,PAPER CHAIN KIT 50'S CHRISTMAS,1.0,2023-06-29 00:16:11,2.54,12849,2.54
540107,22310,IVORY KNITTED MUG COSY,1.0,2023-06-29 00:16:11,1.6,12849,1.6
540107,22632,HAND WARMER RED POLKA DOT,6.0,2023-06-29 00:16:11,1.86,12849,11.16
540107,21730,GLASS STAR FROSTED T-LIGHT HOLDER,1.0,2023-06-29 00:16:11,4.09,12849,4.09
540107,84029G,KNITTED UNION FLAG HOT WATER BOTTLE,1.0,2023-06-29 00:16:11,3.26,12849,3.26
540108,22632,HAND WARMER RED POLKA DOT,1.0,2023-03-27 15:03:41,1.82,12353,1.82
540108,22745,POPPY'S PLAYHOUSE BEDROOM,1.0,2023-03-27 15:03:41,2.1,12353,2.1
540108,22382,LUNCH BAG SPACEBOY DESIGN,3.0,2023-03-27 15:03:41,1.6,12353,4.8
540108,22411,JUMBO SHOPPER VINTAGE RED PAISLEY,3.0,2023-03-27 15:03:41,1.9,12353,5.7
540109,85099B,JUMBO BAG RED RETROSPOT,3.0,2023-05-30 03:28:53,1.95,12607,5.85
540109,22383,LUNCH BAG SUKI DESIGN,2.0,2023-05-30 03:28:53,1.58,12607,3.16
540109,84406B,CREAM CUPID HEARTS COAT HANGER,2.0,2023-05-30 03:28:53,2.68,12607,5.36
540109,84969,BOX OF 6 ASSORTED COLOUR TEASPOONS,2.0,2023-05-30 03:28:53,4.29,12607,8.58
540111,22382,LUNCH BAG SPACEBOY DESIGN,1.0,2023-09-10 23:17:28,1.63,13063,1.63
540112,22749,POPPY'S PLAYHOUSE LIVINGROOM,2.0,2023-10-28 04:49:09,2.15,12877,4.3
540112,22633,HAND WARMER UNION JACK,3.0,2023-10-28 04:49:09,1.79,12877,5.37
540112,20727,LUNCH BAG BLACK SKULL.,4.0,2023-10-28 04:49:09,1.64,12877,6.56
540112,20726,LUNCH BAG WOODLAND,2.0,2023-10-28 04:49:09,1.63,12877,3.26
540113,22310,IVORY KNITTED MUG COSY,3.0,2023-08-20 10:37:02,1.59,13032,4.77
540113,71053,WHITE METAL LANTERN,1.0,2023-08-20 10:37:02,3.52,13032,3.52
540113,20728,LUNCH BAG CARS BLUE,4.0,2023-08-20 10:37:02,1.62,13032,6.48
540113,22386,JUMBO BAG PINK POLKADOT,2.0,2023-08-20 10:37:02,1.88,13032,3.76
540115,84406B,CREAM CUPID HEARTS COAT HANGER,1.0,2023-10-06 20:11:45,2.81,12877,2.81
540115,47566,PARTY BUNTING,6.0,2023-10-06 20:11:45,4.68,12877,28.08
540115,22748,POPPY'S PLAYHOUSE KITCHEN,1.0,2023-10-06 20:11:45,2.17,12877,2.17
540116,84029E,RED WOOLLY HOTTIE WHITE HEART.,1.0,2023-09-12 17:05:17,3.26,12978,3.26
540116,22748,POPPY'S PLAYHOUSE KITCHEN,6.0,2023-09-12 17:05:17,2.15,12978,12.9
540116,22745,POPPY'S PLAYHOUSE BEDROOM,2.0,2023-09-12 17:05:17,2.19,12978,4.38
540116,22749,POPPY'S PLAYHOUSE LIVINGROOM,1.0,2023-09-12 17:05:17,2.02,12978,2.02
540116,22384,LUNCH BAG PINK POLKADOT,1.0,2023-09-12 17:05:17,1.61,12978,1.61
540117,20728,LUNCH BAG CARS BLUE,2.0,2023-06-09 13:33:11,1.57,12852,3.14
540117,22384,LUNCH BAG PINK POLKADOT,1.0,2023-06-09 13:33:11,1.63,12852,1.63
540117,22748,POPPY'S PLAYHOUSE KITCHEN,1.0,2023-06-09 13:33:11,2.11,12852,2.11
540118,84406B,CREAM CUPID HEARTS COAT HANGER,2.0,2023-09-03 12:26:39,2.72,13007,5.44
540118,22748,POPPY'S PLAYHOUSE KITCHEN,1.0,2023-09-03 12:26:39,2.07,13007,2.07
540118,22386,JUMBO BAG PINK POLKADOT,2.0,2023-09-03 12:26:39,1.91,13007,3.82
540119,22632,HAND WARMER RED POLKA DOT,3.0,2023-11-04 08:38:54,1.9,12651,5.7
540119,20728,LUNCH BAG CARS BLUE,1.0,2023-11-04 08:38:54,1.69,12651,1.69
540119,85099B,JUMBO BAG RED RETROSPOT,2.0,2023-11-04 08:38:54,1.93,12651,3.86
540120,84406B,CREAM CUPID HEARTS COAT HANGER,1.0,2023-09-23 09:19:48,2.83,12877,2.83
540120,20726,LUNCH BAG WOODLAND,4.0,2023-09-23 09:19:48,1.65,12877,6.6
540120,20727,LUNCH BAG BLACK SKULL.,2.0,2023-09-23 09:19:48,1.63,12877,3.26
540122,22749,POPPY'S PLAYHOUSE LIVINGROOM,1.0,2023-11-22 23:02:01,2.18,12553,2.18
540122,20726,LUNCH BAG WOODLAND,1.0,2023-11-22 23:02:01,1.69,12553,1.69
540124,22632,HAND WARMER RED POLKA DOT,3.0,2023-06-09 08:30:22,1.83,12648,5.49
540124,84879,ASSORTED COLOUR BIRD ORNAMENT,1.0,2023-06-09 08:30:22,1.62,12648,1.62
540125,22384,LUNCH BAG PINK POLKADOT,2.0,2023-10-18 08:54:15,1.63,12937,3.26
540127,22383,LUNCH BAG SUKI DESIGN,2.0,2023-06-08 12:01:26,1.59,12821,3.18
540127,22382,LUNCH BAG SPACEBOY DESIGN,1.0,2023-06-08 12:01:26,1.58,12821,1.58
540127,84029E,RED WOOLLY HOTTIE WHITE HEART.,1.0,2023-06-08 12:01:26,3.45,12821,3.45
540127,20725,LUNCH BAG RED RETROSPOT,3.0,2023-06-08 12:01:26,1.7,12821,5.1
540128,84406B,CREAM CUPID HEARTS COAT HANGER,2.0,2023-10-25 16:06:27,2.64,12500,5.28
540128,20726,LUNCH BAG WOODLAND,2.0,2023-10-25 16:06:27,1.57,12500,3.14
540128,20728,LUNCH BAG CARS BLUE,4.0,2023-10-25 16:06:27,1.61,12500,6.44
540129,22086,PAPER CHAIN KIT 50'S CHRISTMAS,2.0,2023-10-25 17:00:51,2.58,12853,5.16
540129,22745,POPPY'S PLAYHOUSE BEDROOM,2.0,2023-10-25 17:00:51,2.05,12853,4.1
540129,71053,WHITE METAL LANTERN,1.0,2023-10-25 17:00:51,3.47,12853,3.47
540129,20728,LUNCH BAG CARS BLUE,2.0,2023-10-25 17:00:51,1.57,12853,3.14
540131,22633,HAND WARMER UNION JACK,2.0,2023-09-23 09:25:16,1.92,12815,3.84
540131,22411,JUMBO SHOPPER VINTAGE RED PAISLEY,3.0,2023-09-23 09:25:16,1.93,12815,5.79
540131,22749,POPPY'S PLAYHOUSE LIVINGROOM,1.0,2023-09-23 09:25:16,2.07,12815,2.07
540131,47566,PARTY BUNTING,4.0,2023-09-23 09:25:16,4.82,12815,19.28
540131,22310,IVORY KNITTED MUG COSY,6.0,2023-09-23 09:25:16,1.71,12815,10.26
540131,85099F,JUMBO BAG STRAWBERRY,2.0,2023-09-23 09:25:16,2.03,12815,4.06
540132,84969,BOX OF 6 ASSORTED COLOUR TEASPOONS,1.0,2023-07-10 19:06:32,4.35,12485,4.35
540132,22748,POPPY'S PLAYHOUSE KITCHEN,1.0,2023-07-10 19:06:32,2.12,12485,2.12
540132,85099B,JUMBO BAG RED RETROSPOT,4.0,2023-07-10 19:06:32,1.85,12485,7.4
540132,22386,JUMBO BAG PINK POLKADOT,1.0,2023-07-10 19:06:32,1.89,12485,1.89
540133,22749,POPPY'S PLAYHOUSE LIVINGROOM,2.0,2023-08-21 05:03:46,2.05,12810,4.1
540133,85123A,WHITE HANGING HEART T-LIGHT HOLDER,2.0,2023-08-21 05:03:46,2.44,12810,4.88
540133,22632,HAND WARMER RED POLKA DOT,1.0,2023-08-21 05:03:46,1.94,12810,1.94
540134,47566,PARTY BUNTING,3.0,2023-10-05 05:01:43,4.46,12877,13.38
540134,22386,JUMBO BAG PINK POLKADOT,1.0,2023-10-05 05:01:43,1.97,12877,1.97
540134,22310,IVORY KNITTED MUG COSY,2.0,2023-10-05 05:01:43,1.64,12877,3.28
540135,22632,HAND WARMER RED POLKA DOT,2.0,2023-09-22 15:19:07,1.92,13021,3.84
540135,22384,LUNCH BAG PINK POLKADOT,1.0,2023-09-22 15:19:07,1.71,13021,1.71
540135,22749,POPPY'S PLAYHOUSE LIVINGROOM,3.0,2023-09-22 15:19:07,2.17,13021,6.51
540136,22384,LUNCH BAG PINK POLKADOT,4.0,2023-08-15 10:05:28,1.66,12751,6.64
540136,21730,GLASS STAR FROSTED T-LIGHT HOLDER,3.0,2023-08-15 10:05:28,4.32,12751,12.96
540136,84879,ASSORTED COLOUR BIRD ORNAMENT,1.0,2023-08-15 10:05:28,1.64,12751,1.64
540137,71053,WHITE METAL LANTERN,2.0,2023-05-15 20:01:05,3.51,12923,7.02
540137,22749,POPPY'S PLAYHOUSE LIVINGROOM,2.0,2023-05-15 20:01:05,2.2,12923,4.4
540137,85099B,JUMBO BAG RED RETROSPOT,2.0,2023-05-15 20:01:05,2.03,12923,4.06
540137,22383,LUNCH BAG SUKI DESIGN,3.0,2023-05-15 20:01:05,1.69,12923,5.07
540137,20727,LUNCH BAG BLACK SKULL.,4.0,2023-05-15 20:01:05,1.67,12923,6.68
540138,22382,LUNCH BAG SPACEBOY DESIGN,3.0,2023-11-21 18:28:46,1.64,12751,4.92
540139,84406B,CREAM CUPID HEARTS COAT HANGER,1.0,2023-05-30 10:16:05,2.72,12426,2.72
540139,20728,LUNCH BAG CARS BLUE,4.0,2023-05-30 10:16:05,1.61,12426,6.44
540139,22633,HAND WARMER UNION JACK,1.0,2023-05-30 10:16:05,1.81,12426,1.81
540139,22411,JUMBO SHOPPER VINTAGE RED PAISLEY,4.0,2023-05-30 10:16:05,1.94,12426,7.76
540140,22749,POPPY'S PLAYHOUSE LIVINGROOM,1.0,2023-11-13 23:05:29,2.05,12900,2.05
540140,84029E,RED WOOLLY HOTTIE WHITE HEART.,2.0,2023-11-13 23:05:29,3.43,12900,6.86
540140,22382,LUNCH BAG SPACEBOY DESIGN,6.0,2023-11-13 23:05:29,1.61,12900,9.66
540140,22411,JUMBO SHOPPER VINTAGE RED PAISLEY,4.0,2023-11-13 23:05:29,1.94,12900,7.76
540142,22310,IVORY KNITTED MUG COSY,6.0,2023-10-21 17:46:30,1.72,12384,10.32
540142,71053,WHITE METAL LANTERN,1.0,2023-10-21 17:46:30,3.56,12384,3.56
540142,20727,LUNCH BAG BLACK SKULL.,1.0,2023-10-21 17:46:30,1.69,12384,1.69
540142,22386,JUMBO BAG PINK POLKADOT,1.0,2023-10-21 17:46:30,2.04,12384,2.04
540142,84969,BOX OF 6 ASSORTED COLOUR TEASPOONS,2.0,2023-10-21 17:46:30,4.25,12384,8.5
540143,84879,ASSORTED COLOUR BIRD ORNAMENT,1.0,2023-11-05 02:42:20,1.71,12881,1.71
540143,22384,LUNCH BAG PINK POLKADOT,1.0,2023-11-05 02:42:20,1.66,12881,1.66
540143,22632,HAND WARMER RED POLKA DOT,3.0,2023-11-05 02:42:20,1.89,12881,5.67
540144,20726,LUNCH BAG WOODLAND,1.0,2023-04-13 00:04:23,1.62,12757,1.62
540144,22386,JUMBO BAG PINK POLKADOT,2.0,2023-04-13 00:04:23,1.88,12757,3.76
540144,20728,LUNCH BAG CARS BLUE,3.0,2023-04-13 00:04:23,1.65,12757,4.95
540145,85123A,WHITE HANGING HEART T-LIGHT HOLDER,3.0,2023-06-04 18:11:50,2.61,12927,7.83
540146,20726,LUNCH BAG WOODLAND,4.0,2023-06-19 07:17:24,1.68,12701,6.72
540146,22386,JUMBO BAG PINK POLKADOT,1.0,2023-06-19 07:17:24,1.89,12701,1.89
540146,22748,POPPY'S PLAYHOUSE KITCHEN,2.0,2023-06-19 07:17:24,2.2,12701,4.4
540147,20726,LUNCH BAG WOODLAND,3.0,2023-04-02 23:52:15,1.72,12879,5.16
540147,22633,HAND WARMER UNION JACK,1.0,2023-04-02 23:52:15,1.83,12879,1.83
540147,22748,POPPY'S PLAYHOUSE KITCHEN,1.0,2023-04-02 23:52:15,2.19,12879,2.19
540148,21730,GLASS STAR FROSTED T-LIGHT HOLDER,2.0,2023-10-03 05:52:42,4.07,12480,8.14
540148,22633,HAND WARMER UNION JACK,1.0,2023-10-03 05:52:42,1.93,12480,1.93
540151,71053,WHITE METAL LANTERN,1.0,2023-08-13 22:45:24,3.46,12792,3.46
540151,20726,LUNCH BAG WOODLAND,2.0,2023-08-13 22:45:24,1.62,12792,3.24
540152,85099F,JUMBO BAG STRAWBERRY,2.0,2023-11-16 09:22:58,1.91,13077,3.82
540152,20725,LUNCH BAG RED RETROSPOT,3.0,2023-11-16 09:22:58,1.62,13077,4.86
540152,22310,IVORY KNITTED MUG COSY,1.0,2023-11-16 09:22:58,1.68,13077,1.68
540152,22748,POPPY'S PLAYHOUSE KITCHEN,1.0,2023-11-16 09:22:58,2.09,13077,2.09
540154,22749,POPPY'S PLAYHOUSE LIVINGROOM,2.0,2023-11-23 14:06:23,2.03,12834,4.06
540154,22748,POPPY'S PLAYHOUSE KITCHEN,6.0,2023-11-23 14:06:23,2.2,12834,13.2
540155,84406B,CREAM CUPID HEARTS COAT HANGER,2.0,2023-08-12 15:51:00,2.69,12670,5.38
540155,47566,PARTY BUNTING,1.0,2023-08-12 15:51:00,4.59,12670,4.59
540156,22086,PAPER CHAIN KIT 50'S CHRISTMAS,2.0,2023-11-18 05:25:49,2.47,12877,4.94
540156,22748,POPPY'S PLAYHOUSE KITCHEN,3.0,2023-11-18 05:25:49,2.08,12877,6.24
540156,85123A,WHITE HANGING HEART T-LIGHT HOLDER,6.0,2023-11-18 05:25:49,2.64,12877,15.84
540156,22745,POPPY'S PLAYHOUSE BEDROOM,2.0,2023-11-18 05:25:49,2.2,12877,4.4
540156,85099F,JUMBO BAG STRAWBERRY,1.0,2023-11-18 05:25:49,2.02,12877,2.02
540157,71053,WHITE METAL LANTERN,2.0,2023-09-06 17:15:20,3.27,12877,6.54
540157,84029G,KNITTED UNION FLAG HOT WATER BOTTLE,2.0,2023-09-06 17:15:20,3.45,12877,6.9
540157,22386,JUMBO BAG PINK POLKADOT,1.0,2023-09-06 17:15:20,1.89,12877,1.89
540157,20727,LUNCH BAG BLACK SKULL.,4.0,2023-09-06 17:15:20,1.72,12877,6.88
540157,85099B,JUMBO BAG RED RETROSPOT,3.0,2023-09-06 17:15:20,1.95,12877,5.85
540157,20728,LUNCH BAG CARS BLUE,3.0,2023-09-06 17:15:20,1.68,12877,5.04
540158,20727,LUNCH BAG BLACK SKULL.,2.0,2023-06-07 02:29:55,1.66,13109,3.32
540158,85123A,WHITE HANGING HEART T-LIGHT HOLDER,1.0,2023-06-07 02:29:55,2.47,13109,2.47
540158,85099B,JUMBO BAG RED RETROSPOT,2.0,2023-06-07 02:29:55,2.03,13109,4.06
540158,22632,HAND WARMER RED POLKA DOT,2.0,2023-06-07 02:29:55,1.9,13109,3.8
540158,22382,LUNCH BAG SPACEBOY DESIGN,2.0,2023-06-07 02:29:55,1.64,13109,3.28
540159,22745,POPPY'S PLAYHOUSE BEDROOM,1.0,2023-09-01 10:08:41,2.07,12607,2.07
540159,21730,GLASS STAR FROSTED T-LIGHT HOLDER,4.0,2023-09-01 10:08:41,4.26,12607,17.04
540159,22749,POPPY'S PLAYHOUSE LIVINGROOM,3.0,2023-09-01 10:08:41,2.16,12607,6.48
540159,22086,PAPER CHAIN KIT 50'S CHRISTMAS,3.0,2023-09-01 10:08:41,2.56,12607,7.68
540159,22383,LUNCH BAG SUKI DESIGN,2.0,2023-09-01 10:08:41,1.62,12607,3.24
540160,22749,POPPY'S PLAYHOUSE LIVINGROOM,6.0,2023-08-02 17:59:35,2.19,12877,13.14
540161,22748,POPPY'S PLAYHOUSE KITCHEN,1.0,2023-10-27 11:21:34,2.05,12758,2.05
540161,21931,JUMBO STORAGE BAG SUKI,2.0,2023-10-27 11:21:34,1.88,12758,3.76
540161,47566,PARTY BUNTING,1.0,2023-10-27 11:21:34,4.47,12758,4.47
540161,22383,LUNCH BAG SUKI DESIGN,3.0,2023-10-27 11:21:34,1.65,12758,4.95
540162,22384,LUNCH BAG PINK POLKADOT,1.0,2023-07-01 14:35:15,1.72,13007,1.72
540162,85099B,JUMBO BAG RED RETROSPOT,2.0,2023-07-01 14:35:15,1.97,13007,3.94
540162,20725,LUNCH BAG RED RETROSPOT,6.0,2023-07-01 14:35:15,1.6,13007,9.6
540162,21730,GLASS STAR FROSTED T-LIGHT HOLDER,4.0,2023-07-01 14:35:15,4.39,13007,17.56
540163,85099B,JUMBO BAG RED RETROSPOT,4.0,2023-08-06 19:37:36,1.88,12503,7.52
540163,85123A,WHITE HANGING HEART T-LIGHT HOLDER,1.0,2023-08-06 19:37:36,2.59,12503,2.59
540163,21931,JUMBO STORAGE BAG SUKI,2.0,2023-08-06 19:37:36,1.87,12503,3.74
540164,22386,JUMBO BAG PINK POLKADOT,4.0,2023-03-07 18:03:08,1.95,12877,7.8
540164,22745,POPPY'S PLAYHOUSE BEDROOM,3.0,2023-03-07 18:03:08,2.05,12877,6.15
540164,84969,BOX OF 6 ASSORTED COLOUR TEASPOONS,1.0,2023-03-07 18:03:08,4.35,12877,4.35
540164,21931,JUMBO STORAGE BAG SUKI,4.0,2023-03-07 18:03:08,1.96,12877,7.84
540165,84969,BOX OF 6 ASSORTED COLOUR TEASPOONS,2.0,2023-07-11 02:24:32,4.2,12787,8.4
540165,22384,LUNCH BAG PINK POLKADOT,1.0,2023-07-11 02:24:32,1.67,12787,1.67
540166,84029G,KNITTED UNION FLAG HOT WATER BOTTLE,1.0,2023-09-28 09:16:39,3.32,12864,3.32
540166,22411,JUMBO SHOPPER VINTAGE RED PAISLEY,4.0,2023-09-28 09:16:39,1.9,12864,7.6
540166,20728,LUNCH BAG CARS BLUE,6.0,2023-09-28 09:16:39,1.63,12864,9.78
540166,22749,POPPY'S PLAYHOUSE LIVINGROOM,3.0,2023-09-28 09:16:39,2.12,12864,6.36
540166,22745,POPPY'S PLAYHOUSE BEDROOM,4.0,2023-09-28 09:16:39,2.14,12864,8.56
540166,85123A,WHITE HANGING HEART T-LIGHT HOLDER,2.0,2023-09-28 09:16:39,2.53,12864,5.06
540168,84969,BOX OF 6 ASSORTED COLOUR TEASPOONS,1.0,2023-11-07 22:47:47,4.22,12878,4.22
540168,47566,PARTY BUNTING,2.0,2023-11-07 22:47:47,4.81,12878,9.62
540168,22086,PAPER CHAIN KIT 50'S CHRISTMAS,3.0,2023-11-07 22:47:47,2.58,12878,7.74
540168,22745,POPPY'S PLAYHOUSE BEDROOM,1.0,2023-11-07 22:47:47,2.11,12878,2.11
540168,22749,POPPY'S PLAYHOUSE LIVINGROOM,4.0,2023-11-07 22:47:47,2.0,12878,8.0
540168,21931,JUMBO STORAGE BAG SUKI,2.0,2023-11-07 22:47:47,2.0,12878,4.0
540169,22749,POPPY'S PLAYHOUSE LIVINGROOM,1.0,2023-07-26 04:10:26,2.14,12906,2.14
540169,85123A,WHITE HANGING HEART T-LIGHT HOLDER,1.0,2023-07-26 04:10:26,2.63,12906,2.63
540169,22383,LUNCH BAG SUKI DESIGN,1.0,2023-07-26 04:10:26,1.68,12906,1.68
540169,84879,ASSORTED COLOUR BIRD ORNAMENT,3.0,2023-07-26 04:10:26,1.73,12906,5.19
540170,84029E,RED WOOLLY HOTTIE WHITE HEART.,6.0,2023-11-30 11:11:42,3.56,12415,21.36
540171,84029E,RED WOOLLY HOTTIE WHITE HEART.,3.0,2023-03-17 05:54:56,3.48,12831,10.44
540171,22633,HAND WARMER UNION JACK,4.0,2023-03-17 05:54:56,1.9,12831,7.6
540171,22748,POPPY'S PLAYHOUSE KITCHEN,1.0,2023-03-17 05:54:56,2.02,12831,2.02
540171,85099B,JUMBO BAG RED RETROSPOT,2.0,2023-03-17 05:54:56,1.94,12831,3.88
540171,22383,LUNCH BAG SUKI DESIGN,3.0,2023-03-17 05:54:56,1.65,12831,4.95
540171,21931,JUMBO STORAGE BAG SUKI,1.0,2023-03-17 05:54:56,1.97,12831,1.97
540172,22632,HAND WARMER RED POLKA DOT,4.0,2023-10-29 03:03:25,1.86,12594,7.44
540172,21730,GLASS STAR FROSTED T-LIGHT HOLDER,6.0,2023-10-29 03:03:25,4.23,12594,25.38
540172,22748,POPPY'S PLAYHOUSE KITCHEN,1.0,2023-10-29 03:03:25,2.06,12594,2.06
540172,20728,LUNCH BAG CARS BLUE,2.0,2023-10-29 03:03:25,1.57,12594,3.14
540173,22632,HAND WARMER RED POLKA DOT,1.0,2023-09-15 04:41:07,1.83,12462,1.83
540173,22386,JUMBO BAG PINK POLKADOT,1.0,2023-09-15 04:41:07,1.99,12462,1.99
540174,22411,JUMBO SHOPPER VINTAGE RED PAISLEY,2.0,2023-10-01 08:06:55,1.93,12877,3.86
540174,22384,LUNCH BAG PINK POLKADOT,2.0,2023-10-01 08:06:55,1.58,12877,3.16
540174,85123A,WHITE HANGING HEART T-LIGHT HOLDER,2.0,2023-10-01 08:06:55,2.56,12877,5.12
540175,21730,GLASS STAR FROSTED T-LIGHT HOLDER,1.0,2023-05-22 12:14:56,4.19,12821,4.19
540175,84029G,KNITTED UNION FLAG HOT WATER BOTTLE,1.0,2023-05-22 12:14:56,3.27,12821,3.27
540175,22411,JUMBO SHOPPER VINTAGE RED PAISLEY,1.0,2023-05-22 12:14:56,1.98,12821,1.98
540175,71053,WHITE METAL LANTERN,1.0,2023-05-22 12:14:56,3.42,12821,3.42
540177,20728,LUNCH BAG CARS BLUE,2.0,2023-10-11 12:36:19,1.63,12912,3.26
540177,21730,GLASS STAR FROSTED T-LIGHT HOLDER,3.0,2023-10-11 12:36:19,4.22,12912,12.66
540178,85123A,WHITE HANGING HEART T-LIGHT HOLDER,1.0,2023-04-20 19:27:58,2.66,12877,2.66
540178,85099B,JUMBO BAG RED RETROSPOT,4.0,2023-04-20 19:27:58,1.91,12877,7.64
540179,84969,BOX OF 6 ASSORTED COLOUR TEASPOONS,1.0,2023-08-13 23:43:51,4.42,12810,4.42
540179,22382,LUNCH BAG SPACEBOY DESIGN,1.0,2023-08-13 23:43:51,1.62,12810,1.62
540179,22632,HAND WARMER RED POLKA DOT,4.0,2023-08-13 23:43:51,1.84,12810,7.36
540179,20726,LUNCH BAG WOODLAND,2.0,2023-08-13 23:43:51,1.58,12810,3.16
540180,22748,POPPY'S PLAYHOUSE KITCHEN,1.0,2023-06-18 03:38:41,2.17,12347,2.17
540180,22383,LUNCH BAG SUKI DESIGN,2.0,2023-06-18 03:38:41,1.73,12347,3.46
540180,20725,LUNCH BAG RED RETROSPOT,6.0,2023-06-18 03:38:41,1.59,12347,9.54
540180,71053,WHITE METAL LANTERN,4.0,2023-06-18 03:38:41,3.53,12347,14.12
540180,85123A,WHITE HANGING HEART T-LIGHT HOLDER,3.0,2023-06-18 03:38:41,2.5,12347,7.5
540180,85099F,JUMBO BAG STRAWBERRY,6.0,2023-06-18 03:38:41,1.88,12347,11.28
540181,84029G,KNITTED UNION FLAG HOT WATER BOTTLE,4.0,2023-10-17 07:06:32,3.25,12467,13.0
540181,20728,LUNCH BAG CARS BLUE,1.0,2023-10-17 07:06:32,1.69,12467,1.69
540181,84969,BOX OF 6 ASSORTED COLOUR TEASPOONS,6.0,2023-10-17 07:06:32,4.26,12467,25.56
540181,47566,PARTY BUNTING,1.0,2023-10-17 07:06:32,4.47,12467,4.47
540181,22310,IVORY KNITTED MUG COSY,1.0,2023-10-17 07:06:32,1.67,12467,1.67
540184,21931,JUMBO STORAGE BAG SUKI,1.0,2023-05-31 02:45:10,1.89,13056,1.89
540184,47566,PARTY BUNTING,4.0,2023-05-31 02:45:10,4.69,13056,18.76
540185,85099F,JUMBO BAG STRAWBERRY,2.0,2023-11-17 15:55:10,1.93,12713,3.86
540186,22745,POPPY'S PLAYHOUSE BEDROOM,3.0,2023-03-26 23:58:28,2.06,13105,6.18
540186,22086,PAPER CHAIN KIT 50'S CHRISTMAS,2.0,2023-03-26 23:58:28,2.5,13105,5.0
540186,85099B,JUMBO BAG RED RETROSPOT,1.0,2023-03-26 23:58:28,1.97,13105,1.97
540187,21730,GLASS STAR FROSTED T-LIGHT HOLDER,2.0,2023-06-14 15:26:31,4.06,13021,8.12
540187,20727,LUNCH BAG BLACK SKULL.,1.0,2023-06-14 15:26:31,1.72,13021,1.72
540188,71053,WHITE METAL LANTERN,4.0,2023-11-05 15:25:59,3.37,12817,13.48
540188,21730,GLASS STAR FROSTED T-LIGHT HOLDER,2.0,2023-11-05 15:25:59,4.13,12817,8.26
540188,85099B,JUMBO BAG RED RETROSPOT,6.0,2023-11-05 15:25:59,1.91,12817,11.46
540188,84029G,KNITTED UNION FLAG HOT WATER BOTTLE,1.0,2023-11-05 15:25:59,3.32,12817,3.32
540189,22382,LUNCH BAG SPACEBOY DESIGN,6.0,2023-09-04 02:24:23,1.72,12941,10.32
540190,22383,LUNCH BAG SUKI DESIGN,3.0,2023-04-06 08:10:48,1.58,13102,4.74
540190,22086,PAPER CHAIN KIT 50'S CHRISTMAS,1.0,2023-04-06 08:10:48,2.65,13102,2.65
540190,22632,HAND WARMER RED POLKA DOT,1.0,2023-04-06 08:10:48,1.83,13102,1.83
540190,47566,PARTY BUNTING,3.0,2023-04-06 08:10:48,4.52,13102,13.56
540190,20726,LUNCH BAG WOODLAND,1.0,2023-04-06 08:10:48,1.73,13102,1.73
540190,20728,LUNCH BAG CARS BLUE,1.0,2023-04-06 08:10:48,1.62,13102,1.62
540191,22748,POPPY'S PLAYHOUSE KITCHEN,1.0,2023-07-08 16:26:12,2.16,12390,2.16
540191,22086,PAPER CHAIN KIT 50'S CHRISTMAS,1.0,2023-07-08 16:26:12,2.44,12390,2.44
540191,22632,HAND WARMER RED POLKA DOT,1.0,2023-07-08 16:26:12,1.8,12390,1.8
540192,21730,GLASS STAR FROSTED T-LIGHT HOLDER,1.0,2023-09-12 22:58:55,4.11,12877,4.11
540192,22745,POPPY'S PLAYHOUSE BEDROOM,3.0,2023-09-12 22:58:55,2.02,12877,6.06
540193,22384,LUNCH BAG PINK POLKADOT,4.0,2023-12-08 09:01:12,1.6,12877,6.4
540193,21931,JUMBO STORAGE BAG SUKI,1.0,2023-12-08 09:01:12,1.91,12877,1.91
540194,84029G,KNITTED UNION FLAG HOT WATER BOTTLE,2.0,2023-10-18 13:10:08,3.32,12852,6.64
540194,21730,GLASS STAR FROSTED T-LIGHT HOLDER,1.0,2023-10-18 13:10:08,4.31,12852,4.31
540194,22384,LUNCH BAG PINK POLKADOT,1.0,2023-10-18 13:10:08,1.59,12852,1.59
540196,22384,LUNCH BAG PINK POLKADOT,3.0,2023-04-17 03:58:59,1.63,12878,4.89
540196,20728,LUNCH BAG CARS BLUE,6.0,2023-04-17 03:58:59,1.63,12878,9.78
540196,47566,PARTY BUNTING,1.0,2023-04-17 03:58:59,4.66,12878,4.66
540197,47566,PARTY BUNTING,3.0,2023-11-29 14:53:42,4.66,12858,13.98
540197,71053,WHITE METAL LANTERN,1.0,2023-11-29 14:53:42,3.39,12858,3.39
540198,20727,LUNCH BAG BLACK SKULL.,4.0,2023-11-07 20:48:39,1.64,12714,6.56
540198,22745,POPPY'S PLAYHOUSE BEDROOM,2.0,2023-11-07 20:48:39,2.12,12714,4.24
540198,22749,POPPY'S PLAYHOUSE LIVINGROOM,4.0,2023-11-07 20:48:39,2.12,12714,8.48
540198,84029E,RED WOOLLY HOTTIE WHITE HEART.,1.0,2023-11-07 20:48:39,3.55,12714,3.55
540199,22310,IVORY KNITTED MUG COSY,3.0,2023-05-19 19:54:42,1.71,12817,5.13
540199,20725,LUNCH BAG RED RETROSPOT,2.0,2023-05-19 19:54:42,1.63,12817,3.26
540199,21931,JUMBO STORAGE BAG SUKI,3.0,2023-05-19 19:54:42,2.03,12817,6.09
540201,20725,LUNCH BAG RED RETROSPOT,6.0,2023-07-01 00:46:46,1.65,12845,9.9
540202,84029G,KNITTED UNION FLAG HOT WATER BOTTLE,1.0,2023-07-22 01:11:03,3.52,12607,3.52
540202,22749,POPPY'S PLAYHOUSE LIVINGROOM,4.0,2023-07-22 01:11:03,2.05,12607,8.2
540202,22310,IVORY KNITTED MUG COSY,2.0,2023-07-22 01:11:03,1.6,12607,3.2
540202,22384,LUNCH BAG PINK POLKADOT,4.0,2023-07-22 01:11:03,1.63,12607,6.52
540202,22748,POPPY'S PLAYHOUSE KITCHEN,2.0,2023-07-22 01:11:03,2.19,12607,4.38
540203,20725,LUNCH BAG RED RETROSPOT,1.0,2023-10-15 15:48:29,1.68,12821,1.68
540203,84879,ASSORTED COLOUR BIRD ORNAMENT,4.0,2023-10-15 15:48:29,1.63,12821,6.52
540203,22310,IVORY KNITTED MUG COSY,4.0,2023-10-15 15:48:29,1.59,12821,6.36
540205,47566,PARTY BUNTING,1.0,2023-04-03 16:04:08,4.67,12868,4.67
540205,22383,LUNCH BAG SUKI DESIGN,1.0,2023-04-03 16:04:08,1.71,12868,1.71
540206,84969,BOX OF 6 ASSORTED COLOUR TEASPOONS,4.0,2023-10-22 16:11:38,4.34,12877,17.36
540206,22745,POPPY'S PLAYHOUSE BEDROOM,1.0,2023-10-22 16:11:38,2.08,12877,2.08
540206,22382,LUNCH BAG SPACEBOY DESIGN,3.0,2023-10-22 16:11:38,1.58,12877,4.74
540206,22748,POPPY'S PLAYHOUSE KITCHEN,3.0,2023-10-22 16:11:38,2.07,12877,6.21
540206,85099F,JUMBO BAG STRAWBERRY,2.0,2023-10-22 16:11:38,2.04,12877,4.08
540207,47566,PARTY BUNTING,1.0,2023-10-01 08:51:04,4.59,12496,4.59
540207,21730,GLASS STAR FROSTED T-LIGHT HOLDER,3.0,2023-10-01 08:51:04,4.41,12496,13.23
540207,22086,PAPER CHAIN KIT 50'S CHRISTMAS,3.0,2023-10-01 08:51:04,2.44,12496,7.32
540208,84879,ASSORTED COLOUR BIRD ORNAMENT,2.0,2023-10-26 19:22:57,1.69,12877,3.38
540208,22633,HAND WARMER UNION JACK,1.0,2023-10-26 19:22:57,1.92,12877,1.92
540208,85099B,JUMBO BAG RED RETROSPOT,1.0,2023-10-26 19:22:57,1.97,12877,1.97
540208,20726,LUNCH BAG WOODLAND,1.0,2023-10-26 19:22:57,1.6,12877,1.6
540208,20728,LUNCH BAG CARS BLUE,2.0,2023-10-26 19:22:57,1.71,12877,3.42
540208,84029E,RED WOOLLY HOTTIE WHITE HEART.,3.0,2023-10-26 19:22:57,3.45,12877,10.35
540209,22632,HAND WARMER RED POLKA DOT,1.0,2023-11-27 06:36:46,1.77,12877,1.77
540209,22086,PAPER CHAIN KIT 50'S CHRISTMAS,3.0,2023-11-27 06:36:46,2.45,12877,7.35
540209,22386,JUMBO BAG PINK POLKADOT,1.0,2023-11-27 06:36:46,1.95,12877,1.95
540209,20725,LUNCH BAG RED RETROSPOT,1.0,2023-11-27 06:36:46,1.64,12877,1.64
540209,20726,LUNCH BAG WOODLAND,4.0,2023-11-27 06:36:46,1.6,12877,6.4
540210,71053,WHITE METAL LANTERN,4.0,2023-07-08 13:02:49,3.25,12780,13.0
540211,47566,PARTY BUNTING,1.0,2023-05-30 12:38:53,4.82,12546,4.82
540211,22411,JUMBO SHOPPER VINTAGE RED PAISLEY,2.0,2023-05-30 12:38:53,1.87,12546,3.74
540211,22386,JUMBO BAG PINK POLKADOT,3.0,2023-05-30 12:38:53,2.01,12546,6.03
540211,22382,LUNCH BAG SPACEBOY DESIGN,2.0,2023-05-30 12:38:53,1.69,12546,3.38
540211,20727,LUNCH BAG BLACK SKULL.,1.0,2023-05-30 12:38:53,1.68,12546,1.68
540212,22384,LUNCH BAG PINK POLKADOT,1.0,2023-08-01 22:10:59,1.62,12699,1.62
540212,22386,JUMBO BAG PINK POLKADOT,6.0,2023-08-01 22:10:59,1.92,12699,11.52
540213,84879,ASSORTED COLOUR BIRD ORNAMENT,2.0,2023-11-13 07:41:23,1.76,12871,3.52
540213,22310,IVORY KNITTED MUG COSY,4.0,2023-11-13 07:41:23,1.6,12871,6.4
540214,84879,ASSORTED COLOUR BIRD ORNAMENT,4.0,2023-09-29 21:32:51,1.65,12485,6.6
540214,21931,JUMBO STORAGE BAG SUKI,1.0,2023-09-29 21:32:51,1.91,12485,1.91
540214,22749,POPPY'S PLAYHOUSE LIVINGROOM,2.0,2023-09-29 21:32:51,2.16,12485,4.32
540215,20725,LUNCH BAG RED RETROSPOT,4.0,2023-04-13 04:05:56,1.67,12724,6.68
540215,22749,POPPY'S PLAYHOUSE LIVINGROOM,4.0,2023-04-13 04:05:56,2.18,12724,8.72
540215,22633,HAND WARMER UNION JACK,4.0,2023-04-13 04:05:56,1.89,12724,7.56
540215,85099B,JUMBO BAG RED RETROSPOT,1.0,2023-04-13 04:05:56,1.98,12724,1.98
540215,84406B,CREAM CUPID HEARTS COAT HANGER,2.0,2023-04-13 04:05:56,2.79,12724,5.58
540216,22386,JUMBO BAG PINK POLKADOT,3.0,2023-10-21 18:40:17,1.89,12877,5.67
540216,20725,LUNCH BAG RED RETROSPOT,1.0,2023-10-21 18:40:17,1.65,12877,1.65
540218,85099B,JUMBO BAG RED RETROSPOT,3.0,2023-01-24 03:34:10,1.89,12396,5.67
540218,22749,POPPY'S PLAYHOUSE LIVINGROOM,1.0,2023-01-24 03:34:10,2.06,12396,2.06
540218,85123A,WHITE HANGING HEART T-LIGHT HOLDER,1.0,2023-01-24 03:34:10,2.44,12396,2.44
540218,84879,ASSORTED COLOUR BIRD ORNAMENT,3.0,2023-01-24 03:34:10,1.62,12396,4.86
540218,22382,LUNCH BAG SPACEBOY DESIGN,2.0,2023-01-24 03:34:10,1.67,12396,3.34
540218,20725,LUNCH BAG RED RETROSPOT,1.0,2023-01-24 03:34:10,1.67,12396,1.67
540220,85099B,JUMBO BAG RED RETROSPOT,1.0,2023-07-26 19:00:25,1.86,12957,1.86
540220,22748,POPPY'S PLAYHOUSE KITCHEN,2.0,2023-07-26 19:00:25,2.04,12957,4.08
540220,22384,LUNCH BAG PINK POLKADOT,6.0,2023-07-26 19:00:25,1.64,12957,9.84
540221,85123A,WHITE HANGING HEART T-LIGHT HOLDER,4.0,2023-10-09 13:52:37,2.55,12877,10.2
540221,20725,LUNCH BAG RED RETROSPOT,1.0,2023-10-09 13:52:37,1.61,12877,1.61
540222,84029E,RED WOOLLY HOTTIE WHITE HEART.,1.0,2023-07-31 19:46:18,3.47,13083,3.47
540222,22748,POPPY'S PLAYHOUSE KITCHEN,6.0,2023-07-31 19:46:18,2.18,13083,13.08
540222,22633,HAND WARMER UNION JACK,2.0,2023-07-31 19:46:18,1.83,13083,3.66
540222,71053,WHITE METAL LANTERN,2.0,2023-07-31 19:46:18,3.34,13083,6.68
540222,84879,ASSORTED COLOUR BIRD ORNAMENT,2.0,2023-07-31 19:46:18,1.67,13083,3.34
540222,85123A,WHITE HANGING HEART T-LIGHT HOLDER,4.0,2023-07-31 19:46:18,2.45,13083,9.8
540223,85099F,JUMBO BAG STRAWBERRY,4.0,2023-12-08 21:06:47,1.96,12749,7.84
540223,84406B,CREAM CUPID HEARTS COAT HANGER,2.0,2023-12-08 21:06:47,2.86,12749,5.72
540223,22386,JUMBO BAG PINK POLKADOT,1.0,2023-12-08 21:06:47,1.96,12749,1.96
540223,47566,PARTY BUNTING,1.0,2023-12-08 21:06:47,4.65,12749,4.65
540224,20725,LUNCH BAG RED RETROSPOT,2.0,2023-06-17 17:18:26,1.63,12877,3.26
540225,22382,LUNCH BAG SPACEBOY DESIGN,4.0,2023-04-11 16:17:37,1.73,12878,6.92
540225,22386,JUMBO BAG PINK POLKADOT,2.0,2023-04-11 16:17:37,1.92,12878,3.84
540225,85123A,WHITE HANGING HEART T-LIGHT HOLDER,1.0,2023-04-11 16:17:37,2.57,12878,2.57
540226,71053,WHITE METAL LANTERN,1.0,2023-08-06 22:06:13,3.4,12877,3.4
540226,84029G,KNITTED UNION FLAG HOT WATER BOTTLE,6.0,2023-08-06 22:06:13,3.43,12877,20.58
540226,85099F,JUMBO BAG STRAWBERRY,2.0,2023-08-06 22:06:13,1.93,12877,3.86
540226,22411,JUMBO SHOPPER VINTAGE RED PAISLEY,1.0,2023-08-06 22:06:13,1.95,12877,1.95
540226,21931,JUMBO STORAGE BAG SUKI,3.0,2023-08-06 22:06:13,1.97,12877,5.91
540227,22310,IVORY KNITTED MUG COSY,1.0,2023-07-18 14:39:34,1.67,12877,1.67
540227,85099B,JUMBO BAG RED RETROSPOT,2.0,2023-07-18 14:39:34,1.97,12877,3.94
540227,22383,LUNCH BAG SUKI DESIGN,2.0,2023-07-18 14:39:34,1.62,12877,3.24
540227,22632,HAND WARMER RED POLKA DOT,1.0,2023-07-18 14:39:34,1.88,12877,1.88
540228,84029G,KNITTED UNION FLAG HOT WATER BOTTLE,4.0,2023-06-12 13:27:59,3.26,12864,13.04
540228,85099F,JUMBO BAG STRAWBERRY,1.0,2023-06-12 13:27:59,1.98,12864,1.98
540230,22382,LUNCH BAG SPACEBOY DESIGN,2.0,2023-09-28 22:10:18,1.71,12712,3.42
540230,22310,IVORY KNITTED MUG COSY,2.0,2023-09-28 22:10:18,1.72,12712,3.44
540230,22411,JUMBO SHOPPER VINTAGE RED PAISLEY,1.0,2023-09-28 22:10:18,2.01,12712,2.01
540230,21730,GLASS STAR FROSTED T-LIGHT HOLDER,6.0,2023-09-28 22:10:18,4.24,12712,25.44
540231,22383,LUNCH BAG SUKI DESIGN,1.0,2023-06-13 18:49:38,1.65,12401,1.65
540231,22382,LUNCH BAG SPACEBOY DESIGN,2.0,2023-06-13 18:49:38,1.67,12401,3.34
540231,47566,PARTY BUNTING,1.0,2023-06-13 18:49:38,4.74,12401,4.74
540232,22748,POPPY'S PLAYHOUSE KITCHEN,1.0,2023-07-08 19:59:30,2.04,12741,2.04
540232,22382,LUNCH BAG SPACEBOY DESIGN,1.0,2023-07-08 19:59:30,1.59,12741,1.59
540232,84029G,KNITTED UNION FLAG HOT WATER BOTTLE,1.0,2023-07-08 19:59:30,3.55,12741,3.55
540233,85099F,JUMBO BAG STRAWBERRY,2.0,2023-06-30 10:43:36,2.03,13124,4.06
540233,22383,LUNCH BAG SUKI DESIGN,4.0,2023-06-30 10:43:36,1.63,13124,6.52
540233,22748,POPPY'S PLAYHOUSE KITCHEN,6.0,2023-06-30 10:43:36,2.13,13124,12.78
540233,84969,BOX OF 6 ASSORTED COLOUR TEASPOONS,3.0,2023-06-30 10:43:36,4.15,13124,12.45
540233,20727,LUNCH BAG BLACK SKULL.,3.0,2023-06-30 10:43:36,1.57,13124,4.71
540233,20728,LUNCH BAG CARS BLUE,1.0,2023-06-30 10:43:36,1.67,13124,1.67
540234,22633,HAND WARMER UNION JACK,2.0,2023-06-17 22:45:10,1.83,12821,3.66
540234,84969,BOX OF 6 ASSORTED COLOUR TEASPOONS,3.0,2023-06-17 22:45:10,4.05,12821,12.15
540235,20728,LUNCH BAG CARS BLUE,2.0,2023-11-19 01:43:13,1.58,12877,3.16
540235,22383,LUNCH BAG SUKI DESIGN,1.0,2023-11-19 01:43:13,1.57,12877,1.57
540235,20726,LUNCH BAG WOODLAND,1.0,2023-11-19 01:43:13,1.59,12877,1.59
540235,84969,BOX OF 6 ASSORTED COLOUR TEASPOONS,6.0,2023-11-19 01:43:13,4.08,12877,24.48
540236,20725,LUNCH BAG RED RETROSPOT,4.0,2023-07-01 16:42:46,1.62,12877,6.48
540237,84406B,CREAM CUPID HEARTS COAT HANGER,6.0,2023-11-01 12:06:59,2.7,12593,16.2
540237,85099F,JUMBO BAG STRAWBERRY,2.0,2023-11-01 12:06:59,1.86,12593,3.72
540237,20725,LUNCH BAG RED RETROSPOT,2.0,2023-11-01 12:06:59,1.7,12593,3.4
540237,22632,HAND WARMER RED POLKA DOT,1.0,2023-11-01 12:06:59,1.81,12593,1.81
540237,22749,POPPY'S PLAYHOUSE LIVINGROOM,4.0,2023-11-01 12:06:59,2.18,12593,8.72
540239,22384,LUNCH BAG PINK POLKADOT,4.0,2023-11-11 11:00:31,1.69,12877,6.76
540239,85099F,JUMBO BAG STRAWBERRY,4.0,2023-11-11 11:00:31,2.0,12877,8.0
540239,21931,JUMBO STORAGE BAG SUKI,1.0,2023-11-11 11:00:31,2.05,12877,2.05
540239,22310,IVORY KNITTED MUG COSY,1.0,2023-11-11 11:00:31,1.71,12877,1.71
540240,84969,BOX OF 6 ASSORTED COLOUR TEASPOONS,3.0,2023-12-07 20:10:27,4.1,12741,12.3
540240,22086,PAPER CHAIN KIT 50'S CHRISTMAS,1.0,2023-12-07 20:10:27,2.43,12741,2.43
540241,22748,POPPY'S PLAYHOUSE KITCHEN,6.0,2023-12-04 03:50:11,2.04,12877,12.24
540241,71053,WHITE METAL LANTERN,2.0,2023-12-04 03:50:11,3.45,12877,6.9
540241,84969,BOX OF 6 ASSORTED COLOUR TEASPOONS,1.0,2023-12-04 03:50:11,4.37,12877,4.37
540242,22632,HAND WARMER RED POLKA DOT,4.0,2023-08-14 04:43:11,1.87,12914,7.48
540242,21931,JUMBO STORAGE BAG SUKI,1.0,2023-08-14 04:43:11,1.99,12914,1.99
540246,22383,LUNCH BAG SUKI DESIGN,1.0,2023-09-17 14:38:25,1.59,12877,1.59
540246,21931,JUMBO STORAGE BAG SUKI,6.0,2023-09-17 14:38:25,2.02,12877,12.12
540248,20728,LUNCH BAG CARS BLUE,2.0,2023-09-18 23:41:34,1.71,12993,3.42
540248,20725,LUNCH BAG RED RETROSPOT,1.0,2023-09-18 23:41:34,1.6,12993,1.6
540248,22386,JUMBO BAG PINK POLKADOT,3.0,2023-09-18 23:41:34,1.91,12993,5.73
540249,71053,WHITE METAL LANTERN,4.0,2023-09-06 11:34:09,3.29,12923,13.16
540249,84406B,CREAM CUPID HEARTS COAT HANGER,1.0,2023-09-06 11:34:09,2.69,12923,2.69
540249,22748,POPPY'S PLAYHOUSE KITCHEN,2.0,2023-09-06 11:34:09,2.04,12923,4.08
540250,22745,POPPY'S PLAYHOUSE BEDROOM,2.0,2023-06-23 09:22:33,2.09,13045,4.18
540250,85123A,WHITE HANGING HEART T-LIGHT HOLDER,2.0,2023-06-23 09:22:33,2.43,13045,4.86
540250,20727,LUNCH BAG BLACK SKULL.,4.0,2023-06-23 09:22:33,1.6,13045,6.4
540252,47566,PARTY BUNTING,3.0,2023-04-28 16:47:14,4.46,13062,13.38
540252,22383,LUNCH BAG SUKI DESIGN,1.0,2023-04-28 16:47:14,1.67,13062,1.67
540252,22411,JUMBO SHOPPER VINTAGE RED PAISLEY,2.0,2023-04-28 16:47:14,1.9,13062,3.8
540252,85099F,JUMBO BAG STRAWBERRY,4.0,2023-04-28 16:47:14,1.99,13062,7.96
540253,85099F,JUMBO BAG STRAWBERRY,4.0,2023-03-26 04:10:03,2.01,12781,8.04
540253,84879,ASSORTED COLOUR BIRD ORNAMENT,3.0,2023-03-26 04:10:03,1.66,12781,4.98
540253,85123A,WHITE HANGING HEART T-LIGHT HOLDER,3.0,2023-03-26 04:10:03,2.67,12781,8.01
540253,20726,LUNCH BAG WOODLAND,1.0,2023-03-26 04:10:03,1.59,12781,1.59
540253,84029G,KNITTED UNION FLAG HOT WATER BOTTLE,4.0,2023-03-26 04:10:03,3.42,12781,13.68
540253,22382,LUNCH BAG SPACEBOY DESIGN,4.0,2023-03-26 04:10:03,1.62,12781,6.48
540254,20725,LUNCH BAG RED RETROSPOT,1.0,2023-05-21 06:55:03,1.63,12607,1.63
540254,22745,POPPY'S PLAYHOUSE BEDROOM,1.0,2023-05-21 06:55:03,2.03,12607,2.03
540255,22382,LUNCH BAG SPACEBOY DESIGN,2.0,2023-04-12 01:42:43,1.61,12588,3.22
540257,22749,POPPY'S PLAYHOUSE LIVINGROOM,1.0,2023-11-03 15:38:12,2.01,12544,2.01
540257,22386,JUMBO BAG PINK POLKADOT,1.0,2023-11-03 15:38:12,1.92,12544,1.92
540258,22745,POPPY'S PLAYHOUSE BEDROOM,3.0,2023-06-06 04:16:07,2.16,13131,6.48
540258,85123A,WHITE HANGING HEART T-LIGHT HOLDER,6.0,2023-06-06 04:16:07,2.49,13131,14.94
540259,85123A,WHITE HANGING HEART T-LIGHT HOLDER,1.0,2023-10-26 19:21:54,2.62,12485,2.62
540259,85099B,JUMBO BAG RED RETROSPOT,2.0,2023-10-26 19:21:54,2.02,12485,4.04
540259,22633,HAND WARMER UNION JACK,2.0,2023-10-26 19:21:54,1.84,12485,3.68
540259,22384,LUNCH BAG PINK POLKADOT,3.0,2023-10-26 19:21:54,1.69,12485,5.07
540259,84969,BOX OF 6 ASSORTED COLOUR TEASPOONS,1.0,2023-10-26 19:21:54,4.41,12485,4.41
540259,20726,LUNCH BAG WOODLAND,2.0,2023-10-26 19:21:54,1.59,12485,3.18
540260,22383,LUNCH BAG SUKI DESIGN,1.0,2023-01-10 12:15:21,1.59,12544,1.59
540261,22633,HAND WARMER UNION JACK,2.0,2023-05-10 16:01:39,1.86,12598,3.72
540261,22411,JUMBO SHOPPER VINTAGE RED PAISLEY,3.0,2023-05-10 16:01:39,1.87,12598,5.61
540262,85123A,WHITE HANGING HEART T-LIGHT HOLDER,1.0,2023-11-06 07:12:27,2.67,13135,2.67
540262,85099B,JUMBO BAG RED RETROSPOT,2.0,2023-11-06 07:12:27,1.98,13135,3.96
540263,85099F,JUMBO BAG STRAWBERRY,2.0,2023-07-14 04:24:21,1.87,12727,3.74
540264,20726,LUNCH BAG WOODLAND,3.0,2023-10-12 21:54:22,1.64,12882,4.92
540264,22633,HAND WARMER UNION JACK,4.0,2023-10-12 21:54:22,1.84,12882,7.36
540264,22383,LUNCH BAG SUKI DESIGN,2.0,2023-10-12 21:54:22,1.67,12882,3.34
540264,22384,LUNCH BAG PINK POLKADOT,1.0,2023-10-12 21:54:22,1.67,12882,1.67
540264,20728,LUNCH BAG CARS BLUE,2.0,2023-10-12 21:54:22,1.57,12882,3.14
540264,22411,JUMBO SHOPPER VINTAGE RED PAISLEY,4.0,2023-10-12 21:54:22,1.88,12882,7.52
540265,71053,WHITE METAL LANTERN,4.0,2023-10-05 22:09:47,3.54,12964,14.16
540265,84969,BOX OF 6 ASSORTED COLOUR TEASPOONS,2.0,2023-10-05 22:09:47,4.15,12964,8.3
540265,22632,HAND WARMER RED POLKA DOT,2.0,2023-10-05 22:09:47,1.85,12964,3.7
540265,22411,JUMBO SHOPPER VINTAGE RED PAISLEY,1.0,2023-10-05 22:09:47,2.01,12964,2.01
540265,22086,PAPER CHAIN KIT 50'S CHRISTMAS,2.0,2023-10-05 22:09:47,2.6,12964,5.2
540266,47566,PARTY BUNTING,4.0,2023-10-18 11:20:15,4.58,12480,18.32
540266,22748,POPPY'S PLAYHOUSE KITCHEN,1.0,2023-10-18 11:20:15,2.19,12480,2.19
540267,22382,LUNCH BAG SPACEBOY DESIGN,1.0,2023-11-22 13:31:48,1.7,12877,1.7
540268,22632,HAND WARMER RED POLKA DOT,2.0,2023-05-24 03:52:08,1.93,13055,3.86
540268,22748,POPPY'S PLAYHOUSE KITCHEN,6.0,2023-05-24 03:52:08,2.18,13055,13.08
540268,71053,WHITE METAL LANTERN,2.0,2023-05-24 03:52:08,3.38,13055,6.76
540268,85099B,JUMBO BAG RED RETROSPOT,3.0,2023-05-24 03:52:08,1.93,13055,5.79
540269,22749,POPPY'S PLAYHOUSE LIVINGROOM,1.0,2023-11-16 13:18:55,2.07,13007,2.07
540270,22745,POPPY'S PLAYHOUSE BEDROOM,1.0,2023-08-13 03:54:12,2.07,12500,2.07
540270,22749,POPPY'S PLAYHOUSE LIVINGROOM,1.0,2023-08-13 03:54:12,2.12,12500,2.12
540270,22384,LUNCH BAG PINK POLKADOT,2.0,2023-08-13 03:54:12,1.72,12500,3.44
540271,85123A,WHITE HANGING HEART T-LIGHT HOLDER,1.0,2023-08-10 13:41:31,2.5,12877,2.5
540271,20725,LUNCH BAG RED RETROSPOT,4.0,2023-08-10 13:41:31,1.57,12877,6.28
540271,84879,ASSORTED COLOUR BIRD ORNAMENT,3.0,2023-08-10 13:41:31,1.66,12877,4.98
540271,22632,HAND WARMER RED POLKA DOT,1.0,2023-08-10 13:41:31,1.82,12877,1.82
540271,20726,LUNCH BAG WOODLAND,1.0,2023-08-10 13:41:31,1.69,12877,1.69
540272,47566,PARTY BUNTING,1.0,2023-02-13 04:18:03,4.81,12940,4.81
540272,84406B,CREAM CUPID HEARTS COAT HANGER,1.0,2023-02-13 04:18:03,2.68,12940,2.68
540272,84879,ASSORTED COLOUR BIRD ORNAMENT,1.0,2023-02-13 04:18:03,1.74,12940,1.74
540272,22745,POPPY'S PLAYHOUSE BEDROOM,2.0,2023-02-13 04:18:03,2.18,12940,4.36
540276,71053,WHITE METAL LANTERN,3.0,2023-11-16 14:00:11,3.39,12808,10.17
540276,85099B,JUMBO BAG RED RETROSPOT,1.0,2023-11-16 14:00:11,1.96,12808,1.96
540277,22384,LUNCH BAG PINK POLKADOT,2.0,2023-08-07 15:48:13,1.58,12824,3.16
540277,22633,HAND WARMER UNION JACK,4.0,2023-08-07 15:48:13,1.91,12824,7.64
540277,20725,LUNCH BAG RED RETROSPOT,2.0,2023-08-07 15:48:13,1.7,12824,3.4
540277,47566,PARTY BUNTING,1.0,2023-08-07 15:48:13,4.76,12824,4.76
540277,84029E,RED WOOLLY HOTTIE WHITE HEART.,1.0,2023-08-07 15:48:13,3.28,12824,3.28
540278,71053,WHITE METAL LANTERN,4.0,2023-06-05 02:53:42,3.37,13145,13.48
540278,22745,POPPY'S PLAYHOUSE BEDROOM,4.0,2023-06-05 02:53:42,2.15,13145,8.6
540278,22633,HAND WARMER UNION JACK,2.0,2023-06-05 02:53:42,1.89,13145,3.78
540278,22411,JUMBO SHOPPER VINTAGE RED PAISLEY,2.0,2023-06-05 02:53:42,1.96,13145,3.92
540278,84969,BOX OF 6 ASSORTED COLOUR TEASPOONS,3.0,2023-06-05 02:53:42,4.08,13145,12.24
540278,20727,LUNCH BAG BLACK SKULL.,4.0,2023-06-05 02:53:42,1.7,13145,6.8
540279,85099F,JUMBO BAG STRAWBERRY,2.0,2023-09-06 03:32:56,1.96,12391,3.92
540279,20727,LUNCH BAG BLACK SKULL.,3.0,2023-09-06 03:32:56,1.59,12391,4.77
540279,22749,POPPY'S PLAYHOUSE LIVINGROOM,3.0,2023-09-06 03:32:56,2.0,12391,6.0
540280,22383,LUNCH BAG SUKI DESIGN,2.0,2023-11-29 08:19:04,1.58,12503,3.16
540280,22633,HAND WARMER UNION JACK,6.0,2023-11-29 08:19:04,1.92,12503,11.52
540280,20725,LUNCH BAG RED RETROSPOT,2.0,2023-11-29 08:19:04,1.72,12503,3.44
540280,85099F,JUMBO BAG STRAWBERRY,3.0,2023-11-29 08:19:04,1.97,12503,5.91
540281,71053,WHITE METAL LANTERN,2.0,2023-05-21 13:19:29,3.35,13135,6.7
540281,20725,LUNCH BAG RED RETROSPOT,1.0,2023-05-21 13:19:29,1.57,13135,1.57
540281,22086,PAPER CHAIN KIT 50'S CHRISTMAS,3.0,2023-05-21 13:19:29,2.65,13135,7.95
540282,22411,JUMBO SHOPPER VINTAGE RED PAISLEY,2.0,2023-03-27 12:02:02,2.03,13055,4.06
540282,22749,POPPY'S PLAYHOUSE LIVINGROOM,2.0,2023-03-27 12:02:02,2.02,13055,4.04
540282,85123A,WHITE HANGING HEART T-LIGHT HOLDER,3.0,2023-03-27 12:02:02,2.44,13055,7.32
540282,85099F,JUMBO BAG STRAWBERRY,3.0,2023-03-27 12:02:02,1.94,13055,5.82
540282,22384,LUNCH BAG PINK POLKADOT,3.0,2023-03-27 12:02:02,1.6,13055,4.8
540283,84969,BOX OF 6 ASSORTED COLOUR TEASPOONS,2.0,2023-08-19 05:54:58,4.45,12911,8.9
540283,20728,LUNCH BAG CARS BLUE,1.0,2023-08-19 05:54:58,1.71,12911,1.71
540283,84406B,CREAM CUPID HEARTS COAT HANGER,4.0,2023-08-19 05:54:58,2.76,12911,11.04
540284,22633,HAND WARMER UNION JACK,2.0,2023-10-28 05:23:18,1.94,12464,3.88
540284,22748,POPPY'S PLAYHOUSE KITCHEN,2.0,2023-10-28 05:23:18,2.12,12464,4.24
540284,22086,PAPER CHAIN KIT 50'S CHRISTMAS,2.0,2023-10-28 05:23:18,2.51,12464,5.02
540284,84879,ASSORTED COLOUR BIRD ORNAMENT,2.0,2023-10-28 05:23:18,1.74,12464,3.48
540285,85099B,JUMBO BAG RED RETROSPOT,2.0,2023-06-25 02:59:45,1.93,12379,3.86
540285,84879,ASSORTED COLOUR BIRD ORNAMENT,1.0,2023-06-25 02:59:45,1.61,12379,1.61
540285,47566,PARTY BUNTING,3.0,2023-06-25 02:59:45,4.45,12379,13.35
540285,22383,LUNCH BAG SUKI DESIGN,3.0,2023-06-25 02:59:45,1.62,12379,4.86
540285,85123A,WHITE HANGING HEART T-LIGHT HOLDER,3.0,2023-06-25 02:59:45,2.63,12379,7.89
540287,84879,ASSORTED COLOUR BIRD ORNAMENT,4.0,2023-11-29 14:05:42,1.66,12877,6.64
540288,22383,LUNCH BAG SUKI DESIGN,3.0,2023-12-04 08:07:49,1.64,12878,4.92
540288,84029G,KNITTED UNION FLAG HOT WATER BOTTLE,1.0,2023-12-04 08:07:49,3.3,12878,3.3
540288,22386,JUMBO BAG PINK POLKADOT,1.0,2023-12-04 08:07:49,1.97,12878,1.97
540288,22384,LUNCH BAG PINK POLKADOT,1.0,2023-12-04 08:07:49,1.62,12878,1.62
540289,22386,JUMBO BAG PINK POLKADOT,2.0,2023-08-09 06:23:36,2.04,13142,4.08
540289,85123A,WHITE HANGING HEART T-LIGHT HOLDER,2.0,2023-08-09 06:23:36,2.57,13142,5.14
540289,22748,POPPY'S PLAYHOUSE KITCHEN,3.0,2023-08-09 06:23:36,2.16,13142,6.48
540289,21931,JUMBO STORAGE BAG SUKI,1.0,2023-08-09 06:23:36,1.86,13142,1.86
540290,20726,LUNCH BAG WOODLAND,1.0,2023-11-07 07:10:33,1.66,12798,1.66
540290,84969,BOX OF 6 ASSORTED COLOUR TEASPOONS,2.0,2023-11-07 07:10:33,4.31,12798,8.62
540291,84029E,RED WOOLLY HOTTIE WHITE HEART.,4.0,2023-08-25 06:15:51,3.44,12878,13.76
540292,22411,JUMBO SHOPPER VINTAGE RED PAISLEY,3.0,2023-07-05 03:26:39,1.92,12877,5.76
540292,84029G,KNITTED UNION FLAG HOT WATER BOTTLE,2.0,2023-07-05 03:26:39,3.44,12877,6.88
540292,21931,JUMBO STORAGE BAG SUKI,1.0,2023-07-05 03:26:39,1.98,12877,1.98
540292,22748,POPPY'S PLAYHOUSE KITCHEN,6.0,2023-07-05 03:26:39,2.14,12877,12.84
540293,22383,LUNCH BAG SUKI DESIGN,1.0,2023-11-08 13:24:34,1.66,12878,1.66
540293,20725,LUNCH BAG RED RETROSPOT,4.0,2023-11-08 13:24:34,1.72,12878,6.88
540295,22411,JUMBO SHOPPER VINTAGE RED PAISLEY,6.0,2023-11-12 05:07:47,1.89,12607,11.34
540295,71053,WHITE METAL LANTERN,1.0,2023-11-12 05:07:47,3.36,12607,3.36
540295,84029G,KNITTED UNION FLAG HOT WATER BOTTLE,3.0,2023-11-12 05:07:47,3.33,12607,9.99
540296,22086,PAPER CHAIN KIT 50'S CHRISTMAS,6.0,2023-02-23 12:11:21,2.58,12957,15.48
540296,22384,LUNCH BAG PINK POLKADOT,4.0,2023-02-23 12:11:21,1.6,12957,6.4
540296,20727,LUNCH BAG BLACK SKULL.,6.0,2023-02-23 12:11:21,1.63,12957,9.78
540296,20725,LUNCH BAG RED RETROSPOT,3.0,2023-02-23 12:11:21,1.66,12957,4.98
540296,85123A,WHITE HANGING HEART T-LIGHT HOLDER,6.0,2023-02-23 12:11:21,2.46,12957,14.76
540297,22411,JUMBO SHOPPER VINTAGE RED PAISLEY,1.0,2023-09-01 09:33:55,1.9,12845,1.9
540297,84406B,CREAM CUPID HEARTS COAT HANGER,1.0,2023-09-01 09:33:55,2.82,12845,2.82
540297,84029E,RED WOOLLY HOTTIE WHITE HEART.,4.0,2023-09-01 09:33:55,3.38,12845,13.52
540297,20728,LUNCH BAG CARS BLUE,3.0,2023-09-01 09:33:55,1.59,12845,4.77
540298,84879,ASSORTED COLOUR BIRD ORNAMENT,2.0,2023-06-16 22:16:48,1.73,12729,3.46
540299,22384,LUNCH BAG PINK POLKADOT,2.0,2023-03-18 05:03:36,1.66,12895,3.32
540299,71053,WHITE METAL LANTERN,2.0,2023-03-18 05:03:36,3.43,12895,6.86
540299,22633,HAND WARMER UNION JACK,3.0,2023-03-18 05:03:36,1.88,12895,5.64
540300,22749,POPPY'S PLAYHOUSE LIVINGROOM,1.0,2023-01-30 19:08:20,2.05,12867,2.05
540300,84029G,KNITTED UNION FLAG HOT WATER BOTTLE,3.0,2023-01-30 19:08:20,3.46,12867,10.38
540300,22745,POPPY'S PLAYHOUSE BEDROOM,1.0,2023-01-30 19:08:20,2.02,12867,2.02
540301,84029G,KNITTED UNION FLAG HOT WATER BOTTLE,6.0,2023-04-20 02:06:34,3.51,12729,21.06
540302,85099F,JUMBO BAG STRAWBERRY,1.0,2023-07-17 19:39:23,1.94,12799,1.94
540302,22748,POPPY'S PLAYHOUSE KITCHEN,1.0,2023-07-17 19:39:23,2.06,12799,2.06
540302,84879,ASSORTED COLOUR BIRD ORNAMENT,3.0,2023-07-17 19:39:23,1.76,12799,5.28
540303,22383,LUNCH BAG SUKI DESIGN,2.0,2023-07-16 10:08:36,1.6,12977,3.2
540303,84029E,RED WOOLLY HOTTIE WHITE HEART.,1.0,2023-07-16 10:08:36,3.28,12977,3.28
540305,71053,WHITE METAL LANTERN,2.0,2023-05-27 18:13:13,3.4,12877,6.8
540305,84029G,KNITTED UNION FLAG HOT WATER BOTTLE,2.0,2023-05-27 18:13:13,3.31,12877,6.62
540307,22383,LUNCH BAG SUKI DESIGN,2.0,2023-04-28 06:21:22,1.73,12787,3.46
540307,84029G,KNITTED UNION FLAG HOT WATER BOTTLE,3.0,2023-04-28 06:21:22,3.55,12787,10.65
540307,84969,BOX OF 6 ASSORTED COLOUR TEASPOONS,3.0,2023-04-28 06:21:22,4.28,12787,12.84
540308,22383,LUNCH BAG SUKI DESIGN,2.0,2023-08-19 19:35:25,1.58,12895,3.16
540308,85099F,JUMBO BAG STRAWBERRY,2.0,2023-08-19 19:35:25,1.95,12895,3.9
540308,20727,LUNCH BAG BLACK SKULL.,4.0,2023-08-19 19:35:25,1.59,12895,6.36
540308,22745,POPPY'S PLAYHOUSE BEDROOM,2.0,2023-08-19 19:35:25,2.08,12895,4.16
540309,84029G,KNITTED UNION FLAG HOT WATER BOTTLE,1.0,2023-03-20 03:49:35,3.37,12878,3.37
540309,85099F,JUMBO BAG STRAWBERRY,6.0,2023-03-20 03:49:35,1.94,12878,11.64
540309,22748,POPPY'S PLAYHOUSE KITCHEN,3.0,2023-03-20 03:49:35,2.18,12878,6.54
540309,20726,LUNCH BAG WOODLAND,1.0,2023-03-20 03:49:35,1.65,12878,1.65
540310,22748,POPPY'S PLAYHOUSE KITCHEN,1.0,2023-03-16 09:42:05,2.14,12595,2.14
540310,84406B,CREAM CUPID HEARTS COAT HANGER,2.0,2023-03-16 09:42:05,2.79,12595,5.58
540310,85099F,JUMBO BAG STRAWBERRY,6.0,2023-03-16 09:42:05,1.88,12595,11.28
540310,84029E,RED WOOLLY HOTTIE WHITE HEART.,1.0,2023-03-16 09:42:05,3.34,12595,3.34
540311,84029G,KNITTED UNION FLAG HOT WATER BOTTLE,2.0,2023-09-15 02:30:24,3.45,12500,6.9
540311,22384,LUNCH BAG PINK POLKADOT,3.0,2023-09-15 02:30:24,1.72,12500,5.16
540311,20727,LUNCH BAG BLACK SKULL.,1.0,2023-09-15 02:30:24,1.6,12500,1.6
540311,85099F,JUMBO BAG STRAWBERRY,3.0,2023-09-15 02:30:24,1.97,12500,5.91
540312,85123A,WHITE HANGING HEART T-LIGHT HOLDER,3.0,2023-11-05 03:35:54,2.62,13051,7.86
540312,84969,BOX OF 6 ASSORTED COLOUR TEASPOONS,3.0,2023-11-05 03:35:54,4.18,13051,12.54
540312,22383,LUNCH BAG SUKI DESIGN,1.0,2023-11-05 03:35:54,1.73,13051,1.73
540312,84406B,CREAM CUPID HEARTS COAT HANGER,3.0,2023-11-05 03:35:54,2.88,13051,8.64
540313,22382,LUNCH BAG SPACEBOY DESIGN,3.0,2023-11-28 04:25:26,1.62,12586,4.86
540314,85123A,WHITE HANGING HEART T-LIGHT HOLDER,1.0,2023-07-09 14:38:39,2.61,12710,2.61
540314,22386,JUMBO BAG PINK POLKADOT,4.0,2023-07-09 14:38:39,1.98,12710,7.92
540314,22384,LUNCH BAG PINK POLKADOT,2.0,2023-07-09 14:38:39,1.65,12710,3.3
540314,22086,PAPER CHAIN KIT 50'S CHRISTMAS,3.0,2023-07-09 14:38:39,2.63,12710,7.89
540315,84406B,CREAM CUPID HEARTS COAT HANGER,4.0,2023-11-09 19:51:06,2.64,12399,10.56
540315,20725,LUNCH BAG RED RETROSPOT,3.0,2023-11-09 19:51:06,1.61,12399,4.83
540315,85099B,JUMBO BAG RED RETROSPOT,2.0,2023-11-09 19:51:06,1.91,12399,3.82
540316,22382,LUNCH BAG SPACEBOY DESIGN,1.0,2023-05-09 09:58:13,1.6,12882,1.6
540317,22748,POPPY'S PLAYHOUSE KITCHEN,3.0,2023-05-28 09:27:09,2.17,13101,6.51
540317,84879,ASSORTED COLOUR BIRD ORNAMENT,3.0,2023-05-28 09:27:09,1.65,13101,4.95
540317,20728,LUNCH BAG CARS BLUE,4.0,2023-05-28 09:27:09,1.63,13101,6.52
540317,21730,GLASS STAR FROSTED T-LIGHT HOLDER,4.0,2023-05-28 09:27:09,4.28,13101,17.12
540318,71053,WHITE METAL LANTERN,1.0,2023-06-14 22:14:54,3.31,12877,3.31
540318,22411,JUMBO SHOPPER VINTAGE RED PAISLEY,3.0,2023-06-14 22:14:54,1.96,12877,5.88
540318,84969,BOX OF 6 ASSORTED COLOUR TEASPOONS,2.0,2023-06-14 22:14:54,4.26,12877,8.52
540318,22749,POPPY'S PLAYHOUSE LIVINGROOM,1.0,2023-06-14 22:14:54,2.16,12877,2.16
540319,22310,IVORY KNITTED MUG COSY,3.0,2023-07-23 16:59:27,1.62,12921,4.86
540319,22384,LUNCH BAG PINK POLKADOT,2.0,2023-07-23 16:59:27,1.58,12921,3.16
540319,22745,POPPY'S PLAYHOUSE BEDROOM,6.0,2023-07-23 16:59:27,2.12,12921,12.72
540319,22633,HAND WARMER UNION JACK,3.0,2023-07-23 16:59:27,1.82,12921,5.46
540322,20725,LUNCH BAG RED RETROSPOT,1.0,2023-08-23 03:57:04,1.62,12544,1.62
540324,20727,LUNCH BAG BLACK SKULL.,1.0,2023-06-12 22:15:22,1.62,12881,1.62
540324,85123A,WHITE HANGING HEART T-LIGHT HOLDER,2.0,2023-06-12 22:15:22,2.47,12881,4.94
540324,22384,LUNCH BAG PINK POLKADOT,3.0,2023-06-12 22:15:22,1.73,12881,5.19
540324,85099B,JUMBO BAG RED RETROSPOT,2.0,2023-06-12 22:15:22,1.91,12881,3.82
540328,22383,LUNCH BAG SUKI DESIGN,6.0,2023-08-11 20:06:25,1.65,12877,9.9
540328,22086,PAPER CHAIN KIT 50'S CHRISTMAS,1.0,2023-08-11 20:06:25,2.62,12877,2.62
540328,84406B,CREAM CUPID HEARTS COAT HANGER,2.0,2023-08-11 20:06:25,2.67,12877,5.34
540329,85099F,JUMBO BAG STRAWBERRY,1.0,2023-10-03 06:07:04,1.91,12881,1.91
540331,22748,POPPY'S PLAYHOUSE KITCHEN,1.0,2023-11-07 02:51:09,2.01,12500,2.01
540331,22384,LUNCH BAG PINK POLKADOT,2.0,2023-11-07 02:51:09,1.61,12500,3.22
540331,22310,IVORY KNITTED MUG COSY,1.0,2023-11-07 02:51:09,1.61,12500,1.61
540332,20725,LUNCH BAG RED RETROSPOT,3.0,2023-05-14 10:03:44,1.63,12877,4.89
540332,22382,LUNCH BAG SPACEBOY DESIGN,4.0,2023-05-14 10:03:44,1.67,12877,6.68
540332,22632,HAND WARMER RED POLKA DOT,4.0,2023-05-14 10:03:44,1.8,12877,7.2
540332,22384,LUNCH BAG PINK POLKADOT,2.0,2023-05-14 10:03:44,1.62,12877,3.24
540332,22633,HAND WARMER UNION JACK,1.0,2023-05-14 10:03:44,1.8,12877,1.8
540333,85099B,JUMBO BAG RED RETROSPOT,4.0,2023-06-03 02:42:58,1.89,13024,7.56
540333,84029E,RED WOOLLY HOTTIE WHITE HEART.,3.0,2023-06-03 02:42:58,3.44,13024,10.32
540333,22749,POPPY'S PLAYHOUSE LIVINGROOM,6.0,2023-06-03 02:42:58,2.06,13024,12.36
540336,22411,JUMBO SHOPPER VINTAGE RED PAISLEY,3.0,2023-10-04 07:43:23,1.96,12401,5.88
540336,22745,POPPY'S PLAYHOUSE BEDROOM,1.0,2023-10-04 07:43:23,2.01,12401,2.01
540337,85099F,JUMBO BAG STRAWBERRY,2.0,2023-10-04 15:47:27,2.0,12607,4.0
540337,84879,ASSORTED COLOUR BIRD ORNAMENT,2.0,2023-10-04 15:47:27,1.67,12607,3.34
540337,84406B,CREAM CUPID HEARTS COAT HANGER,1.0,2023-10-04 15:47:27,2.68,12607,2.68
540337,71053,WHITE METAL LANTERN,3.0,2023-10-04 15:47:27,3.54,12607,10.62
540337,22382,LUNCH BAG SPACEBOY DESIGN,3.0,2023-10-04 15:47:27,1.63,12607,4.89
540338,85099B,JUMBO BAG RED RETROSPOT,3.0,2023-11-13 14:07:18,1.97,12787,5.91
540338,20726,LUNCH BAG WOODLAND,2.0,2023-11-13 14:07:18,1.6,12787,3.2
540338,84406B,CREAM CUPID HEARTS COAT HANGER,6.0,2023-11-13 14:07:18,2.86,12787,17.16
540340,22086,PAPER CHAIN KIT 50'S CHRISTMAS,3.0,2023-08-08 15:29:30,2.48,12607,7.44
540340,22383,LUNCH BAG SUKI DESIGN,6.0,2023-08-08 15:29:30,1.59,12607,9.54
540340,22384,LUNCH BAG PINK POLKADOT,3.0,2023-08-08 15:29:30,1.61,12607,4.83
540340,21730,GLASS STAR FROSTED T-LIGHT HOLDER,2.0,2023-08-08 15:29:30,4.19,12607,8.38
540341,85099F,JUMBO BAG STRAWBERRY,2.0,2023-10-28 20:50:02,1.95,12588,3.9
540341,20728,LUNCH BAG CARS BLUE,1.0,2023-10-28 20:50:02,1.62,12588,1.62
540342,22383,LUNCH BAG SUKI DESIGN,2.0,2023-11-26 18:21:36,1.63,12877,3.26
540342,22748,POPPY'S PLAYHOUSE KITCHEN,6.0,2023-11-26 18:21:36,2.02,12877,12.12
540342,47566,PARTY BUNTING,4.0,2023-11-26 18:21:36,4.86,12877,19.44
540343,84879,ASSORTED COLOUR BIRD ORNAMENT,1.0,2023-09-14 06:30:12,1.72,13117,1.72
540343,22745,POPPY'S PLAYHOUSE BEDROOM,3.0,2023-09-14 06:30:12,2.2,13117,6.6
540343,22086,PAPER CHAIN KIT 50'S CHRISTMAS,1.0,2023-09-14 06:30:12,2.43,13117,2.43
540344,20726,LUNCH BAG WOODLAND,4.0,2023-08-08 18:34:08,1.67,13061,6.68
540344,85123A,WHITE HANGING HEART T-LIGHT HOLDER,2.0,2023-08-08 18:34:08,2.67,13061,5.34
540344,22633,HAND WARMER UNION JACK,1.0,2023-08-08 18:34:08,1.92,13061,1.92
540344,22310,IVORY KNITTED MUG COSY,1.0,2023-08-08 18:34:08,1.67,13061,1.67
540344,22411,JUMBO SHOPPER VINTAGE RED PAISLEY,1.0,2023-08-08 18:34:08,1.98,13061,1.98
540345,22086,PAPER CHAIN KIT 50'S CHRISTMAS,1.0,2023-05-11 09:22:48,2.49,12845,2.49
540345,84879,ASSORTED COLOUR BIRD ORNAMENT,6.0,2023-05-11 09:22:48,1.71,12845,10.26
540346,22086,PAPER CHAIN KIT 50'S CHRISTMAS,1.0,2023-07-14 23:29:05,2.46,13145,2.46
540346,84969,BOX OF 6 ASSORTED COLOUR TEASPOONS,1.0,2023-07-14 23:29:05,4.18,13145,4.18
540346,22633,HAND WARMER UNION JACK,3.0,2023-07-14 23:29:05,1.79,13145,5.37
540346,84029E,RED WOOLLY HOTTIE WHITE HEART.,1.0,2023-07-14 23:29:05,3.46,13145,3.46
540346,85099F,JUMBO BAG STRAWBERRY,4.0,2023-07-14 23:29:05,2.02,13145,8.08
540347,22633,HAND WARMER UNION JACK,1.0,2023-09-10 12:50:46,1.78,12787,1.78
540347,22086,PAPER CHAIN KIT 50'S CHRISTMAS,1.0,2023-09-10 12:50:46,2.43,12787,2.43
540347,20725,LUNCH BAG RED RETROSPOT,2.0,2023-09-10 12:50:46,1.65,12787,3.3
540348,84029G,KNITTED UNION FLAG HOT WATER BOTTLE,2.0,2023-08-04 12:48:03,3.54,12572,7.08
540348,85099B,JUMBO BAG RED RETROSPOT,4.0,2023-08-04 12:48:03,2.0,12572,8.0
540348,22745,POPPY'S PLAYHOUSE BEDROOM,1.0,2023-08-04 12:48:03,2.0,12572,2.0
540348,84969,BOX OF 6 ASSORTED COLOUR TEASPOONS,1.0,2023-08-04 12:48:03,4.11,12572,4.11
540349,21931,JUMBO STORAGE BAG SUKI,1.0,2023-06-24 11:41:10,2.04,12815,2.04
540349,84029E,RED WOOLLY HOTTIE WHITE HEART.,1.0,2023-06-24 11:41:10,3.34,12815,3.34
540349,47566,PARTY BUNTING,3.0,2023-06-24 11:41:10,4.57,12815,13.71
540349,22411,JUMBO SHOPPER VINTAGE RED PAISLEY,1.0,2023-06-24 11:41:10,2.04,12815,2.04
540350,22748,POPPY'S PLAYHOUSE KITCHEN,4.0,2023-08-18 15:42:07,2.05,13057,8.2
540350,84406B,CREAM CUPID HEARTS COAT HANGER,1.0,2023-08-18 15:42:07,2.8,13057,2.8
540350,21730,GLASS STAR FROSTED T-LIGHT HOLDER,6.0,2023-08-18 15:42:07,4.29,13057,25.74
540350,84029E,RED WOOLLY HOTTIE WHITE HEART.,2.0,2023-08-18 15:42:07,3.39,13057,6.78
540350,20728,LUNCH BAG CARS BLUE,1.0,2023-08-18 15:42:07,1.71,13057,1.71
540350,22086,PAPER CHAIN KIT 50'S CHRISTMAS,1.0,2023-08-18 15:42:07,2.51,13057,2.51
540351,22386,JUMBO BAG PINK POLKADOT,2.0,2023-11-03 00:30:22,2.0,12727,4.0
540351,22384,LUNCH BAG PINK POLKADOT,2.0,2023-11-03 00:30:22,1.6,12727,3.2
540351,22382,LUNCH BAG SPACEBOY DESIGN,1.0,2023-11-03 00:30:22,1.72,12727,1.72
540352,22086,PAPER CHAIN KIT 50'S CHRISTMAS,3.0,2023-09-20 15:15:11,2.44,12439,7.32
540352,22749,POPPY'S PLAYHOUSE LIVINGROOM,3.0,2023-09-20 15:15:11,2.05,12439,6.15
540353,22749,POPPY'S PLAYHOUSE LIVINGROOM,1.0,2023-11-02 09:44:23,2.12,13030,2.12
540353,21931,JUMBO STORAGE BAG SUKI,3.0,2023-11-02 09:44:23,2.0,13030,6.0
540353,22310,IVORY KNITTED MUG COSY,1.0,2023-11-02 09:44:23,1.72,13030,1.72
540353,22382,LUNCH BAG SPACEBOY DESIGN,3.0,2023-11-02 09:44:23,1.73,13030,5.19
540353,22748,POPPY'S PLAYHOUSE KITCHEN,2.0,2023-11-02 09:44:23,2.05,13030,4.1
540354,85123A,WHITE HANGING HEART T-LIGHT HOLDER,1.0,2023-03-14 17:14:55,2.61,12834,2.61
540356,20726,LUNCH BAG WOODLAND,2.0,2023-02-04 13:52:52,1.62,12877,3.24
540356,84879,ASSORTED COLOUR BIRD ORNAMENT,2.0,2023-02-04 13:52:52,1.73,12877,3.46
540356,22749,POPPY'S PLAYHOUSE LIVINGROOM,1.0,2023-02-04 13:52:52,2.01,12877,2.01
540356,84969,BOX OF 6 ASSORTED COLOUR TEASPOONS,2.0,2023-02-04 13:52:52,4.07,12877,8.14
540357,20727,LUNCH BAG BLACK SKULL.,2.0,2023-05-22 00:31:01,1.61,12877,3.22
540357,85123A,WHITE HANGING HEART T-LIGHT HOLDER,2.0,2023-05-22 00:31:01,2.64,12877,5.28
540357,22310,IVORY KNITTED MUG COSY,6.0,2023-05-22 00:31:01,1.58,12877,9.48
540357,84969,BOX OF 6 ASSORTED COLOUR TEASPOONS,6.0,2023-05-22 00:31:01,4.34,12877,26.04
540358,22086,PAPER CHAIN KIT 50'S CHRISTMAS,2.0,2023-08-20 07:12:27,2.66,12979,5.32
540358,47566,PARTY BUNTING,1.0,2023-08-20 07:12:27,4.62,12979,4.62
540358,22748,POPPY'S PLAYHOUSE KITCHEN,6.0,2023-08-20 07:12:27,2.05,12979,12.3
540359,84879,ASSORTED COLOUR BIRD ORNAMENT,2.0,2023-05-08 11:05:25,1.62,12734,3.24
540359,20727,LUNCH BAG BLACK SKULL.,2.0,2023-05-08 11:05:25,1.6,12734,3.2
540360,22086,PAPER CHAIN KIT 50'S CHRISTMAS,6.0,2023-06-01 09:53:10,2.5,13093,15.0
540360,21931,JUMBO STORAGE BAG SUKI,1.0,2023-06-01 09:53:10,2.03,13093,2.03
540360,21730,GLASS STAR FROSTED T-LIGHT HOLDER,1.0,2023-06-01 09:53:10,4.28,13093,4.28
540360,84029G,KNITTED UNION FLAG HOT WATER BOTTLE,2.0,2023-06-01 09:53:10,3.29,13093,6.58
540360,22382,LUNCH BAG SPACEBOY DESIGN,1.0,2023-06-01 09:53:10,1.57,13093,1.57
540360,71053,WHITE METAL LANTERN,1.0,2023-06-01 09:53:10,3.42,13093,3.42
540362,22411,JUMBO SHOPPER VINTAGE RED PAISLEY,2.0,2023-11-18 14:44:41,1.92,12877,3.84
540362,22386,JUMBO BAG PINK POLKADOT,6.0,2023-11-18 14:44:41,2.0,12877,12.0
540363,22411,JUMBO SHOPPER VINTAGE RED PAISLEY,2.0,2023-08-08 07:46:22,1.99,13051,3.98
540363,20728,LUNCH BAG CARS BLUE,1.0,2023-08-08 07:46:22,1.72,13051,1.72
540363,22749,POPPY'S PLAYHOUSE LIVINGROOM,2.0,2023-08-08 07:46:22,2.11,13051,4.22
540363,21931,JUMBO STORAGE BAG SUKI,2.0,2023-08-08 07:46:22,1.95,13051,3.9
540363,22086,PAPER CHAIN KIT 50'S CHRISTMAS,3.0,2023-08-08 07:46:22,2.66,13051,7.98
540363,22386,JUMBO BAG PINK POLKADOT,3.0,2023-08-08 07:46:22,2.04,13051,6.12
540364,20728,LUNCH BAG CARS BLUE,3.0,2023-05-10 17:32:25,1.61,12845,4.83
540366,85099B,JUMBO BAG RED RETROSPOT,2.0,2023-05-25 23:56:28,1.97,13101,3.94
540366,84406B,CREAM CUPID HEARTS COAT HANGER,1.0,2023-05-25 23:56:28,2.63,13101,2.63
540366,85123A,WHITE HANGING HEART T-LIGHT HOLDER,2.0,2023-05-25 23:56:28,2.66,13101,5.32
540366,22633,HAND WARMER UNION JACK,2.0,2023-05-25 23:56:28,1.89,13101,3.78
540367,22383,LUNCH BAG SUKI DESIGN,1.0,2023-04-24 07:28:57,1.65,12878,1.65
540367,71053,WHITE METAL LANTERN,6.0,2023-04-24 07:28:57,3.27,12878,19.62
540367,84029E,RED WOOLLY HOTTIE WHITE HEART.,3.0,2023-04-24 07:28:57,3.44,12878,10.32
540367,22748,POPPY'S PLAYHOUSE KITCHEN,2.0,2023-04-24 07:28:57,2.02,12878,4.04
540368,20728,LUNCH BAG CARS BLUE,3.0,2023-04-20 06:56:54,1.62,12571,4.86
540368,22633,HAND WARMER UNION JACK,1.0,2023-04-20 06:56:54,1.86,12571,1.86
540369,22632,HAND WARMER RED POLKA DOT,1.0,2023-01-12 12:27:58,1.91,13069,1.91
540369,85099F,JUMBO BAG STRAWBERRY,1.0,2023-01-12 12:27:58,1.89,13069,1.89
540369,71053,WHITE METAL LANTERN,2.0,2023-01-12 12:27:58,3.37,13069,6.74
540370,22749,POPPY'S PLAYHOUSE LIVINGROOM,1.0,2023-08-27 17:59:29,2.15,12917,2.15
540370,20726,LUNCH BAG WOODLAND,1.0,2023-08-27 17:59:29,1.64,12917,1.64
540370,84879,ASSORTED COLOUR BIRD ORNAMENT,4.0,2023-08-27 17:59:29,1.76,12917,7.04
540370,85099F,JUMBO BAG STRAWBERRY,2.0,2023-08-27 17:59:29,1.96,12917,3.92
540370,22310,IVORY KNITTED MUG COSY,3.0,2023-08-27 17:59:29,1.64,12917,4.92
540371,22086,PAPER CHAIN KIT 50'S CHRISTMAS,3.0,2023-03-30 08:38:02,2.44,13094,7.32
540371,22382,LUNCH BAG SPACEBOY DESIGN,3.0,2023-03-30 08:38:02,1.65,13094,4.95
540373,22633,HAND WARMER UNION JACK,3.0,2023-12-07 06:11:57,1.91,12877,5.73
540373,84879,ASSORTED COLOUR BIRD ORNAMENT,1.0,2023-12-07 06:11:57,1.62,12877,1.62
540373,84029G,KNITTED UNION FLAG HOT WATER BOTTLE,3.0,2023-12-07 06:11:57,3.36,12877,10.08
540373,22748,POPPY'S PLAYHOUSE KITCHEN,1.0,2023-12-07 06:11:57,2.13,12877,2.13
540373,22384,LUNCH BAG PINK POLKADOT,3.0,2023-12-07 06:11:57,1.6,12877,4.8
540375,84406B,CREAM CUPID HEARTS COAT HANGER,1.0,2023-06-04 07:42:15,2.71,13079,2.71
540375,22632,HAND WARMER RED POLKA DOT,4.0,2023-06-04 07:42:15,1.9,13079,7.6
540375,22411,JUMBO SHOPPER VINTAGE RED PAISLEY,3.0,2023-06-04 07:42:15,1.9,13079,5.7
540376,22086,PAPER CHAIN KIT 50'S CHRISTMAS,2.0,2023-10-20 21:33:13,2.62,12728,5.24
540376,84029G,KNITTED UNION FLAG HOT WATER BOTTLE,3.0,2023-10-20 21:33:13,3.53,12728,10.59
540376,84969,BOX OF 6 ASSORTED COLOUR TEASPOONS,1.0,2023-10-20 21:33:13,4.31,12728,4.31
540376,84406B,CREAM CUPID HEARTS COAT HANGER,2.0,2023-10-20 21:33:13,2.74,12728,5.48
540376,84029E,RED WOOLLY HOTTIE WHITE HEART.,3.0,2023-10-20 21:33:13,3.43,12728,10.29
540380,22383,LUNCH BAG SUKI DESIGN,6.0,2023-11-07 07:09:00,1.63,12396,9.78
540380,20725,LUNCH BAG RED RETROSPOT,1.0,2023-11-07 07:09:00,1.73,12396,1.73
540380,20726,LUNCH BAG WOODLAND,1.0,2023-11-07 07:09:00,1.62,12396,1.62
540380,22384,LUNCH BAG PINK POLKADOT,2.0,2023-11-07 07:09:00,1.64,12396,3.28
540380,47566,PARTY BUNTING,1.0,2023-11-07 07:09:00,4.75,12396,4.75
540381,22384,LUNCH BAG PINK POLKADOT,1.0,2023-05-28 18:32:56,1.63,12565,1.63
540381,84406B,CREAM CUPID HEARTS COAT HANGER,6.0,2023-05-28 18:32:56,2.73,12565,16.38
540381,85099B,JUMBO BAG RED RETROSPOT,1.0,2023-05-28 18:32:56,2.03,12565,2.03
540381,84029G,KNITTED UNION FLAG HOT WATER BOTTLE,1.0,2023-05-28 18:32:56,3.47,12565,3.47
540382,22383,LUNCH BAG SUKI DESIGN,6.0,2023-09-25 17:27:03,1.63,12877,9.78
540382,84969,BOX OF 6 ASSORTED COLOUR TEASPOONS,6.0,2023-09-25 17:27:03,4.39,12877,26.34
540382,85099B,JUMBO BAG RED RETROSPOT,3.0,2023-09-25 17:27:03,1.9,12877,5.7
540382,22382,LUNCH BAG SPACEBOY DESIGN,6.0,2023-09-25 17:27:03,1.7,12877,10.2
540383,22384,LUNCH BAG PINK POLKADOT,2.0,2023-09-12 04:21:19,1.58,12940,3.16
540383,22745,POPPY'S PLAYHOUSE BEDROOM,2.0,2023-09-12 04:21:19,2.09,12940,4.18
540383,22748,POPPY'S PLAYHOUSE KITCHEN,1.0,2023-09-12 04:21:19,2.02,12940,2.02
540383,84029E,RED WOOLLY HOTTIE WHITE HEART.,2.0,2023-09-12 04:21:19,3.28,12940,6.56
540383,84969,BOX OF 6 ASSORTED COLOUR TEASPOONS,6.0,2023-09-12 04:21:19,4.12,12940,24.72
540384,85099B,JUMBO BAG RED RETROSPOT,1.0,2023-07-28 07:58:44,1.86,12670,1.86
540384,22310,IVORY KNITTED MUG COSY,1.0,2023-07-28 07:58:44,1.67,12670,1.67
540385,22633,HAND WARMER UNION JACK,3.0,2023-06-13 18:45:02,1.92,12448,5.76
540385,21730,GLASS STAR FROSTED T-LIGHT HOLDER,1.0,2023-06-13 18:45:02,4.26,12448,4.26
540385,84969,BOX OF 6 ASSORTED COLOUR TEASPOONS,2.0,2023-06-13 18:45:02,4.17,12448,8.34
540387,21730,GLASS STAR FROSTED T-LIGHT HOLDER,6.0,2023-06-17 01:41:12,4.09,13051,24.54
540387,20726,LUNCH BAG WOODLAND,1.0,2023-06-17 01:41:12,1.71,13051,1.71
540387,22748,POPPY'S PLAYHOUSE KITCHEN,3.0,2023-06-17 01:41:12,2.09,13051,6.27
540387,84406B,CREAM CUPID HEARTS COAT HANGER,1.0,2023-06-17 01:41:12,2.81,13051,2.81
540388,22383,LUNCH BAG SUKI DESIGN,3.0,2023-09-10 07:13:32,1.69,12877,5.07
540388,85123A,WHITE HANGING HEART T-LIGHT HOLDER,4.0,2023-09-10 07:13:32,2.5,12877,10.0
540389,85099B,JUMBO BAG RED RETROSPOT,1.0,2023-04-13 11:21:48,1.94,13030,1.94
540389,71053,WHITE METAL LANTERN,2.0,2023-04-13 11:21:48,3.29,13030,6.58
540390,71053,WHITE METAL LANTERN,3.0,2023-10-12 23:05:36,3.4,12877,10.2
540390,22384,LUNCH BAG PINK POLKADOT,3.0,2023-10-12 23:05:36,1.63,12877,4.89
540391,21931,JUMBO STORAGE BAG SUKI,2.0,2023-07-09 11:35:06,1.98,12747,3.96
540391,84879,ASSORTED COLOUR BIRD ORNAMENT,1.0,2023-07-09 11:35:06,1.62,12747,1.62
540391,21730,GLASS STAR FROSTED T-LIGHT HOLDER,2.0,2023-07-09 11:35:06,4.28,12747,8.56
540391,20725,LUNCH BAG RED RETROSPOT,2.0,2023-07-09 11:35:06,1.62,12747,3.24
540391,22749,POPPY'S PLAYHOUSE LIVINGROOM,3.0,2023-07-09 11:35:06,2.11,12747,6.33
540392,20726,LUNCH BAG WOODLAND,4.0,2023-07-27 23:24:59,1.59,12877,6.36
540393,20728,LUNCH BAG CARS BLUE,1.0,2023-07-04 01:37:16,1.58,12432,1.58
540394,22745,POPPY'S PLAYHOUSE BEDROOM,4.0,2023-11-05 17:03:25,2.2,13024,8.8
540395,22382,LUNCH BAG SPACEBOY DESIGN,2.0,2023-08-31 11:33:29,1.68,12607,3.36
540396,22384,LUNCH BAG PINK POLKADOT,1.0,2023-11-07 08:34:00,1.62,12670,1.62
540396,47566,PARTY BUNTING,1.0,2023-11-07 08:34:00,4.44,12670,4.44
540396,22086,PAPER CHAIN KIT 50'S CHRISTMAS,1.0,2023-11-07 08:34:00,2.46,12670,2.46
540396,22411,JUMBO SHOPPER VINTAGE RED PAISLEY,3.0,2023-11-07 08:34:00,1.9,12670,5.7
540397,84406B,CREAM CUPID HEARTS COAT HANGER,3.0,2023-10-29 03:20:58,2.63,12964,7.89
540397,21730,GLASS STAR FROSTED T-LIGHT HOLDER,3.0,2023-10-29 03:20:58,4.05,12964,12.15
540397,22384,LUNCH BAG PINK POLKADOT,2.0,2023-10-29 03:20:58,1.67,12964,3.34
540399,22310,IVORY KNITTED MUG COSY,4.0,2023-10-02 10:28:37,1.64,12878,6.56
540399,85099B,JUMBO BAG RED RETROSPOT,4.0,2023-10-02 10:28:37,1.87,12878,7.48
540400,22411,JUMBO SHOPPER VINTAGE RED PAISLEY,4.0,2023-10-13 01:26:57,1.91,12871,7.64
540400,22748,POPPY'S PLAYHOUSE KITCHEN,1.0,2023-10-13 01:26:57,2.09,12871,2.09
540400,85099F,JUMBO BAG STRAWBERRY,1.0,2023-10-13 01:26:57,1.91,12871,1.91
540401,84029G,KNITTED UNION FLAG HOT WATER BOTTLE,2.0,2023-06-16 16:24:22,3.27,12895,6.54
540401,20726,LUNCH BAG WOODLAND,2.0,2023-06-16 16:24:22,1.69,12895,3.38
540401,85123A,WHITE HANGING HEART T-LIGHT HOLDER,2.0,2023-06-16 16:24:22,2.6,12895,5.2
540403,85099F,JUMBO BAG STRAWBERRY,2.0,2023-07-05 10:28:00,1.94,13056,3.88
540404,84406B,CREAM CUPID HEARTS COAT HANGER,2.0,2023-06-19 19:49:06,2.85,13112,5.7
540405,84406B,CREAM CUPID HEARTS COAT HANGER,4.0,2023-08-13 14:01:22,2.71,12415,10.84
540406,22383,LUNCH BAG SUKI DESIGN,3.0,2023-10-07 08:18:55,1.73,12868,5.19
540406,22382,LUNCH BAG SPACEBOY DESIGN,1.0,2023-10-07 08:18:55,1.61,12868,1.61
540406,22749,POPPY'S PLAYHOUSE LIVINGROOM,3.0,2023-10-07 08:18:55,2.12,12868,6.36
540406,22411,JUMBO SHOPPER VINTAGE RED PAISLEY,6.0,2023-10-07 08:18:55,2.03,12868,12.18
540406,22633,HAND WARMER UNION JACK,1.0,2023-10-07 08:18:55,1.9,12868,1.9
540407,22748,POPPY'S PLAYHOUSE KITCHEN,1.0,2023-06-29 03:51:02,2.02,12902,2.02
540407,22632,HAND WARMER RED POLKA DOT,1.0,2023-06-29 03:51:02,1.84,12902,1.84
540409,84029G,KNITTED UNION FLAG HOT WATER BOTTLE,1.0,2023-08-29 07:09:27,3.36,12635,3.36
540409,20726,LUNCH BAG WOODLAND,6.0,2023-08-29 07:09:27,1.69,12635,10.14
540410,20726,LUNCH BAG WOODLAND,4.0,2023-09-14 01:59:49,1.7,12813,6.8
540410,85099B,JUMBO BAG RED RETROSPOT,2.0,2023-09-14 01:59:49,1.98,12813,3.96
540410,84406B,CREAM CUPID HEARTS COAT HANGER,1.0,2023-09-14 01:59:49,2.67,12813,2.67
540410,84029G,KNITTED UNION FLAG HOT WATER BOTTLE,6.0,2023-09-14 01:59:49,3.24,12813,19.44
540410,85123A,WHITE HANGING HEART T-LIGHT HOLDER,1.0,2023-09-14 01:59:49,2.59,12813,2.59
540411,22411,JUMBO SHOPPER VINTAGE RED PAISLEY,3.0,2023-10-02 17:12:16,1.86,12642,5.58
540411,84029G,KNITTED UNION FLAG HOT WATER BOTTLE,1.0,2023-10-02 17:12:16,3.24,12642,3.24
540411,84969,BOX OF 6 ASSORTED COLOUR TEASPOONS,6.0,2023-10-02 17:12:16,4.45,12642,26.7
540411,84406B,CREAM CUPID HEARTS COAT HANGER,1.0,2023-10-02 17:12:16,2.75,12642,2.75
540412,22632,HAND WARMER RED POLKA DOT,4.0,2023-06-11 00:36:18,1.88,12876,7.52
540412,47566,PARTY BUNTING,1.0,2023-06-11 00:36:18,4.55,12876,4.55
540412,22748,POPPY'S PLAYHOUSE KITCHEN,4.0,2023-06-11 00:36:18,2.08,12876,8.32
540412,85099F,JUMBO BAG STRAWBERRY,3.0,2023-06-11 00:36:18,1.88,12876,5.64
540413,22633,HAND WARMER UNION JACK,2.0,2023-05-04 13:05:41,1.85,12881,3.7
540413,20725,LUNCH BAG RED RETROSPOT,1.0,2023-05-04 13:05:41,1.73,12881,1.73
540413,22310,IVORY KNITTED MUG COSY,3.0,2023-05-04 13:05:41,1.73,12881,5.19
540413,22748,POPPY'S PLAYHOUSE KITCHEN,1.0,2023-05-04 13:05:41,2.09,12881,2.09
540416,20725,LUNCH BAG RED RETROSPOT,1.0,2023-10-15 22:29:56,1.71,12877,1.71
540417,84029E,RED WOOLLY HOTTIE WHITE HEART.,1.0,2023-11-19 06:28:01,3.48,13051,3.48
540419,47566,PARTY BUNTING,3.0,2023-05-03 19:57:01,4.6,12954,13.8
540419,22382,LUNCH BAG SPACEBOY DESIGN,3.0,2023-05-03 19:57:01,1.73,12954,5.19
540419,22310,IVORY KNITTED MUG COSY,3.0,2023-05-03 19:57:01,1.64,12954,4.92
540420,22748,POPPY'S PLAYHOUSE KITCHEN,2.0,2023-11-02 14:18:52,2.03,12475,4.06
540420,22745,POPPY'S PLAYHOUSE BEDROOM,1.0,2023-11-02 14:18:52,2.06,12475,2.06
540420,22633,HAND WARMER UNION JACK,1.0,2023-11-02 14:18:52,1.8,12475,1.8
540420,84406B,CREAM CUPID HEARTS COAT HANGER,2.0,2023-11-02 14:18:52,2.87,12475,5.74
540421,20725,LUNCH BAG RED RETROSPOT,2.0,2023-10-07 17:06:03,1.7,13104,3.4
540421,71053,WHITE METAL LANTERN,1.0,2023-10-07 17:06:03,3.29,13104,3.29
540421,84029E,RED WOOLLY HOTTIE WHITE HEART.,3.0,2023-10-07 17:06:03,3.28,13104,9.84
540421,84879,ASSORTED COLOUR BIRD ORNAMENT,1.0,2023-10-07 17:06:03,1.7,13104,1.7
540424,22310,IVORY KNITTED MUG COSY,1.0,2023-02-28 08:21:53,1.63,12549,1.63
540424,22384,LUNCH BAG PINK POLKADOT,4.0,2023-02-28 08:21:53,1.64,12549,6.56
540424,84029G,KNITTED UNION FLAG HOT WATER BOTTLE,1.0,2023-02-28 08:21:53,3.26,12549,3.26
540424,71053,WHITE METAL LANTERN,1.0,2023-02-28 08:21:53,3.51,12549,3.51
540424,22382,LUNCH BAG SPACEBOY DESIGN,6.0,2023-02-28 08:21:53,1.64,12549,9.84
540424,22383,LUNCH BAG SUKI DESIGN,2.0,2023-02-28 08:21:53,1.62,12549,3.24
540425,22310,IVORY KNITTED MUG COSY,1.0,2023-10-02 20:59:42,1.69,12992,1.69
540425,22086,PAPER CHAIN KIT 50'S CHRISTMAS,1.0,2023-10-02 20:59:42,2.51,12992,2.51
540425,22632,HAND WARMER RED POLKA DOT,2.0,2023-10-02 20:59:42,1.8,12992,3.6
540425,20727,LUNCH BAG BLACK SKULL.,3.0,2023-10-02 20:59:42,1.57,12992,4.71
540425,84879,ASSORTED COLOUR BIRD ORNAMENT,2.0,2023-10-02 20:59:42,1.62,12992,3.24
540426,22384,LUNCH BAG PINK POLKADOT,2.0,2023-08-01 12:23:49,1.6,12877,3.2
540426,20725,LUNCH BAG RED RETROSPOT,1.0,2023-08-01 12:23:49,1.64,12877,1.64
540429,21730,GLASS STAR FROSTED T-LIGHT HOLDER,2.0,2023-05-04 19:01:06,4.15,12472,8.3
540429,84879,ASSORTED COLOUR BIRD ORNAMENT,3.0,2023-05-04 19:01:06,1.69,12472,5.07
540429,85099F,JUMBO BAG STRAWBERRY,1.0,2023-05-04 19:01:06,1.92,12472,1.92
540429,20727,LUNCH BAG BLACK SKULL.,6.0,2023-05-04 19:01:06,1.6,12472,9.6
540429,84406B,CREAM CUPID HEARTS COAT HANGER,3.0,2023-05-04 19:01:06,2.77,12472,8.31
540429,85099B,JUMBO BAG RED RETROSPOT,2.0,2023-05-04 19:01:06,1.91,12472,3.82
540430,22384,LUNCH BAG PINK POLKADOT,1.0,2023-11-01 09:30:13,1.73,12877,1.73
540430,22632,HAND WARMER RED POLKA DOT,3.0,2023-11-01 09:30:13,1.84,12877,5.52
540430,22749,POPPY'S PLAYHOUSE LIVINGROOM,2.0,2023-11-01 09:30:13,2.14,12877,4.28
540431,71053,WHITE METAL LANTERN,2.0,2023-11-09 10:59:47,3.52,12607,7.04
540431,84029E,RED WOOLLY HOTTIE WHITE HEART.,1.0,2023-11-09 10:59:47,3.41,12607,3.41
540431,85099F,JUMBO BAG STRAWBERRY,3.0,2023-11-09 10:59:47,2.05,12607,6.15
540432,21730,GLASS STAR FROSTED T-LIGHT HOLDER,2.0,2023-08-11 21:23:39,4.05,13017,8.1
540433,84029E,RED WOOLLY HOTTIE WHITE HEART.,3.0,2023-09-11 11:21:32,3.47,12602,10.41
540433,20726,LUNCH BAG WOODLAND,3.0,2023-09-11 11:21:32,1.71,12602,5.13
540433,71053,WHITE METAL LANTERN,2.0,2023-09-11 11:21:32,3.24,12602,6.48
540433,85099F,JUMBO BAG STRAWBERRY,2.0,2023-09-11 11:21:32,2.04,12602,4.08
540438,22383,LUNCH BAG SUKI DESIGN,2.0,2023-05-20 15:58:39,1.67,12791,3.34
540438,22382,LUNCH BAG SPACEBOY DESIGN,1.0,2023-05-20 15:58:39,1.64,12791,1.64
540438,71053,WHITE METAL LANTERN,2.0,2023-05-20 15:58:39,3.36,12791,6.72
540438,22748,POPPY'S PLAYHOUSE KITCHEN,1.0,2023-05-20 15:58:39,2.05,12791,2.05
540439,84879,ASSORTED COLOUR BIRD ORNAMENT,4.0,2023-11-04 23:52:50,1.69,12897,6.76
540439,22745,POPPY'S PLAYHOUSE BEDROOM,3.0,2023-11-04 23:52:50,2.17,12897,6.51
540439,21730,GLASS STAR FROSTED T-LIGHT HOLDER,3.0,2023-11-04 23:52:50,4.25,12897,12.75
540440,22086,PAPER CHAIN KIT 50'S CHRISTMAS,1.0,2023-09-16 04:19:03,2.57,13066,2.57
540440,71053,WHITE METAL LANTERN,6.0,2023-09-16 04:19:03,3.27,13066,19.62
540440,84879,ASSORTED COLOUR BIRD ORNAMENT,4.0,2023-09-16 04:19:03,1.73,13066,6.92
540441,20726,LUNCH BAG WOODLAND,1.0,2023-06-09 23:14:51,1.6,12878,1.6
540441,22748,POPPY'S PLAYHOUSE KITCHEN,1.0,2023-06-09 23:14:51,2.05,12878,2.05
540442,22386,JUMBO BAG PINK POLKADOT,1.0,2023-11-10 04:29:22,1.92,12426,1.92
540442,22745,POPPY'S PLAYHOUSE BEDROOM,4.0,2023-11-10 04:29:22,2.1,12426,8.4
540443,22310,IVORY KNITTED MUG COSY,6.0,2023-08-06 13:27:06,1.63,12886,9.78
540443,22411,JUMBO SHOPPER VINTAGE RED PAISLEY,1.0,2023-08-06 13:27:06,1.88,12886,1.88
540443,84029E,RED WOOLLY HOTTIE WHITE HEART.,4.0,2023-08-06 13:27:06,3.28,12886,13.12
540443,22632,HAND WARMER RED POLKA DOT,1.0,2023-08-06 13:27:06,1.81,12886,1.81
540443,84029G,KNITTED UNION FLAG HOT WATER BOTTLE,3.0,2023-08-06 13:27:06,3.4,12886,10.2
540443,22382,LUNCH BAG SPACEBOY DESIGN,1.0,2023-08-06 13:27:06,1.71,12886,1.71
540444,84029G,KNITTED UNION FLAG HOT WATER BOTTLE,2.0,2023-09-08 00:58:17,3.33,12528,6.66
540444,20726,LUNCH BAG WOODLAND,2.0,2023-09-08 00:58:17,1.61,12528,3.22
540444,47566,PARTY BUNTING,6.0,2023-09-08 00:58:17,4.74,12528,28.44
540445,22411,JUMBO SHOPPER VINTAGE RED PAISLEY,1.0,2023-10-15 13:50:59,1.87,12868,1.87
540445,22749,POPPY'S PLAYHOUSE LIVINGROOM,1.0,2023-10-15 13:50:59,2.2,12868,2.2
540445,21931,JUMBO STORAGE BAG SUKI,4.0,2023-10-15 13:50:59,1.92,12868,7.68
540446,85099B,JUMBO BAG RED RETROSPOT,1.0,2023-07-31 17:59:58,1.97,12877,1.97
540446,20728,LUNCH BAG CARS BLUE,2.0,2023-07-31 17:59:58,1.69,12877,3.38
540446,22383,LUNCH BAG SUKI DESIGN,1.0,2023-07-31 17:59:58,1.71,12877,1.71
540448,20726,LUNCH BAG WOODLAND,2.0,2023-07-07 09:54:30,1.72,12877,3.44
540448,84029G,KNITTED UNION FLAG HOT WATER BOTTLE,1.0,2023-07-07 09:54:30,3.47,12877,3.47
540448,22749,POPPY'S PLAYHOUSE LIVINGROOM,4.0,2023-07-07 09:54:30,2.0,12877,8.0
540448,22383,LUNCH BAG SUKI DESIGN,1.0,2023-07-07 09:54:30,1.67,12877,1.67
540449,22633,HAND WARMER UNION JACK,2.0,2023-05-04 03:07:19,1.8,12868,3.6
540449,85099B,JUMBO BAG RED RETROSPOT,1.0,2023-05-04 03:07:19,1.88,12868,1.88
540451,22633,HAND WARMER UNION JACK,1.0,2023-02-01 11:52:44,1.93,12921,1.93
540451,22749,POPPY'S PLAYHOUSE LIVINGROOM,4.0,2023-02-01 11:52:44,2.2,12921,8.8
540451,84029G,KNITTED UNION FLAG HOT WATER BOTTLE,1.0,2023-02-01 11:52:44,3.27,12921,3.27
540451,20728,LUNCH BAG CARS BLUE,2.0,2023-02-01 11:52:44,1.6,12921,3.2
540452,22633,HAND WARMER UNION JACK,1.0,2023-12-01 05:15:26,1.81,12594,1.81
540452,84029G,KNITTED UNION FLAG HOT WATER BOTTLE,1.0,2023-12-01 05:15:26,3.26,12594,3.26
540452,22386,JUMBO BAG PINK POLKADOT,4.0,2023-12-01 05:15:26,1.88,12594,7.52
540452,22632,HAND WARMER RED POLKA DOT,2.0,2023-12-01 05:15:26,1.76,12594,3.52
540453,22086,PAPER CHAIN KIT 50'S CHRISTMAS,2.0,2023-05-14 17:56:10,2.66,13030,5.32
540456,84969,BOX OF 6 ASSORTED COLOUR TEASPOONS,2.0,2023-07-30 10:53:09,4.11,12877,8.22
540456,22382,LUNCH BAG SPACEBOY DESIGN,2.0,2023-07-30 10:53:09,1.68,12877,3.36
540457,22384,LUNCH BAG PINK POLKADOT,2.0,2023-09-25 04:11:03,1.59,12587,3.18
540457,22382,LUNCH BAG SPACEBOY DESIGN,3.0,2023-09-25 04:11:03,1.64,12587,4.92
540457,22632,HAND WARMER RED POLKA DOT,1.0,2023-09-25 04:11:03,1.88,12587,1.88
540457,20726,LUNCH BAG WOODLAND,4.0,2023-09-25 04:11:03,1.61,12587,6.44
540457,84879,ASSORTED COLOUR BIRD ORNAMENT,4.0,2023-09-25 04:11:03,1.7,12587,6.8
540458,22310,IVORY KNITTED MUG COSY,1.0,2023-09-21 23:16:34,1.59,12607,1.59
540458,22632,HAND WARMER RED POLKA DOT,4.0,2023-09-21 23:16:34,1.87,12607,7.48
540458,47566,PARTY BUNTING,2.0,2023-09-21 23:16:34,4.79,12607,9.58
540458,22633,HAND WARMER UNION JACK,1.0,2023-09-21 23:16:34,1.92,12607,1.92
540459,84029G,KNITTED UNION FLAG HOT WATER BOTTLE,2.0,2023-06-13 01:22:48,3.22,12845,6.44
540459,22633,HAND WARMER UNION JACK,1.0,2023-06-13 01:22:48,1.77,12845,1.77
540459,85099B,JUMBO BAG RED RETROSPOT,1.0,2023-06-13 01:22:48,2.01,12845,2.01
540461,22310,IVORY KNITTED MUG COSY,2.0,2023-04-15 14:46:19,1.72,12541,3.44
540461,85099B,JUMBO BAG RED RETROSPOT,4.0,2023-04-15 14:46:19,1.94,12541,7.76
540462,85099F,JUMBO BAG STRAWBERRY,2.0,2023-04-02 01:24:45,1.88,12415,3.76
540462,84406B,CREAM CUPID HEARTS COAT HANGER,1.0,2023-04-02 01:24:45,2.78,12415,2.78
540463,22382,LUNCH BAG SPACEBOY DESIGN,3.0,2023-07-28 15:26:50,1.61,13137,4.83
540464,22632,HAND WARMER RED POLKA DOT,1.0,2023-07-09 14:04:13,1.83,12877,1.83
540464,22749,POPPY'S PLAYHOUSE LIVINGROOM,3.0,2023-07-09 14:04:13,2.2,12877,6.6
540464,20728,LUNCH BAG CARS BLUE,1.0,2023-07-09 14:04:13,1.65,12877,1.65
540464,21730,GLASS STAR FROSTED T-LIGHT HOLDER,6.0,2023-07-09 14:04:13,4.39,12877,26.34
540466,84029E,RED WOOLLY HOTTIE WHITE HEART.,2.0,2023-03-31 07:52:48,3.31,12787,6.62
540466,20728,LUNCH BAG CARS BLUE,2.0,2023-03-31 07:52:48,1.62,12787,3.24
540466,22086,PAPER CHAIN KIT 50'S CHRISTMAS,3.0,2023-03-31 07:52:48,2.65,12787,7.95
540468,84969,BOX OF 6 ASSORTED COLOUR TEASPOONS,4.0,2023-04-24 21:53:32,4.19,12758,16.76
540468,21931,JUMBO STORAGE BAG SUKI,1.0,2023-04-24 21:53:32,1.87,12758,1.87
540468,84029E,RED WOOLLY HOTTIE WHITE HEART.,2.0,2023-04-24 21:53:32,3.51,12758,7.02
540468,22745,POPPY'S PLAYHOUSE BEDROOM,1.0,2023-04-24 21:53:32,2.12,12758,2.12
540468,22382,LUNCH BAG SPACEBOY DESIGN,1.0,2023-04-24 21:53:32,1.62,12758,1.62
540468,20726,LUNCH BAG WOODLAND,2.0,2023-04-24 21:53:32,1.73,12758,3.46
540469,22382,LUNCH BAG SPACEBOY DESIGN,1.0,2023-09-24 05:28:50,1.57,12531,1.57
540470,85099B,JUMBO BAG RED RETROSPOT,1.0,2023-09-27 13:40:53,1.94,12787,1.94
540470,22384,LUNCH BAG PINK POLKADOT,2.0,2023-09-27 13:40:53,1.65,12787,3.3
540470,85099F,JUMBO BAG STRAWBERRY,4.0,2023-09-27 13:40:53,1.99,12787,7.96
540471,22748,POPPY'S PLAYHOUSE KITCHEN,1.0,2023-05-29 05:32:10,2.15,12670,2.15
540471,84406B,CREAM CUPID HEARTS COAT HANGER,1.0,2023-05-29 05:32:10,2.65,12670,2.65
540471,84029G,KNITTED UNION FLAG HOT WATER BOTTLE,3.0,2023-05-29 05:32:10,3.33,12670,9.99
540472,22748,POPPY'S PLAYHOUSE KITCHEN,3.0,2023-08-01 13:37:28,2.18,12877,6.54
540472,21931,JUMBO STORAGE BAG SUKI,1.0,2023-08-01 13:37:28,2.04,12877,2.04
540472,85099F,JUMBO BAG STRAWBERRY,3.0,2023-08-01 13:37:28,1.95,12877,5.85
540472,47566,PARTY BUNTING,3.0,2023-08-01 13:37:28,4.56,12877,13.68
540475,22384,LUNCH BAG PINK POLKADOT,2.0,2023-10-04 23:21:23,1.57,12451,3.14
540475,84879,ASSORTED COLOUR BIRD ORNAMENT,1.0,2023-10-04 23:21:23,1.7,12451,1.7
540475,22382,LUNCH BAG SPACEBOY DESIGN,1.0,2023-10-04 23:21:23,1.72,12451,1.72
540475,22748,POPPY'S PLAYHOUSE KITCHEN,1.0,2023-10-04 23:21:23,2.04,12451,2.04
540475,84969,BOX OF 6 ASSORTED COLOUR TEASPOONS,2.0,2023-10-04 23:21:23,4.36,12451,8.72
540476,22086,PAPER CHAIN KIT 50'S CHRISTMAS,4.0,2023-07-23 15:31:03,2.47,12757,9.88
540476,85123A,WHITE HANGING HEART T-LIGHT HOLDER,3.0,2023-07-23 15:31:03,2.61,12757,7.83
540476,20725,LUNCH BAG RED RETROSPOT,2.0,2023-07-23 15:31:03,1.63,12757,3.26
540476,85099B,JUMBO BAG RED RETROSPOT,1.0,2023-07-23 15:31:03,1.96,12757,1.96
540476,21931,JUMBO STORAGE BAG SUKI,1.0,2023-07-23 15:31:03,1.97,12757,1.97
540477,84029G,KNITTED UNION FLAG HOT WATER BOTTLE,1.0,2023-06-12 01:40:19,3.31,13111,3.31
540478,20728,LUNCH BAG CARS BLUE,3.0,2023-10-22 14:14:42,1.57,12787,4.71
540478,47566,PARTY BUNTING,1.0,2023-10-22 14:14:42,4.43,12787,4.43
540478,84029E,RED WOOLLY HOTTIE WHITE HEART.,1.0,2023-10-22 14:14:42,3.5,12787,3.5
540478,71053,WHITE METAL LANTERN,2.0,2023-10-22 14:14:42,3.33,12787,6.66
540478,22748,POPPY'S PLAYHOUSE KITCHEN,1.0,2023-10-22 14:14:42,2.02,12787,2.02
540479,84969,BOX OF 6 ASSORTED COLOUR TEASPOONS,6.0,2023-09-18 06:21:32,4.16,12868,24.96
540479,22386,JUMBO BAG PINK POLKADOT,1.0,2023-09-18 06:21:32,2.03,12868,2.03
540479,22086,PAPER CHAIN KIT 50'S CHRISTMAS,2.0,2023-09-18 06:21:32,2.44,12868,4.88
540479,20728,LUNCH BAG CARS BLUE,6.0,2023-09-18 06:21:32,1.65,12868,9.9
540479,22411,JUMBO SHOPPER VINTAGE RED PAISLEY,3.0,2023-09-18 06:21:32,1.87,12868,5.61
540479,85099B,JUMBO BAG RED RETROSPOT,4.0,2023-09-18 06:21:32,2.05,12868,8.2
540480,22383,LUNCH BAG SUKI DESIGN,1.0,2023-06-14 00:05:09,1.71,12835,1.71
540480,84406B,CREAM CUPID HEARTS COAT HANGER,1.0,2023-06-14 00:05:09,2.71,12835,2.71
540480,21931,JUMBO STORAGE BAG SUKI,1.0,2023-06-14 00:05:09,1.9,12835,1.9
540482,84969,BOX OF 6 ASSORTED COLOUR TEASPOONS,3.0,2023-09-25 12:56:39,4.4,13081,13.2
540482,20728,LUNCH BAG CARS BLUE,2.0,2023-09-25 12:56:39,1.58,13081,3.16
540482,85123A,WHITE HANGING HEART T-LIGHT HOLDER,1.0,2023-09-25 12:56:39,2.59,13081,2.59
540482,22749,POPPY'S PLAYHOUSE LIVINGROOM,2.0,2023-09-25 12:56:39,2.1,13081,4.2
540483,84029E,RED WOOLLY HOTTIE WHITE HEART.,2.0,2023-11-20 09:04:16,3.38,12387,6.76
540483,20726,LUNCH BAG WOODLAND,2.0,2023-11-20 09:04:16,1.61,12387,3.22
540483,71053,WHITE METAL LANTERN,2.0,2023-11-20 09:04:16,3.31,12387,6.62
540483,22633,HAND WARMER UNION JACK,4.0,2023-11-20 09:04:16,1.86,12387,7.44
540484,22632,HAND WARMER RED POLKA DOT,1.0,2023-10-14 19:19:29,1.88,12500,1.88
540485,71053,WHITE METAL LANTERN,1.0,2023-10-11 06:42:53,3.24,12877,3.24
540485,85099F,JUMBO BAG STRAWBERRY,2.0,2023-10-11 06:42:53,1.98,12877,3.96
540486,22632,HAND WARMER RED POLKA DOT,2.0,2023-08-20 03:26:29,1.94,12961,3.88
540486,20727,LUNCH BAG BLACK SKULL.,1.0,2023-08-20 03:26:29,1.64,12961,1.64
540486,85123A,WHITE HANGING HEART T-LIGHT HOLDER,1.0,2023-08-20 03:26:29,2.49,12961,2.49
540486,84969,BOX OF 6 ASSORTED COLOUR TEASPOONS,2.0,2023-08-20 03:26:29,4.23,12961,8.46
540486,22383,LUNCH BAG SUKI DESIGN,1.0,2023-08-20 03:26:29,1.62,12961,1.62
540488,22749,POPPY'S PLAYHOUSE LIVINGROOM,2.0,2023-10-18 21:41:38,2.03,12859,4.06
540488,20726,LUNCH BAG WOODLAND,2.0,2023-10-18 21:41:38,1.66,12859,3.32
540488,84969,BOX OF 6 ASSORTED COLOUR TEASPOONS,2.0,2023-10-18 21:41:38,4.08,12859,8.16
540489,22086,PAPER CHAIN KIT 50'S CHRISTMAS,2.0,2023-06-17 23:07:11,2.59,12837,5.18
540489,22748,POPPY'S PLAYHOUSE KITCHEN,6.0,2023-06-17 23:07:11,2.14,12837,12.84
540489,22411,JUMBO SHOPPER VINTAGE RED PAISLEY,1.0,2023-06-17 23:07:11,1.98,12837,1.98
540489,21730,GLASS STAR FROSTED T-LIGHT HOLDER,3.0,2023-06-17 23:07:11,4.36,12837,13.08
540489,22382,LUNCH BAG SPACEBOY DESIGN,1.0,2023-06-17 23:07:11,1.73,12837,1.73
540489,20725,LUNCH BAG RED RETROSPOT,3.0,2023-06-17 23:07:11,1.71,12837,5.13
540491,22749,POPPY'S PLAYHOUSE LIVINGROOM,1.0,2023-09-14 15:47:47,2.07,12917,2.07
540491,84969,BOX OF 6 ASSORTED COLOUR TEASPOONS,1.0,2023-09-14 15:47:47,4.32,12917,4.32
540491,22310,IVORY KNITTED MUG COSY,6.0,2023-09-14 15:47:47,1.69,12917,10.14
540491,20727,LUNCH BAG BLACK SKULL.,1.0,2023-09-14 15:47:47,1.6,12917,1.6
540491,22633,HAND WARMER UNION JACK,4.0,2023-09-14 15:47:47,1.88,12917,7.52
540492,22411,JUMBO SHOPPER VINTAGE RED PAISLEY,1.0,2023-05-22 02:06:01,1.92,13021,1.92
540492,85123A,WHITE HANGING HEART T-LIGHT HOLDER,3.0,2023-05-22 02:06:01,2.44,13021,7.32
540493,22310,IVORY KNITTED MUG COSY,2.0,2023-07-11 04:08:48,1.72,12462,3.44
540493,84029G,KNITTED UNION FLAG HOT WATER BOTTLE,6.0,2023-07-11 04:08:48,3.51,12462,21.06
540493,71053,WHITE METAL LANTERN,2.0,2023-07-11 04:08:48,3.46,12462,6.92
540495,84406B,CREAM CUPID HEARTS COAT HANGER,6.0,2023-10-18 15:07:02,2.67,12757,16.02
540495,22749,POPPY'S PLAYHOUSE LIVINGROOM,2.0,2023-10-18 15:07:02,2.15,12757,4.3
540495,22632,HAND WARMER RED POLKA DOT,3.0,2023-10-18 15:07:02,1.81,12757,5.43
540495,84029E,RED WOOLLY HOTTIE WHITE HEART.,1.0,2023-10-18 15:07:02,3.35,12757,3.35
540495,84969,BOX OF 6 ASSORTED COLOUR TEASPOONS,2.0,2023-10-18 15:07:02,4.38,12757,8.76
540496,22749,POPPY'S PLAYHOUSE LIVINGROOM,1.0,2023-07-15 20:49:10,2.17,12626,2.17
540496,22382,LUNCH BAG SPACEBOY DESIGN,1.0,2023-07-15 20:49:10,1.57,12626,1.57
540496,21730,GLASS STAR FROSTED T-LIGHT HOLDER,4.0,2023-07-15 20:49:10,4.09,12626,16.36
540496,20726,LUNCH BAG WOODLAND,6.0,2023-07-15 20:49:10,1.57,12626,9.42
540496,22411,JUMBO SHOPPER VINTAGE RED PAISLEY,3.0,2023-07-15 20:49:10,2.04,12626,6.12
540497,22310,IVORY KNITTED MUG COSY,2.0,2023-05-12 01:11:14,1.65,12877,3.3
540497,84406B,CREAM CUPID HEARTS COAT HANGER,1.0,2023-05-12 01:11:14,2.81,12877,2.81
540498,22411,JUMBO SHOPPER VINTAGE RED PAISLEY,2.0,2023-07-13 13:41:48,1.86,13131,3.72
540499,71053,WHITE METAL LANTERN,4.0,2023-10-15 09:47:45,3.49,13066,13.96
540499,22745,POPPY'S PLAYHOUSE BEDROOM,2.0,2023-10-15 09:47:45,2.11,13066,4.22
540499,84879,ASSORTED COLOUR BIRD ORNAMENT,1.0,2023-10-15 09:47:45,1.64,13066,1.64
540499,84406B,CREAM CUPID HEARTS COAT HANGER,1.0,2023-10-15 09:47:45,2.8,13066,2.8
540499,22633,HAND WARMER UNION JACK,1.0,2023-10-15 09:47:45,1.83,13066,1.83
540500,85099B,JUMBO BAG RED RETROSPOT,6.0,2023-12-01 00:09:21,1.93,12834,11.58
540502,22086,PAPER CHAIN KIT 50'S CHRISTMAS,1.0,2023-03-06 16:38:39,2.66,12538,2.66
540502,22310,IVORY KNITTED MUG COSY,1.0,2023-03-06 16:38:39,1.73,12538,1.73
540502,20728,LUNCH BAG CARS BLUE,3.0,2023-03-06 16:38:39,1.63,12538,4.89
540502,20725,LUNCH BAG RED RETROSPOT,3.0,2023-03-06 16:38:39,1.7,12538,5.1
540502,85099F,JUMBO BAG STRAWBERRY,1.0,2023-03-06 16:38:39,1.92,12538,1.92
540502,22383,LUNCH BAG SUKI DESIGN,1.0,2023-03-06 16:38:39,1.69,12538,1.69
540503,22632,HAND WARMER RED POLKA DOT,1.0,2023-06-29 02:12:47,1.77,13024,1.77
540503,84969,BOX OF 6 ASSORTED COLOUR TEASPOONS,3.0,2023-06-29 02:12:47,4.15,13024,12.45
540504,71053,WHITE METAL LANTERN,2.0,2023-11-22 09:13:12,3.38,12877,6.76
540504,22310,IVORY KNITTED MUG COSY,4.0,2023-11-22 09:13:12,1.63,12877,6.52
540505,21931,JUMBO STORAGE BAG SUKI,1.0,2023-02-15 22:50:13,1.99,12852,1.99
540505,85099F,JUMBO BAG STRAWBERRY,2.0,2023-02-15 22:50:13,1.87,12852,3.74
540505,84406B,CREAM CUPID HEARTS COAT HANGER,1.0,2023-02-15 22:50:13,2.64,12852,2.64
540506,20728,LUNCH BAG CARS BLUE,4.0,2023-05-15 15:04:02,1.72,12735,6.88
540506,84029E,RED WOOLLY HOTTIE WHITE HEART.,2.0,2023-05-15 15:04:02,3.33,12735,6.66
540506,20725,LUNCH BAG RED RETROSPOT,4.0,2023-05-15 15:04:02,1.62,12735,6.48
540506,21931,JUMBO STORAGE BAG SUKI,4.0,2023-05-15 15:04:02,1.92,12735,7.68
540506,22749,POPPY'S PLAYHOUSE LIVINGROOM,4.0,2023-05-15 15:04:02,2.19,12735,8.76
540507,47566,PARTY BUNTING,2.0,2023-09-10 11:50:57,4.66,12877,9.32
540507,22386,JUMBO BAG PINK POLKADOT,1.0,2023-09-10 11:50:57,2.04,12877,2.04
540507,22745,POPPY'S PLAYHOUSE BEDROOM,1.0,2023-09-10 11:50:57,2.09,12877,2.09
540508,22748,POPPY'S PLAYHOUSE KITCHEN,6.0,2023-11-04 08:59:04,2.09,12834,12.54
540508,20726,LUNCH BAG WOODLAND,6.0,2023-11-04 08:59:04,1.72,12834,10.32
540508,71053,WHITE METAL LANTERN,2.0,2023-11-04 08:59:04,3.46,12834,6.92
540508,22384,LUNCH BAG PINK POLKADOT,1.0,2023-11-04 08:59:04,1.64,12834,1.64
540509,22383,LUNCH BAG SUKI DESIGN,3.0,2023-07-17 09:19:10,1.62,12659,4.86
540509,84029E,RED WOOLLY HOTTIE WHITE HEART.,2.0,2023-07-17 09:19:10,3.28,12659,6.56
540509,84029G,KNITTED UNION FLAG HOT WATER BOTTLE,2.0,2023-07-17 09:19:10,3.35,12659,6.7
540510,20725,LUNCH BAG RED RETROSPOT,3.0,2023-08-27 05:54:35,1.66,12415,4.98
540510,20727,LUNCH BAG BLACK SKULL.,1.0,2023-08-27 05:54:35,1.7,12415,1.7
540510,22745,POPPY'S PLAYHOUSE BEDROOM,1.0,2023-08-27 05:54:35,2.03,12415,2.03
540511,21931,JUMBO STORAGE BAG SUKI,3.0,2023-10-15 20:31:33,1.96,12877,5.88
540511,22310,IVORY KNITTED MUG COSY,3.0,2023-10-15 20:31:33,1.72,12877,5.16
540511,85099F,JUMBO BAG STRAWBERRY,2.0,2023-10-15 20:31:33,2.04,12877,4.08
540511,20726,LUNCH BAG WOODLAND,2.0,2023-10-15 20:31:33,1.68,12877,3.36
540511,22383,LUNCH BAG SUKI DESIGN,1.0,2023-10-15 20:31:33,1.72,12877,1.72
540513,84029G,KNITTED UNION FLAG HOT WATER BOTTLE,6.0,2023-06-29 15:22:12,3.39,12881,20.34
540513,22749,POPPY'S PLAYHOUSE LIVINGROOM,1.0,2023-06-29 15:22:12,2.02,12881,2.02
540514,21931,JUMBO STORAGE BAG SUKI,3.0,2023-05-16 17:43:31,1.87,12878,5.61
540515,22384,LUNCH BAG PINK POLKADOT,1.0,2023-09-19 08:55:30,1.72,12877,1.72
540515,47566,PARTY BUNTING,4.0,2023-09-19 08:55:30,4.76,12877,19.04
540515,20728,LUNCH BAG CARS BLUE,1.0,2023-09-19 08:55:30,1.7,12877,1.7
540515,22310,IVORY KNITTED MUG COSY,4.0,2023-09-19 08:55:30,1.62,12877,6.48
540515,22386,JUMBO BAG PINK POLKADOT,1.0,2023-09-19 08:55:30,1.98,12877,1.98
540517,47566,PARTY BUNTING,2.0,2023-04-09 08:21:31,4.77,12500,9.54
540517,84969,BOX OF 6 ASSORTED COLOUR TEASPOONS,6.0,2023-04-09 08:21:31,4.42,12500,26.52
540517,84406B,CREAM CUPID HEARTS COAT HANGER,1.0,2023-04-09 08:21:31,2.62,12500,2.62
540518,22411,JUMBO SHOPPER VINTAGE RED PAISLEY,1.0,2023-08-15 00:04:06,2.05,12923,2.05
540518,84879,ASSORTED COLOUR BIRD ORNAMENT,4.0,2023-08-15 00:04:06,1.67,12923,6.68
540518,22384,LUNCH BAG PINK POLKADOT,3.0,2023-08-15 00:04:06,1.72,12923,5.16
540518,20725,LUNCH BAG RED RETROSPOT,2.0,2023-08-15 00:04:06,1.64,12923,3.28
540520,22383,LUNCH BAG SUKI DESIGN,1.0,2023-09-06 04:05:33,1.68,12877,1.68
540520,20726,LUNCH BAG WOODLAND,2.0,2023-09-06 04:05:33,1.7,12877,3.4
540520,47566,PARTY BUNTING,3.0,2023-09-06 04:05:33,4.43,12877,13.29
540520,22749,POPPY'S PLAYHOUSE LIVINGROOM,1.0,2023-09-06 04:05:33,2.02,12877,2.02
540521,47566,PARTY BUNTING,1.0,2023-11-25 03:00:25,4.84,13058,4.84
540521,22633,HAND WARMER UNION JACK,2.0,2023-11-25 03:00:25,1.91,13058,3.82
540521,84029G,KNITTED UNION FLAG HOT WATER BOTTLE,1.0,2023-11-25 03:00:25,3.37,13058,3.37
540521,21730,GLASS STAR FROSTED T-LIGHT HOLDER,1.0,2023-11-25 03:00:25,4.15,13058,4.15
540521,71053,WHITE METAL LANTERN,1.0,2023-11-25 03:00:25,3.51,13058,3.51
540521,20725,LUNCH BAG RED RETROSPOT,4.0,2023-11-25 03:00:25,1.6,13058,6.4
540522,47566,PARTY BUNTING,1.0,2023-10-20 10:09:42,4.43,12877,4.43
540523,47566,PARTY BUNTING,4.0,2023-03-29 21:49:19,4.56,12389,18.24
540525,84879,ASSORTED COLOUR BIRD ORNAMENT,3.0,2023-02-07 04:03:36,1.66,12415,4.98
540525,22633,HAND WARMER UNION JACK,2.0,2023-02-07 04:03:36,1.89,12415,3.78
540526,85099F,JUMBO BAG STRAWBERRY,4.0,2023-05-31 12:26:49,1.93,13109,7.72
540526,20726,LUNCH BAG WOODLAND,6.0,2023-05-31 12:26:49,1.65,13109,9.9
540526,22383,LUNCH BAG SUKI DESIGN,3.0,2023-05-31 12:26:49,1.65,13109,4.95
540526,84406B,CREAM CUPID HEARTS COAT HANGER,1.0,2023-05-31 12:26:49,2.64,13109,2.64
540527,84029E,RED WOOLLY HOTTIE WHITE HEART.,1.0,2023-07-29 08:04:20,3.43,12655,3.43
540527,22310,IVORY KNITTED MUG COSY,1.0,2023-07-29 08:04:20,1.58,12655,1.58
540527,22411,JUMBO SHOPPER VINTAGE RED PAISLEY,1.0,2023-07-29 08:04:20,2.01,12655,2.01
540527,84406B,CREAM CUPID HEARTS COAT HANGER,2.0,2023-07-29 08:04:20,2.69,12655,5.38
540528,71053,WHITE METAL LANTERN,1.0,2023-09-02 11:43:11,3.32,12595,3.32
540528,85123A,WHITE HANGING HEART T-LIGHT HOLDER,1.0,2023-09-02 11:43:11,2.46,12595,2.46
540528,21931,JUMBO STORAGE BAG SUKI,6.0,2023-09-02 11:43:11,1.89,12595,11.34
540528,22633,HAND WARMER UNION JACK,6.0,2023-09-02 11:43:11,1.83,12595,10.98
540530,22086,PAPER CHAIN KIT 50'S CHRISTMAS,1.0,2023-07-20 21:20:57,2.62,12610,2.62
540530,85099B,JUMBO BAG RED RETROSPOT,1.0,2023-07-20 21:20:57,1.9,12610,1.9
540530,21931,JUMBO STORAGE BAG SUKI,1.0,2023-07-20 21:20:57,2.0,12610,2.0
540530,22748,POPPY'S PLAYHOUSE KITCHEN,2.0,2023-07-20 21:20:57,2.17,12610,4.34
540530,84029G,KNITTED UNION FLAG HOT WATER BOTTLE,3.0,2023-07-20 21:20:57,3.29,12610,9.87
540530,47566,PARTY BUNTING,3.0,2023-07-20 21:20:57,4.6,12610,13.8
540532,85099B,JUMBO BAG RED RETROSPOT,3.0,2023-11-30 11:05:11,1.99,12607,5.97
540532,84969,BOX OF 6 ASSORTED COLOUR TEASPOONS,3.0,2023-11-30 11:05:11,4.12,12607,12.36
540532,85099F,JUMBO BAG STRAWBERRY,1.0,2023-11-30 11:05:11,1.92,12607,1.92
540532,22086,PAPER CHAIN KIT 50'S CHRISTMAS,2.0,2023-11-30 11:05:11,2.51,12607,5.02
540533,22632,HAND WARMER RED POLKA DOT,2.0,2023-03-19 23:27:41,1.76,12877,3.52
540534,84879,ASSORTED COLOUR BIRD ORNAMENT,1.0,2023-11-01 09:11:45,1.73,12875,1.73
540534,84969,BOX OF 6 ASSORTED COLOUR TEASPOONS,3.0,2023-11-01 09:11:45,4.31,12875,12.93
540535,22383,LUNCH BAG SUKI DESIGN,1.0,2023-08-23 19:09:28,1.58,12877,1.58
540535,22310,IVORY KNITTED MUG COSY,2.0,2023-08-23 19:09:28,1.61,12877,3.22
540535,22632,HAND WARMER RED POLKA DOT,1.0,2023-08-23 19:09:28,1.77,12877,1.77
540536,22383,LUNCH BAG SUKI DESIGN,1.0,2023-10-19 18:47:55,1.72,12603,1.72
540536,21931,JUMBO STORAGE BAG SUKI,1.0,2023-10-19 18:47:55,1.97,12603,1.97
540536,20728,LUNCH BAG CARS BLUE,3.0,2023-10-19 18:47:55,1.59,12603,4.77
540536,21730,GLASS STAR FROSTED T-LIGHT HOLDER,1.0,2023-10-19 18:47:55,4.4,12603,4.4
540537,22745,POPPY'S PLAYHOUSE BEDROOM,6.0,2023-04-24 15:15:11,2.08,12927,12.48
540537,71053,WHITE METAL LANTERN,1.0,2023-04-24 15:15:11,3.48,12927,3.48
540537,22748,POPPY'S PLAYHOUSE KITCHEN,1.0,2023-04-24 15:15:11,2.0,12927,2.0
540537,84879,ASSORTED COLOUR BIRD ORNAMENT,2.0,2023-04-24 15:15:11,1.67,12927,3.34
540537,84029E,RED WOOLLY HOTTIE WHITE HEART.,4.0,2023-04-24 15:15:11,3.38,12927,13.52
540538,22633,HAND WARMER UNION JACK,3.0,2023-07-02 14:30:19,1.85,12781,5.55
540538,22384,LUNCH BAG PINK POLKADOT,3.0,2023-07-02 14:30:19,1.59,12781,4.77
540538,85099B,JUMBO BAG RED RETROSPOT,1.0,2023-07-02 14:30:19,1.88,12781,1.88
540538,21730,GLASS STAR FROSTED T-LIGHT HOLDER,1.0,2023-07-02 14:30:19,4.15,12781,4.15
540539,21730,GLASS STAR FROSTED T-LIGHT HOLDER,1.0,2023-10-17 22:53:57,4.07,12496,4.07
540539,22633,HAND WARMER UNION JACK,4.0,2023-10-17 22:53:57,1.92,12496,7.68
540540,20728,LUNCH BAG CARS BLUE,1.0,2023-06-14 20:55:11,1.67,12531,1.67
540540,21931,JUMBO STORAGE BAG SUKI,1.0,2023-06-14 20:55:11,2.0,12531,2.0
540540,22748,POPPY'S PLAYHOUSE KITCHEN,1.0,2023-06-14 20:55:11,2.14,12531,2.14
540540,85099F,JUMBO BAG STRAWBERRY,1.0,2023-06-14 20:55:11,1.94,12531,1.94
540540,22632,HAND WARMER RED POLKA DOT,2.0,2023-06-14 20:55:11,1.83,12531,3.66
540540,22386,JUMBO BAG PINK POLKADOT,3.0,2023-06-14 20:55:11,1.92,12531,5.76
540541,85099F,JUMBO BAG STRAWBERRY,1.0,2023-07-28 23:09:44,2.0,12877,2.0
540541,84029E,RED WOOLLY HOTTIE WHITE HEART.,3.0,2023-07-28 23:09:44,3.42,12877,10.26
540541,20726,LUNCH BAG WOODLAND,1.0,2023-07-28 23:09:44,1.72,12877,1.72
540541,84406B,CREAM CUPID HEARTS COAT HANGER,1.0,2023-07-28 23:09:44,2.62,12877,2.62
540543,20725,LUNCH BAG RED RETROSPOT,6.0,2023-05-20 11:50:06,1.66,12347,9.96
540543,22632,HAND WARMER RED POLKA DOT,2.0,2023-05-20 11:50:06,1.81,12347,3.62
540543,84879,ASSORTED COLOUR BIRD ORNAMENT,4.0,2023-05-20 11:50:06,1.66,12347,6.64
540543,20727,LUNCH BAG BLACK SKULL.,1.0,2023-05-20 11:50:06,1.72,12347,1.72
540543,21730,GLASS STAR FROSTED T-LIGHT HOLDER,1.0,2023-05-20 11:50:06,4.36,12347,4.36
540544,47566,PARTY BUNTING,6.0,2023-04-09 03:55:32,4.54,13079,27.24
540546,85099F,JUMBO BAG STRAWBERRY,6.0,2023-05-31 19:30:58,1.87,12354,11.22
540546,22632,HAND WARMER RED POLKA DOT,1.0,2023-05-31 19:30:58,1.92,12354,1.92
540546,22633,HAND WARMER UNION JACK,4.0,2023-05-31 19:30:58,1.84,12354,7.36
540547,71053,WHITE METAL LANTERN,2.0,2023-07-08 21:29:39,3.39,12877,6.78
540550,22386,JUMBO BAG PINK POLKADOT,2.0,2023-09-07 16:43:19,1.99,12396,3.98
540550,20727,LUNCH BAG BLACK SKULL.,1.0,2023-09-07 16:43:19,1.65,12396,1.65
540551,21931,JUMBO STORAGE BAG SUKI,4.0,2023-09-28 02:23:04,1.97,13025,7.88
540551,22411,JUMBO SHOPPER VINTAGE RED PAISLEY,2.0,2023-09-28 02:23:04,2.01,13025,4.02
540551,84029G,KNITTED UNION FLAG HOT WATER BOTTLE,3.0,2023-09-28 02:23:04,3.33,13025,9.99
540552,22086,PAPER CHAIN KIT 50'S CHRISTMAS,2.0,2023-09-25 00:27:31,2.44,12877,4.88
540552,71053,WHITE METAL LANTERN,3.0,2023-09-25 00:27:31,3.41,12877,10.23
540553,22632,HAND WARMER RED POLKA DOT,1.0,2023-10-16 00:57:00,1.94,12877,1.94
540553,22633,HAND WARMER UNION JACK,2.0,2023-10-16 00:57:00,1.91,12877,3.82
540553,85099F,JUMBO BAG STRAWBERRY,1.0,2023-10-16 00:57:00,2.0,12877,2.0
540553,21730,GLASS STAR FROSTED T-LIGHT HOLDER,6.0,2023-10-16 00:57:00,4.27,12877,25.62
540553,84879,ASSORTED COLOUR BIRD ORNAMENT,2.0,2023-10-16 00:57:00,1.76,12877,3.52
540554,22384,LUNCH BAG PINK POLKADOT,1.0,2023-06-06 23:49:46,1.71,12379,1.71
540555,22633,HAND WARMER UNION JACK,1.0,2023-11-15 14:59:43,1.77,12722,1.77
540556,20726,LUNCH BAG WOODLAND,3.0,2023-05-23 00:41:10,1.68,12576,5.04
540556,21730,GLASS STAR FROSTED T-LIGHT HOLDER,4.0,2023-05-23 00:41:10,4.13,12576,16.52
540557,22386,JUMBO BAG PINK POLKADOT,2.0,2023-05-10 12:40:49,1.9,12467,3.8
540557,22745,POPPY'S PLAYHOUSE BEDROOM,4.0,2023-05-10 12:40:49,2.08,12467,8.32
540557,22086,PAPER CHAIN KIT 50'S CHRISTMAS,4.0,2023-05-10 12:40:49,2.66,12467,10.64
540557,22633,HAND WARMER UNION JACK,1.0,2023-05-10 12:40:49,1.94,12467,1.94
540557,20728,LUNCH BAG CARS BLUE,1.0,2023-05-10 12:40:49,1.59,12467,1.59
540558,22745,POPPY'S PLAYHOUSE BEDROOM,1.0,2023-08-05 15:16:20,2.05,12654,2.05
540558,22086,PAPER CHAIN KIT 50'S CHRISTMAS,1.0,2023-08-05 15:16:20,2.54,12654,2.54
540559,84969,BOX OF 6 ASSORTED COLOUR TEASPOONS,3.0,2023-10-28 11:38:32,4.1,13105,12.3
540559,47566,PARTY BUNTING,3.0,2023-10-28 11:38:32,4.7,13105,14.1
540559,84879,ASSORTED COLOUR BIRD ORNAMENT,2.0,2023-10-28 11:38:32,1.63,13105,3.26
540560,20726,LUNCH BAG WOODLAND,2.0,2023-03-03 16:35:07,1.66,13051,3.32
540560,20728,LUNCH BAG CARS BLUE,1.0,2023-03-03 16:35:07,1.66,13051,1.66
540560,85099B,JUMBO BAG RED RETROSPOT,1.0,2023-03-03 16:35:07,2.01,13051,2.01
540560,22382,LUNCH BAG SPACEBOY DESIGN,2.0,2023-03-03 16:35:07,1.71,13051,3.42
540560,84406B,CREAM CUPID HEARTS COAT HANGER,2.0,2023-03-03 16:35:07,2.84,13051,5.68
540560,22411,JUMBO SHOPPER VINTAGE RED PAISLEY,2.0,2023-03-03 16:35:07,2.03,13051,4.06
540561,20726,LUNCH BAG WOODLAND,6.0,2023-12-06 12:48:07,1.71,13051,10.26
540561,22384,LUNCH BAG PINK POLKADOT,1.0,2023-12-06 12:48:07,1.67,13051,1.67
540562,71053,WHITE METAL LANTERN,1.0,2023-04-04 11:39:57,3.55,12821,3.55
540562,21931,JUMBO STORAGE BAG SUKI,2.0,2023-04-04 11:39:57,1.86,12821,3.72
540562,84969,BOX OF 6 ASSORTED COLOUR TEASPOONS,4.0,2023-04-04 11:39:57,4.27,12821,17.08
540562,20726,LUNCH BAG WOODLAND,2.0,2023-04-04 11:39:57,1.58,12821,3.16
540562,84879,ASSORTED COLOUR BIRD ORNAMENT,1.0,2023-04-04 11:39:57,1.61,12821,1.61
540563,22384,LUNCH BAG PINK POLKADOT,2.0,2023-01-27 02:26:50,1.69,12464,3.38
540565,20727,LUNCH BAG BLACK SKULL.,2.0,2023-06-10 18:53:14,1.62,13135,3.24
540565,22745,POPPY'S PLAYHOUSE BEDROOM,2.0,2023-06-10 18:53:14,2.2,13135,4.4
540565,20728,LUNCH BAG CARS BLUE,1.0,2023-06-10 18:53:14,1.58,13135,1.58
540566,22382,LUNCH BAG SPACEBOY DESIGN,1.0,2023-04-16 19:37:49,1.62,12799,1.62
540566,71053,WHITE METAL LANTERN,3.0,2023-04-16 19:37:49,3.52,12799,10.56
540567,20726,LUNCH BAG WOODLAND,3.0,2023-12-05 03:37:28,1.58,13135,4.74
540567,21931,JUMBO STORAGE BAG SUKI,2.0,2023-12-05 03:37:28,1.93,13135,3.86
540567,84969,BOX OF 6 ASSORTED COLOUR TEASPOONS,1.0,2023-12-05 03:37:28,4.41,13135,4.41
540567,22382,LUNCH BAG SPACEBOY DESIGN,1.0,2023-12-05 03:37:28,1.6,13135,1.6
540567,22383,LUNCH BAG SUKI DESIGN,3.0,2023-12-05 03:37:28,1.64,13135,4.92
540568,22748,POPPY'S PLAYHOUSE KITCHEN,4.0,2023-11-21 09:33:26,2.07,12401,8.28
540568,22382,LUNCH BAG SPACEBOY DESIGN,3.0,2023-11-21 09:33:26,1.58,12401,4.74
540569,85123A,WHITE HANGING HEART T-LIGHT HOLDER,4.0,2023-01-29 09:24:44,2.67,12787,10.68
540569,20727,LUNCH BAG BLACK SKULL.,6.0,2023-01-29 09:24:44,1.7,12787,10.2
540570,84029E,RED WOOLLY HOTTIE WHITE HEART.,2.0,2023-11-21 08:56:13,3.32,12587,6.64
540571,21730,GLASS STAR FROSTED T-LIGHT HOLDER,1.0,2023-03-22 14:23:49,4.05,13081,4.05
540571,22633,HAND WARMER UNION JACK,1.0,2023-03-22 14:23:49,1.94,13081,1.94
540572,20726,LUNCH BAG WOODLAND,1.0,2023-07-06 09:01:24,1.59,12881,1.59
540572,47566,PARTY BUNTING,2.0,2023-07-06 09:01:24,4.59,12881,9.18
540572,22086,PAPER CHAIN KIT 50'S CHRISTMAS,4.0,2023-07-06 09:01:24,2.61,12881,10.44
540572,20725,LUNCH BAG RED RETROSPOT,6.0,2023-07-06 09:01:24,1.73,12881,10.38
540573,84406B,CREAM CUPID HEARTS COAT HANGER,4.0,2023-06-12 13:47:35,2.76,13125,11.04
540574,22384,LUNCH BAG PINK POLKADOT,3.0,2023-07-31 01:40:25,1.64,12593,4.92
540574,22632,HAND WARMER RED POLKA DOT,1.0,2023-07-31 01:40:25,1.76,12593,1.76
540574,20725,LUNCH BAG RED RETROSPOT,1.0,2023-07-31 01:40:25,1.71,12593,1.71
540574,20728,LUNCH BAG CARS BLUE,1.0,2023-07-31 01:40:25,1.63,12593,1.63
540574,22382,LUNCH BAG SPACEBOY DESIGN,2.0,2023-07-31 01:40:25,1.64,12593,3.28
540575,22383,LUNCH BAG SUKI DESIGN,4.0,2023-08-31 05:06:01,1.6,12787,6.4
540576,22383,LUNCH BAG SUKI DESIGN,1.0,2023-01-11 09:10:16,1.67,12878,1.67
540576,22748,POPPY'S PLAYHOUSE KITCHEN,2.0,2023-01-11 09:10:16,2.09,12878,4.18
540577,84029E,RED WOOLLY HOTTIE WHITE HEART.,4.0,2023-09-14 02:52:52,3.41,12518,13.64
540577,22745,POPPY'S PLAYHOUSE BEDROOM,1.0,2023-09-14 02:52:52,2.08,12518,2.08
540577,22383,LUNCH BAG SUKI DESIGN,1.0,2023-09-14 02:52:52,1.58,12518,1.58
540577,85123A,WHITE HANGING HEART T-LIGHT HOLDER,2.0,2023-09-14 02:52:52,2.5,12518,5.0
540577,84879,ASSORTED COLOUR BIRD ORNAMENT,2.0,2023-09-14 02:52:52,1.72,12518,3.44
540578,21730,GLASS STAR FROSTED T-LIGHT HOLDER,1.0,2023-09-02 08:40:45,4.32,12578,4.32
540578,22748,POPPY'S PLAYHOUSE KITCHEN,1.0,2023-09-02 08:40:45,2.05,12578,2.05
540579,47566,PARTY BUNTING,3.0,2023-10-11 03:11:23,4.55,12438,13.65
540579,84879,ASSORTED COLOUR BIRD ORNAMENT,2.0,2023-10-11 03:11:23,1.72,12438,3.44
540579,71053,WHITE METAL LANTERN,4.0,2023-10-11 03:11:23,3.53,12438,14.12
540579,22310,IVORY KNITTED MUG COSY,4.0,2023-10-11 03:11:23,1.73,12438,6.92
540581,22411,JUMBO SHOPPER VINTAGE RED PAISLEY,2.0,2023-09-13 09:29:52,2.04,12682,4.08
540581,85099F,JUMBO BAG STRAWBERRY,1.0,2023-09-13 09:29:52,1.99,12682,1.99
540581,71053,WHITE METAL LANTERN,1.0,2023-09-13 09:29:52,3.47,12682,3.47
540581,84029E,RED WOOLLY HOTTIE WHITE HEART.,1.0,2023-09-13 09:29:52,3.54,12682,3.54
540581,22383,LUNCH BAG SUKI DESIGN,1.0,2023-09-13 09:29:52,1.61,12682,1.61
540581,84969,BOX OF 6 ASSORTED COLOUR TEASPOONS,3.0,2023-09-13 09:29:52,4.44,12682,13.32
540582,84879,ASSORTED COLOUR BIRD ORNAMENT,2.0,2023-10-08 07:19:07,1.62,12820,3.24
540582,22310,IVORY KNITTED MUG COSY,2.0,2023-10-08 07:19:07,1.63,12820,3.26
540582,22745,POPPY'S PLAYHOUSE BEDROOM,4.0,2023-10-08 07:19:07,2.05,12820,8.2
540582,85123A,WHITE HANGING HEART T-LIGHT HOLDER,1.0,2023-10-08 07:19:07,2.51,12820,2.51
540583,85099B,JUMBO BAG RED RETROSPOT,3.0,2023-07-03 19:39:11,1.92,13145,5.76
540584,85099F,JUMBO BAG STRAWBERRY,2.0,2023-04-10 03:05:25,2.02,12553,4.04
540584,84879,ASSORTED COLOUR BIRD ORNAMENT,2.0,2023-04-10 03:05:25,1.67,12553,3.34
540585,84029G,KNITTED UNION FLAG HOT WATER BOTTLE,2.0,2023-05-07 14:00:38,3.49,12877,6.98
540586,21730,GLASS STAR FROSTED T-LIGHT HOLDER,6.0,2023-08-19 10:46:52,4.41,12877,26.46
540587,21931,JUMBO STORAGE BAG SUKI,6.0,2023-06-04 02:55:14,1.95,12815,11.7
540587,47566,PARTY BUNTING,1.0,2023-06-04 02:55:14,4.61,12815,4.61
540587,20727,LUNCH BAG BLACK SKULL.,2.0,2023-06-04 02:55:14,1.66,12815,3.32
540589,22382,LUNCH BAG SPACEBOY DESIGN,6.0,2023-08-22 06:29:38,1.62,13063,9.72
540591,22749,POPPY'S PLAYHOUSE LIVINGROOM,2.0,2023-07-22 16:51:04,2.12,12736,4.24
540591,22386,JUMBO BAG PINK POLKADOT,1.0,2023-07-22 16:51:04,1.89,12736,1.89
540591,22411,JUMBO SHOPPER VINTAGE RED PAISLEY,1.0,2023-07-22 16:51:04,1.98,12736,1.98
540592,84406B,CREAM CUPID HEARTS COAT HANGER,1.0,2023-06-05 22:16:46,2.82,12835,2.82
540592,22386,JUMBO BAG PINK POLKADOT,1.0,2023-06-05 22:16:46,1.93,12835,1.93
540592,22411,JUMBO SHOPPER VINTAGE RED PAISLEY,2.0,2023-06-05 22:16:46,2.0,12835,4.0
540592,84879,ASSORTED COLOUR BIRD ORNAMENT,2.0,2023-06-05 22:16:46,1.65,12835,3.3
540593,22749,POPPY'S PLAYHOUSE LIVINGROOM,4.0,2023-04-26 04:49:21,2.17,12878,8.68
540593,20726,LUNCH BAG WOODLAND,3.0,2023-04-26 04:49:21,1.57,12878,4.71
540593,20725,LUNCH BAG RED RETROSPOT,1.0,2023-04-26 04:49:21,1.66,12878,1.66
540593,84029E,RED WOOLLY HOTTIE WHITE HEART.,1.0,2023-04-26 04:49:21,3.43,12878,3.43
540593,22745,POPPY'S PLAYHOUSE BEDROOM,6.0,2023-04-26 04:49:21,2.05,12878,12.3
540593,22310,IVORY KNITTED MUG COSY,6.0,2023-04-26 04:49:21,1.57,12878,9.42
540594,22086,PAPER CHAIN KIT 50'S CHRISTMAS,1.0,2023-03-23 06:11:07,2.65,12817,2.65
540594,20725,LUNCH BAG RED RETROSPOT,6.0,2023-03-23 06:11:07,1.72,12817,10.32
540594,21730,GLASS STAR FROSTED T-LIGHT HOLDER,1.0,2023-03-23 06:11:07,4.36,12817,4.36
540594,22386,JUMBO BAG PINK POLKADOT,2.0,2023-03-23 06:11:07,1.96,12817,3.92
540595,20728,LUNCH BAG CARS BLUE,2.0,2023-06-26 22:04:33,1.69,12765,3.38
540596,20728,LUNCH BAG CARS BLUE,3.0,2023-09-08 09:04:06,1.62,13053,4.86
540596,84879,ASSORTED COLOUR BIRD ORNAMENT,6.0,2023-09-08 09:04:06,1.66,13053,9.96
540597,84029E,RED WOOLLY HOTTIE WHITE HEART.,1.0,2023-04-02 18:13:37,3.26,12878,3.26
540597,22383,LUNCH BAG SUKI DESIGN,1.0,2023-04-02 18:13:37,1.62,12878,1.62
540597,22632,HAND WARMER RED POLKA DOT,1.0,2023-04-02 18:13:37,1.76,12878,1.76
540599,20728,LUNCH BAG CARS BLUE,1.0,2023-10-17 00:57:09,1.68,12878,1.68
540599,20727,LUNCH BAG BLACK SKULL.,1.0,2023-10-17 00:57:09,1.67,12878,1.67
540600,22386,JUMBO BAG PINK POLKADOT,1.0,2023-05-15 05:45:34,1.88,12877,1.88
540601,22748,POPPY'S PLAYHOUSE KITCHEN,2.0,2023-11-19 08:05:17,2.06,12792,4.12
540601,20725,LUNCH BAG RED RETROSPOT,1.0,2023-11-19 08:05:17,1.7,12792,1.7
540601,20728,LUNCH BAG CARS BLUE,1.0,2023-11-19 08:05:17,1.57,12792,1.57
540602,22632,HAND WARMER RED POLKA DOT,2.0,2023-08-03 22:03:07,1.79,12877,3.58
540602,71053,WHITE METAL LANTERN,2.0,2023-08-03 22:03:07,3.36,12877,6.72
540602,20726,LUNCH BAG WOODLAND,2.0,2023-08-03 22:03:07,1.62,12877,3.24
540602,22310,IVORY KNITTED MUG COSY,2.0,2023-08-03 22:03:07,1.63,12877,3.26
540603,22745,POPPY'S PLAYHOUSE BEDROOM,3.0,2023-10-29 23:54:04,2.12,12923,6.36
540604,84879,ASSORTED COLOUR BIRD ORNAMENT,4.0,2023-11-19 03:33:02,1.71,12845,6.84
540604,22386,JUMBO BAG PINK POLKADOT,4.0,2023-11-19 03:33:02,2.01,12845,8.04
540605,84029E,RED WOOLLY HOTTIE WHITE HEART.,1.0,2023-07-17 17:56:37,3.32,12878,3.32
540605,22384,LUNCH BAG PINK POLKADOT,4.0,2023-07-17 17:56:37,1.61,12878,6.44
540605,22386,JUMBO BAG PINK POLKADOT,1.0,2023-07-17 17:56:37,2.0,12878,2.0
540605,22745,POPPY'S PLAYHOUSE BEDROOM,1.0,2023-07-17 17:56:37,2.0,12878,2.0
540605,85099F,JUMBO BAG STRAWBERRY,4.0,2023-07-17 17:56:37,1.9,12878,7.6
540606,22632,HAND WARMER RED POLKA DOT,2.0,2023-06-19 16:34:24,1.87,12662,3.74
540606,84879,ASSORTED COLOUR BIRD ORNAMENT,1.0,2023-06-19 16:34:24,1.74,12662,1.74
540606,20726,LUNCH BAG WOODLAND,1.0,2023-06-19 16:34:24,1.61,12662,1.61
540607,22383,LUNCH BAG SUKI DESIGN,2.0,2023-10-06 06:17:26,1.58,12878,3.16
540607,22384,LUNCH BAG PINK POLKADOT,1.0,2023-10-06 06:17:26,1.64,12878,1.64
540607,84406B,CREAM CUPID HEARTS COAT HANGER,1.0,2023-10-06 06:17:26,2.78,12878,2.78
540607,21931,JUMBO STORAGE BAG SUKI,1.0,2023-10-06 06:17:26,1.88,12878,1.88
540608,22086,PAPER CHAIN KIT 50'S CHRISTMAS,3.0,2023-06-02 15:04:53,2.62,12845,7.86
540608,20728,LUNCH BAG CARS BLUE,1.0,2023-06-02 15:04:53,1.69,12845,1.69
540608,85099B,JUMBO BAG RED RETROSPOT,1.0,2023-06-02 15:04:53,1.97,12845,1.97
540608,22411,JUMBO SHOPPER VINTAGE RED PAISLEY,3.0,2023-06-02 15:04:53,1.89,12845,5.67
540608,84406B,CREAM CUPID HEARTS COAT HANGER,1.0,2023-06-02 15:04:53,2.85,12845,2.85
